query_id,timestamp,session_id,visitor_id,channel,language,visitor_type,visitor_origin,query_type,site_referenced,region_referenced,sentiment,response_time_seconds,resolved,is_emergency
QRY-002750,2026-06-01 06:08,SESS-001085,VIS-01086,text,French,domestic,North,opening_hours,Artisanal Village & Flower Market,Littoral,positive,0.8,True,False
QRY-001521,2026-06-01 06:38,SESS-000608,VIS-00609,text,French,domestic,Centre,cultural_info,Mefou Primate Sanctuary,Centre,positive,5.3,True,False
QRY-000007,2026-06-01 06:42,SESS-000005,VIS-00006,text,French,domestic,Centre,directions,Down Beach & Batoke Beach,South West,neutral,2.7,True,False
QRY-005231,2026-06-01 07:32,SESS-002073,VIS-02074,text,English,domestic,East,transport_fare,Douala-Edea Wildlife Reserve,Littoral,positive,4.0,True,False
QRY-003929,2026-06-01 07:56,SESS-001560,VIS-01561,text,French,domestic,Littoral,booking_interest,Down Beach Roasted Fish Sheds,South West,positive,2.8,True,False
QRY-000681,2026-06-01 07:57,SESS-000276,VIS-00277,text,English,domestic,North West,pricing,Artisanal Village & Flower Market,Littoral,neutral,3.0,True,False
QRY-005176,2026-06-01 07:57,SESS-002052,VIS-02053,voice_note,French,domestic,Littoral,pricing,Artisanal Village & Flower Market,Littoral,neutral,4.3,True,False
QRY-002643,2026-06-01 08:04,SESS-001047,VIS-01048,text,French,foreign,China,directions,Marche Sandaga & Deido Soya,Littoral,neutral,3.9,True,False
QRY-003291,2026-06-01 09:07,SESS-001316,VIS-01317,voice_note,English,foreign,South Africa,directions,Grand Batanga & Luma Museum,South,neutral,3.4,True,False
QRY-002545,2026-06-01 09:17,SESS-001015,VIS-01016,text,English,domestic,North West,pricing,Musee Maritime de Douala,Littoral,negative,3.6,True,False
QRY-006122,2026-06-01 09:24,SESS-002441,VIS-02442,voice_note,English,foreign,Equatorial Guinea,directions,Bimbia Slave Trade Port,South West,positive,2.9,True,False
QRY-002050,2026-06-01 09:29,SESS-000816,VIS-00817,text,French,foreign,Gabon,booking_interest,Musee Maritime de Douala,Littoral,positive,2.4,True,False
QRY-002804,2026-06-01 09:44,SESS-001106,VIS-01107,text,English,domestic,East,directions,Hotel Ilomba,South,positive,3.7,True,False
QRY-003731,2026-06-01 09:57,SESS-001484,VIS-01485,text,French,domestic,East,cultural_info,Star Land Hotel Bastos,Centre,neutral,3.5,True,False
QRY-005797,2026-06-01 10:00,SESS-002319,VIS-02320,text,Pidgin,domestic,South,directions,Marche Sandaga & Deido Soya,Littoral,neutral,4.2,True,False
QRY-005917,2026-06-01 10:08,SESS-002373,VIS-02374,voice_note,French,domestic,East,directions,Krystal Palace Douala,Littoral,negative,3.3,True,False
QRY-002237,2026-06-01 10:18,SESS-000894,VIS-00895,text,English,domestic,Adamawa,transport_fare,Palais Royal de Foumban & Museum,West,negative,4.0,True,False
QRY-001097,2026-06-01 10:25,SESS-000431,VIS-00432,text,French,domestic,South West,cultural_info,Domaine du Petpenoun,West,positive,2.7,True,False
QRY-003425,2026-06-01 10:28,SESS-001367,VIS-01368,text,French,domestic,East,booking_interest,Artisanal Village & Flower Market,Littoral,positive,1.6,True,False
QRY-003101,2026-06-01 10:41,SESS-001234,VIS-01235,text,English,foreign,USA,transport_fare,Limbe Wildlife Centre,South West,positive,2.0,True,False
QRY-004355,2026-06-01 10:43,SESS-001714,VIS-01715,text,Pidgin,domestic,North,opening_hours,Bimbia Slave Trade Port,South West,neutral,3.1,True,False
QRY-005384,2026-06-01 11:13,SESS-002136,VIS-02137,text,French,domestic,West,booking_interest,Marche Sandaga & Deido Soya,Littoral,positive,2.9,True,False
QRY-001794,2026-06-01 13:21,SESS-000715,VIS-00716,text,English,foreign,UK,opening_hours,Mont Febe & Golf Club,Centre,neutral,2.4,True,False
QRY-004875,2026-06-01 13:25,SESS-001927,VIS-01928,text,French,domestic,Far North,directions,West Region Gastronomy Spots,West,positive,4.0,True,False
QRY-004055,2026-06-01 13:27,SESS-001603,VIS-01604,text,English,foreign,France,opening_hours,Bimbia Slave Trade Port,South West,positive,3.9,True,False
QRY-003398,2026-06-01 13:37,SESS-001359,VIS-01360,text,English,domestic,Littoral,opening_hours,Mvog-Betsi Zoo & Botanical Garden,Centre,neutral,3.9,True,False
QRY-004496,2026-06-01 13:40,SESS-001769,VIS-01770,voice_note,English,foreign,USA,pricing,Chez Wou & La Salsa,Centre,positive,2.7,True,False
QRY-005765,2026-06-01 13:46,SESS-002304,VIS-02305,text,Pidgin,foreign,Chad,cultural_info,Palais des Rois Bell (Pagode),Littoral,neutral,2.9,True,False
QRY-004235,2026-06-01 14:19,SESS-001675,VIS-01676,text,French,foreign,UK,booking_interest,Les Gites de Kribi,South,neutral,2.9,True,False
QRY-002943,2026-06-01 14:31,SESS-001160,VIS-01161,text,French,domestic,East,directions,Domaine du Petpenoun,West,positive,1.7,True,False
QRY-005733,2026-06-01 15:03,SESS-002288,VIS-02289,text,French,domestic,West,directions,Musee Maritime de Douala,Littoral,neutral,4.0,True,False
QRY-000038,2026-06-01 15:27,SESS-000015,VIS-00016,voice_note,English,domestic,South West,booking_interest,Monument de la Reunification,Centre,positive,3.8,True,False
QRY-001593,2026-06-01 15:28,SESS-000631,VIS-00632,text,English,domestic,West,directions,Grand Batanga & Luma Museum,South,positive,2.2,True,False
QRY-005362,2026-06-01 15:29,SESS-002134,VIS-02135,text,French,domestic,Far North,directions,Hotel Zingana,West,positive,4.8,True,False
QRY-004961,2026-06-01 15:47,SESS-001959,VIS-01960,text,English,domestic,East,pricing,Limbe Wildlife Centre,South West,neutral,1.8,True,False
QRY-005350,2026-06-01 15:54,SESS-002128,VIS-02129,text,Pidgin,foreign,Nigeria,emergency_sos,Mvog-Betsi Zoo & Botanical Garden,Centre,negative,1.4,False,True
QRY-004247,2026-06-01 16:06,SESS-001677,VIS-01678,text,French,foreign,Gabon,transport_fare,Musee Maritime de Douala,Littoral,neutral,1.2,True,False
QRY-001880,2026-06-01 16:09,SESS-000749,VIS-00750,text,French,foreign,France,directions,Pullman Douala Rabingha,Littoral,neutral,1.5,True,False
QRY-000866,2026-06-01 16:19,SESS-000340,VIS-00341,text,English,foreign,Germany,pricing,Star Land Hotel Bastos,Centre,negative,3.5,True,False
QRY-003243,2026-06-01 17:14,SESS-001298,VIS-01299,text,French,domestic,Centre,cultural_info,Down Beach & Batoke Beach,South West,neutral,4.9,True,False
QRY-001586,2026-06-01 17:25,SESS-000628,VIS-00629,text,English,domestic,West,pricing,Hotel Zingana,West,neutral,2.5,True,False
QRY-003466,2026-06-01 17:29,SESS-001382,VIS-01383,voice_note,Pidgin,domestic,East,opening_hours,Grand Batanga & Luma Museum,South,neutral,3.0,True,False
QRY-003411,2026-06-01 18:00,SESS-001362,VIS-01363,text,English,foreign,Canada,cultural_info,Domaine du Petpenoun,West,neutral,2.6,True,False
QRY-003113,2026-06-01 18:47,SESS-001241,VIS-01242,text,French,domestic,Littoral,pricing,Marche Sandaga & Deido Soya,Littoral,neutral,2.3,True,False
QRY-000615,2026-06-01 19:01,SESS-000255,VIS-00256,text,English,domestic,Adamawa,cultural_info,Campo Ma'an National Park,South,neutral,2.5,True,False
QRY-005467,2026-06-01 20:08,SESS-002174,VIS-02175,text,English,foreign,UK,transport_fare,Chez Wou & La Salsa,Centre,neutral,1.1,True,False
QRY-000115,2026-06-01 20:21,SESS-000052,VIS-00053,text,Pidgin,domestic,North,directions,Grand Batanga & Luma Museum,South,positive,4.7,True,False
QRY-003277,2026-06-01 21:23,SESS-001310,VIS-01311,text,French,domestic,North,pricing,Bimbia Slave Trade Port,South West,neutral,2.5,True,False
QRY-000924,2026-06-01 22:01,SESS-000367,VIS-00368,text,French,foreign,Canada,transport_fare,Rue des Artisans,West,neutral,3.7,True,False
QRY-001208,2026-06-01 22:18,SESS-000478,VIS-00479,text,French,domestic,Far North,directions,Star Land Hotel Bastos,Centre,neutral,2.7,True,False
QRY-004360,2026-06-01 22:22,SESS-001715,VIS-01716,text,English,foreign,Belgium,cultural_info,Bimbia Slave Trade Port,South West,neutral,2.5,True,False
QRY-004765,2026-06-01 22:30,SESS-001883,VIS-01884,text,English,domestic,Far North,pricing,Chutes de la Lobe,South,neutral,3.4,True,False
QRY-005604,2026-06-01 22:59,SESS-002233,VIS-02234,text,French,foreign,Nigeria,pricing,L'Ovalie & La Fourchette,Littoral,neutral,2.8,True,False
QRY-001668,2026-06-02 07:09,SESS-000667,VIS-00668,voice_note,French,domestic,North,opening_hours,West Region Gastronomy Spots,West,neutral,4.1,True,False
QRY-003761,2026-06-02 07:41,SESS-001500,VIS-01501,text,French,domestic,Adamawa,pricing,Artisanal Village & Flower Market,Littoral,negative,3.8,True,False
QRY-005946,2026-06-02 07:43,SESS-002384,VIS-02385,text,English,foreign,Germany,opening_hours,Mvog-Betsi Zoo & Botanical Garden,Centre,positive,2.9,True,False
QRY-000562,2026-06-02 08:01,SESS-000237,VIS-00238,text,French,domestic,South,general_chat,,South West,neutral,5.8,True,False
QRY-005627,2026-06-02 08:07,SESS-002240,VIS-02241,text,Pidgin,domestic,West,opening_hours,Monument de la Reunification,Centre,positive,2.3,True,False
QRY-004230,2026-06-02 08:18,SESS-001671,VIS-01672,voice_note,English,domestic,Adamawa,pricing,Plage de Kribi (Tara Plage),South,negative,2.8,True,False
QRY-004856,2026-06-02 08:26,SESS-001917,VIS-01918,text,Pidgin,foreign,Nigeria,cultural_info,Hotel Ilomba,South,positive,3.0,True,False
QRY-002973,2026-06-02 09:02,SESS-001170,VIS-01171,voice_note,French,domestic,Adamawa,cultural_info,Mount Cameroon (Upper Farms),South West,positive,4.5,True,False
QRY-000033,2026-06-02 09:24,SESS-000012,VIS-00013,text,English,domestic,Littoral,cultural_info,Rue des Artisans,West,neutral,3.7,True,False
QRY-005644,2026-06-02 09:58,SESS-002251,VIS-02252,voice_note,French,foreign,China,booking_interest,Musee National de Yaounde,Centre,positive,3.7,True,False
QRY-003056,2026-06-02 10:00,SESS-001209,VIS-01210,text,English,domestic,South West,directions,Plage de Kribi (Tara Plage),South,neutral,4.2,True,False
QRY-002996,2026-06-02 10:34,SESS-001183,VIS-01184,text,English,domestic,Adamawa,directions,Hotel Zingana,West,neutral,3.2,True,False
QRY-004154,2026-06-02 11:20,SESS-001642,VIS-01643,voice_note,English,foreign,Chad,cultural_info,Musee National de Yaounde,Centre,neutral,3.0,True,False
QRY-004548,2026-06-02 11:21,SESS-001794,VIS-01795,text,French,foreign,China,pricing,Chez Wou & La Salsa,Centre,negative,1.1,True,False
QRY-005919,2026-06-02 11:25,SESS-002374,VIS-02375,text,English,foreign,USA,transport_fare,Bimbia Slave Trade Port,South West,positive,4.1,True,False
QRY-004053,2026-06-02 11:31,SESS-001603,VIS-01604,text,English,domestic,South West,general_chat,,East,positive,1.9,True,False
QRY-003141,2026-06-02 12:29,SESS-001253,VIS-01254,text,Pidgin,foreign,Gabon,emergency_sos,L'Ovalie & La Fourchette,Littoral,negative,0.9,True,True
QRY-005405,2026-06-02 12:55,SESS-002145,VIS-02146,text,French,foreign,South Africa,opening_hours,Hilton Yaounde,Centre,positive,3.7,True,False
QRY-002944,2026-06-02 13:27,SESS-001160,VIS-01161,text,English,domestic,West,opening_hours,Down Beach & Batoke Beach,South West,neutral,3.7,True,False
QRY-003922,2026-06-02 14:04,SESS-001558,VIS-01559,voice_note,French,domestic,East,transport_fare,L'Ovalie & La Fourchette,Littoral,positive,3.8,True,False
QRY-004220,2026-06-02 14:27,SESS-001668,VIS-01669,voice_note,French,domestic,Far North,transport_fare,Musee Maritime de Douala,Littoral,negative,4.7,True,False
QRY-000748,2026-06-02 14:57,SESS-000295,VIS-00296,voice_note,Pidgin,domestic,Centre,booking_interest,Limbe Wildlife Centre,South West,neutral,3.7,True,False
QRY-001760,2026-06-02 15:11,SESS-000702,VIS-00703,text,English,foreign,China,cultural_info,Artisanal Village & Flower Market,Littoral,positive,4.0,True,False
QRY-000878,2026-06-02 15:15,SESS-000345,VIS-00346,voice_note,French,domestic,Centre,pricing,Monument de la Reunification,Centre,positive,2.7,True,False
QRY-005492,2026-06-02 15:25,SESS-002184,VIS-02185,voice_note,English,foreign,China,directions,Palais Royal de Foumban & Museum,West,positive,3.2,True,False
QRY-005522,2026-06-02 15:43,SESS-002198,VIS-02199,text,English,foreign,Equatorial Guinea,directions,Musee Maritime de Douala,Littoral,positive,2.1,True,False
QRY-000425,2026-06-02 15:50,SESS-000181,VIS-00182,text,French,foreign,France,directions,Marche Sandaga & Deido Soya,Littoral,negative,3.0,True,False
QRY-000907,2026-06-02 15:52,SESS-000359,VIS-00360,text,French,foreign,UK,cultural_info,Rue des Artisans,West,neutral,0.8,True,False
QRY-001471,2026-06-02 16:08,SESS-000591,VIS-00592,text,English,domestic,Adamawa,pricing,Chez Carimo / Lobe Shacks,South,negative,3.9,True,False
QRY-004588,2026-06-02 16:44,SESS-001813,VIS-01814,voice_note,English,foreign,UK,booking_interest,Plage de Kribi (Tara Plage),South,positive,3.8,True,False
QRY-003256,2026-06-02 17:16,SESS-001303,VIS-01304,voice_note,French,domestic,North West,booking_interest,Chez Wou & La Salsa,Centre,positive,3.7,True,False
QRY-005092,2026-06-02 17:43,SESS-002012,VIS-02013,text,English,foreign,Germany,booking_interest,L'Ovalie & La Fourchette,Littoral,positive,3.2,True,False
QRY-006151,2026-06-02 17:46,SESS-002454,VIS-02455,text,English,domestic,North West,directions,West Region Gastronomy Spots,West,positive,2.6,True,False
QRY-005585,2026-06-02 18:09,SESS-002226,VIS-02227,text,French,domestic,West,transport_fare,FINI Hotel Bobende,South West,positive,2.5,True,False
QRY-000121,2026-06-02 18:41,SESS-000055,VIS-00056,text,French,foreign,USA,cultural_info,Mont Febe & Golf Club,Centre,positive,5.0,True,False
QRY-003535,2026-06-02 19:33,SESS-001405,VIS-01406,text,French,domestic,Littoral,pricing,Palais Royal de Foumban & Museum,West,positive,3.6,True,False
QRY-002509,2026-06-02 19:42,SESS-001001,VIS-01002,voice_note,Pidgin,foreign,UK,pricing,Krystal Palace Douala,Littoral,positive,4.0,True,False
QRY-001236,2026-06-02 19:50,SESS-000492,VIS-00493,text,French,domestic,Littoral,opening_hours,Palais des Rois Bell (Pagode),Littoral,positive,4.4,True,False
QRY-001136,2026-06-02 19:59,SESS-000450,VIS-00451,text,French,domestic,Adamawa,directions,Grand Batanga & Luma Museum,South,positive,3.5,True,False
QRY-005042,2026-06-02 20:08,SESS-001992,VIS-01993,text,French,domestic,Far North,opening_hours,FINI Hotel Bobende,South West,positive,3.1,False,False
QRY-003917,2026-06-02 20:17,SESS-001556,VIS-01557,text,French,domestic,North,transport_fare,Palais Royal de Foumban & Museum,West,positive,3.8,True,False
QRY-004101,2026-06-02 20:26,SESS-001623,VIS-01624,text,French,domestic,South,cultural_info,West Region Gastronomy Spots,West,neutral,1.0,True,False
QRY-005953,2026-06-02 20:32,SESS-002386,VIS-02387,voice_note,French,domestic,North,transport_fare,Krystal Palace Douala,Littoral,neutral,4.1,True,False
QRY-005837,2026-06-02 20:38,SESS-002338,VIS-02339,voice_note,French,domestic,North,transport_fare,Rue des Artisans,West,neutral,3.3,True,False
QRY-002282,2026-06-02 20:45,SESS-000909,VIS-00910,text,French,foreign,China,pricing,Limbe Wildlife Centre,South West,neutral,2.9,True,False
QRY-002342,2026-06-02 20:45,SESS-000934,VIS-00935,text,English,domestic,Adamawa,pricing,Krystal Palace Douala,Littoral,neutral,4.1,True,False
QRY-001013,2026-06-02 20:47,SESS-000401,VIS-00402,text,French,foreign,China,booking_interest,Marche Sandaga & Deido Soya,Littoral,positive,3.5,True,False
QRY-005675,2026-06-02 21:25,SESS-002263,VIS-02264,text,French,domestic,South,pricing,Hotel Ilomba,South,positive,3.8,True,False
QRY-002033,2026-06-02 21:45,SESS-000807,VIS-00808,text,English,domestic,West,pricing,Limbe Botanic Garden,South West,negative,3.3,True,False
QRY-003893,2026-06-02 21:49,SESS-001549,VIS-01550,text,French,domestic,Adamawa,cultural_info,Krystal Palace Douala,Littoral,neutral,3.1,False,False
QRY-003231,2026-06-02 21:54,SESS-001293,VIS-01294,voice_note,English,foreign,Equatorial Guinea,cultural_info,Star Land Hotel Bastos,Centre,neutral,3.0,True,False
QRY-003941,2026-06-02 21:54,SESS-001564,VIS-01565,text,French,domestic,North,opening_hours,L'Ovalie & La Fourchette,Littoral,neutral,4.5,True,False
QRY-001763,2026-06-02 21:55,SESS-000704,VIS-00705,text,English,foreign,Chad,cultural_info,Down Beach & Batoke Beach,South West,positive,2.9,True,False
QRY-001040,2026-06-02 22:07,SESS-000411,VIS-00412,text,English,foreign,France,emergency_sos,Artisanal Village & Flower Market,Littoral,negative,0.8,True,True
QRY-000954,2026-06-02 22:42,SESS-000378,VIS-00379,text,French,foreign,France,general_chat,,Centre,positive,4.3,True,False
QRY-005185,2026-06-03 06:00,SESS-002055,VIS-02056,voice_note,English,foreign,UK,pricing,Limbe Botanic Garden,South West,negative,2.6,True,False
QRY-005227,2026-06-03 06:22,SESS-002072,VIS-02073,voice_note,French,foreign,Equatorial Guinea,directions,Marche Sandaga & Deido Soya,Littoral,positive,4.0,True,False
QRY-002377,2026-06-03 06:30,SESS-000951,VIS-00952,text,French,domestic,North West,cultural_info,Chez Carimo / Lobe Shacks,South,neutral,1.9,True,False
QRY-004913,2026-06-03 06:32,SESS-001945,VIS-01946,text,French,domestic,North,directions,Chutes de la Lobe,South,negative,3.9,False,False
QRY-003916,2026-06-03 06:57,SESS-001555,VIS-01556,voice_note,French,domestic,East,directions,Limbe Botanic Garden,South West,positive,4.0,True,False
QRY-004097,2026-06-03 07:04,SESS-001621,VIS-01622,text,French,foreign,South Africa,pricing,Limbe Wildlife Centre,South West,neutral,3.9,True,False
QRY-001266,2026-06-03 07:05,SESS-000503,VIS-00504,voice_note,Pidgin,domestic,Littoral,transport_fare,Musee National de Yaounde,Centre,positive,4.2,True,False
QRY-005652,2026-06-03 07:59,SESS-002254,VIS-02255,text,Pidgin,foreign,South Africa,pricing,Chez Wou & La Salsa,Centre,positive,2.3,True,False
QRY-002272,2026-06-03 08:31,SESS-000907,VIS-00908,voice_note,English,domestic,Far North,pricing,Hilton Yaounde,Centre,positive,3.4,True,False
QRY-004587,2026-06-03 09:33,SESS-001813,VIS-01814,text,French,foreign,Gabon,cultural_info,Krystal Palace Douala,Littoral,neutral,4.2,True,False
QRY-001836,2026-06-03 09:35,SESS-000731,VIS-00732,voice_note,French,foreign,Nigeria,directions,Palais Royal de Foumban & Museum,West,neutral,3.2,True,False
QRY-001345,2026-06-03 10:08,SESS-000531,VIS-00532,text,Pidgin,foreign,Gabon,general_chat,,South,positive,3.2,True,False
QRY-002207,2026-06-03 10:30,SESS-000877,VIS-00878,text,English,domestic,Littoral,pricing,Limbe Botanic Garden,South West,positive,4.5,True,False
QRY-001388,2026-06-03 10:56,SESS-000552,VIS-00553,text,French,domestic,Centre,opening_hours,Star Land Hotel Bastos,Centre,positive,3.9,True,False
QRY-005857,2026-06-03 11:19,SESS-002349,VIS-02350,voice_note,French,foreign,Germany,opening_hours,Hotel Ilomba,South,positive,5.7,False,False
QRY-002673,2026-06-03 12:02,SESS-001054,VIS-01055,text,English,foreign,USA,transport_fare,Grand Batanga & Luma Museum,South,neutral,3.7,True,False
QRY-002324,2026-06-03 12:11,SESS-000929,VIS-00930,text,French,foreign,Germany,pricing,Chez Wou & La Salsa,Centre,positive,3.6,True,False
QRY-004069,2026-06-03 12:48,SESS-001610,VIS-01611,voice_note,French,foreign,Chad,directions,Limbe Botanic Garden,South West,positive,2.1,True,False
QRY-004802,2026-06-03 13:21,SESS-001897,VIS-01898,text,French,foreign,Nigeria,booking_interest,L'Ovalie & La Fourchette,Littoral,positive,3.3,True,False
QRY-002097,2026-06-03 13:26,SESS-000833,VIS-00834,voice_note,Pidgin,domestic,Centre,directions,Chutes de la Lobe,South,positive,1.8,True,False
QRY-005744,2026-06-03 13:30,SESS-002295,VIS-02296,text,French,foreign,China,cultural_info,Bimbia Slave Trade Port,South West,neutral,2.9,True,False
QRY-001549,2026-06-03 14:00,SESS-000618,VIS-00619,text,English,domestic,West,pricing,Monument de la Reunification,Centre,positive,0.8,True,False
QRY-002636,2026-06-03 14:20,SESS-001044,VIS-01045,text,French,foreign,Germany,transport_fare,Monument de la Reunification,Centre,neutral,3.3,True,False
QRY-000197,2026-06-03 14:25,SESS-000091,VIS-00092,text,French,domestic,Centre,emergency_sos,Musee National de Yaounde,Centre,neutral,2.8,True,True
QRY-002796,2026-06-03 14:45,SESS-001101,VIS-01102,voice_note,English,domestic,Littoral,directions,Krystal Palace Douala,Littoral,neutral,5.4,True,False
QRY-005221,2026-06-03 15:09,SESS-002071,VIS-02072,voice_note,French,domestic,Centre,cultural_info,Monument de la Reunification,Centre,positive,3.6,True,False
QRY-003452,2026-06-03 15:12,SESS-001376,VIS-01377,text,English,domestic,South,general_chat,,Centre,positive,2.9,True,False
QRY-002053,2026-06-03 15:16,SESS-000818,VIS-00819,text,English,domestic,West,emergency_sos,Palais Royal de Foumban & Museum,West,negative,2.3,True,True
QRY-001991,2026-06-03 15:16,SESS-000790,VIS-00791,voice_note,French,foreign,China,booking_interest,Limbe Wildlife Centre,South West,neutral,3.3,True,False
QRY-002397,2026-06-03 15:59,SESS-000959,VIS-00960,text,French,domestic,Littoral,general_chat,,Adamawa,neutral,2.9,True,False
QRY-000188,2026-06-03 16:33,SESS-000085,VIS-00086,text,English,domestic,South West,opening_hours,Limbe Botanic Garden,South West,neutral,4.9,False,False
QRY-004880,2026-06-03 16:40,SESS-001930,VIS-01931,voice_note,English,domestic,North West,transport_fare,Down Beach Roasted Fish Sheds,South West,positive,1.6,True,False
QRY-004647,2026-06-03 16:49,SESS-001836,VIS-01837,text,French,foreign,Belgium,cultural_info,FINI Hotel Bobende,South West,positive,4.3,True,False
QRY-000965,2026-06-03 16:53,SESS-000381,VIS-00382,voice_note,English,domestic,West,transport_fare,Chez Carimo / Lobe Shacks,South,negative,3.4,True,False
QRY-001986,2026-06-03 17:05,SESS-000789,VIS-00790,voice_note,French,domestic,Centre,cultural_info,Chutes de la Lobe,South,positive,1.4,True,False
QRY-000597,2026-06-03 17:26,SESS-000250,VIS-00251,text,French,domestic,Far North,opening_hours,Monument de la Reunification,Centre,positive,3.4,True,False
QRY-004196,2026-06-03 17:44,SESS-001660,VIS-01661,text,French,domestic,Centre,pricing,Marche Sandaga & Deido Soya,Littoral,positive,2.7,True,False
QRY-001632,2026-06-03 17:44,SESS-000649,VIS-00650,text,French,domestic,East,opening_hours,Chez Wou & La Salsa,Centre,positive,2.2,True,False
QRY-003498,2026-06-03 19:07,SESS-001395,VIS-01396,text,French,foreign,Gabon,transport_fare,Hotel Zingana,West,positive,3.1,True,False
QRY-006131,2026-06-03 20:14,SESS-002444,VIS-02445,text,French,domestic,Adamawa,opening_hours,Down Beach & Batoke Beach,South West,neutral,2.5,True,False
QRY-001684,2026-06-03 20:16,SESS-000674,VIS-00675,text,English,domestic,Far North,opening_hours,Rue des Artisans,West,positive,5.2,True,False
QRY-002528,2026-06-03 20:24,SESS-001007,VIS-01008,text,Pidgin,domestic,South,pricing,West Region Gastronomy Spots,West,neutral,5.5,True,False
QRY-001560,2026-06-03 20:40,SESS-000621,VIS-00622,text,French,foreign,Gabon,general_chat,,South West,neutral,4.4,True,False
QRY-001691,2026-06-03 21:27,SESS-000676,VIS-00677,voice_note,English,foreign,Belgium,cultural_info,Marche Sandaga & Deido Soya,Littoral,negative,4.0,True,False
QRY-005132,2026-06-03 21:48,SESS-002028,VIS-02029,text,English,foreign,Nigeria,pricing,FINI Hotel Bobende,South West,neutral,2.2,True,False
QRY-003098,2026-06-03 22:07,SESS-001233,VIS-01234,voice_note,Pidgin,foreign,Equatorial Guinea,directions,Chutes d'Ekom Nkam,Littoral,positive,4.0,True,False
QRY-006065,2026-06-03 22:08,SESS-002418,VIS-02419,text,English,domestic,North West,booking_interest,Pullman Douala Rabingha,Littoral,positive,3.2,True,False
QRY-004403,2026-06-03 22:28,SESS-001733,VIS-01734,voice_note,Pidgin,domestic,Littoral,cultural_info,Artisanal Village & Flower Market,Littoral,positive,3.5,True,False
QRY-002758,2026-06-03 22:54,SESS-001089,VIS-01090,text,Pidgin,domestic,North West,directions,Pullman Douala Rabingha,Littoral,positive,2.6,True,False
QRY-000649,2026-06-04 06:41,SESS-000266,VIS-00267,voice_note,French,foreign,Chad,transport_fare,Artisanal Village & Flower Market,Littoral,positive,2.4,True,False
QRY-005646,2026-06-04 06:44,SESS-002252,VIS-02253,voice_note,English,domestic,South,transport_fare,Seme Beach Hotel,South West,neutral,3.2,True,False
QRY-004625,2026-06-04 07:10,SESS-001827,VIS-01828,voice_note,French,foreign,Chad,directions,FINI Hotel Bobende,South West,neutral,3.8,True,False
QRY-002496,2026-06-04 07:18,SESS-000997,VIS-00998,text,French,domestic,South,pricing,Down Beach & Batoke Beach,South West,positive,2.0,True,False
QRY-005516,2026-06-04 07:57,SESS-002195,VIS-02196,text,French,domestic,West,pricing,Musee Maritime de Douala,Littoral,neutral,4.4,True,False
QRY-001082,2026-06-04 08:09,SESS-000426,VIS-00427,text,French,domestic,West,cultural_info,West Region Gastronomy Spots,West,neutral,2.8,True,False
QRY-003389,2026-06-04 08:10,SESS-001354,VIS-01355,voice_note,Pidgin,domestic,South West,cultural_info,Artisanal Village & Flower Market,Littoral,positive,2.7,True,False
QRY-000099,2026-06-04 08:12,SESS-000046,VIS-00047,text,English,domestic,South,opening_hours,Mefou Primate Sanctuary,Centre,neutral,1.9,True,False
QRY-000873,2026-06-04 08:26,SESS-000343,VIS-00344,text,French,domestic,Adamawa,opening_hours,Hilton Yaounde,Centre,neutral,0.9,True,False
QRY-004425,2026-06-04 08:59,SESS-001740,VIS-01741,text,French,domestic,North West,pricing,Marche Sandaga & Deido Soya,Littoral,positive,3.0,True,False
QRY-001037,2026-06-04 09:03,SESS-000411,VIS-00412,text,French,foreign,France,general_chat,,South,neutral,1.8,True,False
QRY-000236,2026-06-04 09:54,SESS-000109,VIS-00110,text,English,domestic,West,pricing,Limbe Wildlife Centre,South West,neutral,2.8,True,False
QRY-002472,2026-06-04 09:58,SESS-000989,VIS-00990,voice_note,English,domestic,Littoral,pricing,Hotel Ilomba,South,positive,2.7,True,False
QRY-004222,2026-06-04 10:01,SESS-001668,VIS-01669,voice_note,Pidgin,domestic,West,opening_hours,Rue des Artisans,West,positive,2.8,True,False
QRY-003276,2026-06-04 10:06,SESS-001309,VIS-01310,voice_note,English,domestic,Littoral,general_chat,,South West,neutral,4.2,True,False
QRY-004206,2026-06-04 10:24,SESS-001664,VIS-01665,text,French,foreign,Canada,cultural_info,Limbe Wildlife Centre,South West,negative,2.3,True,False
QRY-000097,2026-06-04 10:43,SESS-000044,VIS-00045,voice_note,Pidgin,foreign,South Africa,opening_hours,Pullman Douala Rabingha,Littoral,neutral,2.5,True,False
QRY-004730,2026-06-04 11:16,SESS-001870,VIS-01871,voice_note,English,domestic,North,directions,Limbe Botanic Garden,South West,positive,4.3,True,False
QRY-002125,2026-06-04 11:45,SESS-000845,VIS-00846,text,English,foreign,Germany,transport_fare,Musee Maritime de Douala,Littoral,positive,4.5,True,False
QRY-001756,2026-06-04 12:11,SESS-000700,VIS-00701,text,French,domestic,South,cultural_info,Musee Maritime de Douala,Littoral,positive,2.7,True,False
QRY-000340,2026-06-04 12:56,SESS-000151,VIS-00152,text,English,foreign,Chad,booking_interest,Chez Wou & La Salsa,Centre,positive,3.2,True,False
QRY-000353,2026-06-04 13:30,SESS-000156,VIS-00157,voice_note,French,domestic,Littoral,opening_hours,Chez Wou & La Salsa,Centre,neutral,2.2,True,False
QRY-000887,2026-06-04 13:44,SESS-000350,VIS-00351,text,Pidgin,domestic,North West,general_chat,,East,neutral,2.2,False,False
QRY-004292,2026-06-04 14:40,SESS-001688,VIS-01689,text,French,domestic,North West,booking_interest,Les Gites de Kribi,South,positive,3.9,True,False
QRY-005916,2026-06-04 14:48,SESS-002373,VIS-02374,text,French,domestic,North,opening_hours,Plage de Kribi (Tara Plage),South,neutral,4.9,True,False
QRY-000885,2026-06-04 14:49,SESS-000350,VIS-00351,text,Pidgin,domestic,West,cultural_info,Domaine du Petpenoun,West,positive,4.3,True,False
QRY-005120,2026-06-04 15:47,SESS-002024,VIS-02025,voice_note,English,domestic,South,opening_hours,Marche Sandaga & Deido Soya,Littoral,positive,3.1,True,False
QRY-003857,2026-06-04 15:57,SESS-001539,VIS-01540,text,French,domestic,Far North,opening_hours,Chez Wou & La Salsa,Centre,neutral,3.0,True,False
QRY-001510,2026-06-04 16:45,SESS-000606,VIS-00607,voice_note,English,foreign,Gabon,directions,Hotel Zingana,West,neutral,4.2,True,False
QRY-005735,2026-06-04 17:02,SESS-002289,VIS-02290,voice_note,French,domestic,South,pricing,Mount Cameroon (Upper Farms),South West,neutral,3.5,True,False
QRY-003539,2026-06-04 17:11,SESS-001408,VIS-01409,text,Pidgin,domestic,North,directions,Chez Wou & La Salsa,Centre,positive,0.9,True,False
QRY-005912,2026-06-04 17:43,SESS-002369,VIS-02370,text,French,domestic,South West,transport_fare,Musee National de Yaounde,Centre,neutral,3.6,True,False
QRY-002650,2026-06-04 18:11,SESS-001049,VIS-01050,text,English,foreign,Gabon,opening_hours,Hotel Ilomba,South,positive,2.4,True,False
QRY-000558,2026-06-04 18:24,SESS-000235,VIS-00236,text,English,domestic,South,directions,L'Ovalie & La Fourchette,Littoral,neutral,4.5,True,False
QRY-005471,2026-06-04 18:42,SESS-002176,VIS-02177,text,English,domestic,South,directions,Down Beach Roasted Fish Sheds,South West,neutral,1.8,True,False
QRY-005524,2026-06-04 19:04,SESS-002199,VIS-02200,text,English,domestic,South West,cultural_info,Pullman Douala Rabingha,Littoral,positive,1.9,True,False
QRY-002653,2026-06-04 19:15,SESS-001050,VIS-01051,text,Pidgin,domestic,Adamawa,opening_hours,Musee Maritime de Douala,Littoral,positive,2.3,True,False
QRY-004993,2026-06-04 19:28,SESS-001971,VIS-01972,voice_note,French,foreign,Gabon,transport_fare,Mont Febe & Golf Club,Centre,positive,5.3,True,False
QRY-003879,2026-06-04 19:44,SESS-001544,VIS-01545,voice_note,English,foreign,Chad,pricing,Down Beach & Batoke Beach,South West,neutral,2.8,True,False
QRY-002359,2026-06-04 20:11,SESS-000943,VIS-00944,text,French,domestic,North,pricing,Marche Sandaga & Deido Soya,Littoral,positive,2.4,True,False
QRY-004110,2026-06-04 21:09,SESS-001625,VIS-01626,voice_note,French,domestic,Littoral,cultural_info,Pullman Douala Rabingha,Littoral,positive,2.6,True,False
QRY-003531,2026-06-04 21:52,SESS-001405,VIS-01406,text,English,domestic,North,opening_hours,Mont Febe & Golf Club,Centre,positive,1.0,True,False
QRY-000585,2026-06-04 22:00,SESS-000247,VIS-00248,text,French,foreign,Belgium,directions,Krystal Palace Douala,Littoral,positive,2.4,True,False
QRY-000792,2026-06-04 22:14,SESS-000312,VIS-00313,text,English,domestic,South West,opening_hours,Krystal Palace Douala,Littoral,neutral,1.3,True,False
QRY-003662,2026-06-04 22:41,SESS-001454,VIS-01455,voice_note,French,domestic,North West,general_chat,,North West,positive,2.5,True,False
QRY-005771,2026-06-04 22:42,SESS-002307,VIS-02308,voice_note,Pidgin,domestic,Centre,pricing,Chez Carimo / Lobe Shacks,South,neutral,2.1,True,False
QRY-000187,2026-06-04 22:47,SESS-000085,VIS-00086,text,French,domestic,Far North,pricing,Monument de la Reunification,Centre,positive,2.6,True,False
QRY-000309,2026-06-05 06:14,SESS-000139,VIS-00140,text,French,domestic,West,pricing,Down Beach Roasted Fish Sheds,South West,neutral,3.8,True,False
QRY-004738,2026-06-05 06:22,SESS-001874,VIS-01875,text,French,domestic,South West,directions,Pullman Douala Rabingha,Littoral,neutral,3.6,True,False
QRY-005151,2026-06-05 06:27,SESS-002041,VIS-02042,text,English,domestic,East,transport_fare,Down Beach & Batoke Beach,South West,neutral,3.4,True,False
QRY-001926,2026-06-05 06:29,SESS-000768,VIS-00769,text,English,domestic,Adamawa,cultural_info,Rue des Artisans,West,neutral,3.2,True,False
QRY-002877,2026-06-05 07:06,SESS-001136,VIS-01137,text,English,domestic,South West,transport_fare,Musee Maritime de Douala,Littoral,neutral,2.9,True,False
QRY-000916,2026-06-05 07:54,SESS-000362,VIS-00363,text,English,domestic,East,booking_interest,Hilton Yaounde,Centre,positive,2.9,True,False
QRY-006110,2026-06-05 08:40,SESS-002438,VIS-02439,voice_note,Pidgin,foreign,Equatorial Guinea,directions,Mont Febe & Golf Club,Centre,positive,4.6,True,False
QRY-005490,2026-06-05 08:41,SESS-002183,VIS-02184,text,French,foreign,Germany,directions,Grand Batanga & Luma Museum,South,positive,5.2,True,False
QRY-000206,2026-06-05 09:00,SESS-000096,VIS-00097,text,English,foreign,Belgium,pricing,Mefou Primate Sanctuary,Centre,neutral,1.5,True,False
QRY-000471,2026-06-05 09:03,SESS-000200,VIS-00201,text,French,foreign,Belgium,directions,Hotel Ilomba,South,positive,1.5,True,False
QRY-004488,2026-06-05 09:10,SESS-001765,VIS-01766,text,English,foreign,UK,transport_fare,Musee Maritime de Douala,Littoral,positive,2.7,True,False
QRY-003792,2026-06-05 09:27,SESS-001513,VIS-01514,text,French,foreign,Chad,transport_fare,Plage de Kribi (Tara Plage),South,positive,3.2,True,False
QRY-000193,2026-06-05 09:40,SESS-000087,VIS-00088,text,English,domestic,South,cultural_info,West Region Gastronomy Spots,West,neutral,2.9,True,False
QRY-001665,2026-06-05 10:38,SESS-000664,VIS-00665,text,French,foreign,Gabon,transport_fare,Chez Carimo / Lobe Shacks,South,negative,2.6,True,False
QRY-004499,2026-06-05 11:00,SESS-001771,VIS-01772,text,English,foreign,Belgium,opening_hours,Krystal Palace Douala,Littoral,neutral,3.5,True,False
QRY-005871,2026-06-05 11:00,SESS-002356,VIS-02357,voice_note,French,domestic,Littoral,general_chat,,North,positive,2.7,True,False
QRY-003130,2026-06-05 12:11,SESS-001249,VIS-01250,text,English,domestic,West,directions,Palais des Rois Bell (Pagode),Littoral,positive,3.3,True,False
QRY-005232,2026-06-05 12:23,SESS-002074,VIS-02075,voice_note,French,domestic,South West,transport_fare,Artisanal Village & Flower Market,Littoral,neutral,2.8,True,False
QRY-003046,2026-06-05 13:20,SESS-001203,VIS-01204,voice_note,English,foreign,Nigeria,pricing,L'Ovalie & La Fourchette,Littoral,neutral,2.6,True,False
QRY-001861,2026-06-05 13:39,SESS-000740,VIS-00741,voice_note,French,foreign,France,general_chat,,West,positive,4.9,True,False
QRY-004670,2026-06-05 13:53,SESS-001847,VIS-01848,text,English,domestic,North,opening_hours,Hotel Ilomba,South,neutral,2.9,True,False
QRY-005718,2026-06-05 14:33,SESS-002280,VIS-02281,text,French,domestic,Littoral,directions,Domaine du Petpenoun,West,neutral,5.8,True,False
QRY-002468,2026-06-05 14:55,SESS-000988,VIS-00989,text,English,foreign,Equatorial Guinea,cultural_info,Bimbia Slave Trade Port,South West,negative,4.1,True,False
QRY-002041,2026-06-05 14:55,SESS-000811,VIS-00812,voice_note,French,foreign,Nigeria,transport_fare,Bimbia Slave Trade Port,South West,positive,3.1,True,False
QRY-000841,2026-06-05 15:24,SESS-000330,VIS-00331,text,French,domestic,South West,pricing,Les Gites de Kribi,South,negative,2.7,True,False
QRY-002663,2026-06-05 15:48,SESS-001052,VIS-01053,text,French,foreign,China,cultural_info,Star Land Hotel Bastos,Centre,neutral,2.2,True,False
QRY-003390,2026-06-05 15:49,SESS-001355,VIS-01356,text,English,domestic,Littoral,pricing,West Region Gastronomy Spots,West,negative,2.8,True,False
QRY-001639,2026-06-05 16:08,SESS-000654,VIS-00655,text,French,domestic,Far North,transport_fare,Palais des Rois Bell (Pagode),Littoral,positive,3.2,True,False
QRY-005158,2026-06-05 16:09,SESS-002043,VIS-02044,text,French,foreign,France,transport_fare,Down Beach & Batoke Beach,South West,positive,0.8,True,False
QRY-005751,2026-06-05 16:16,SESS-002297,VIS-02298,text,English,domestic,West,cultural_info,Chutes de la Lobe,South,positive,5.0,True,False
QRY-000692,2026-06-05 16:18,SESS-000279,VIS-00280,text,English,domestic,South,directions,Star Land Hotel Bastos,Centre,neutral,2.5,True,False
QRY-000091,2026-06-05 16:25,SESS-000039,VIS-00040,text,French,domestic,Adamawa,directions,Palais Royal de Foumban & Museum,West,neutral,4.2,True,False
QRY-000381,2026-06-05 16:26,SESS-000168,VIS-00169,voice_note,French,foreign,Germany,booking_interest,Mont Febe & Golf Club,Centre,positive,3.9,True,False
QRY-004427,2026-06-05 16:27,SESS-001741,VIS-01742,voice_note,French,domestic,Littoral,transport_fare,Rue des Artisans,West,neutral,1.7,True,False
QRY-001464,2026-06-05 16:28,SESS-000587,VIS-00588,text,English,domestic,South,cultural_info,Rue des Artisans,West,neutral,3.3,True,False
QRY-000025,2026-06-05 17:24,SESS-000010,VIS-00011,text,English,domestic,Centre,cultural_info,Krystal Palace Douala,Littoral,neutral,2.2,True,False
QRY-003139,2026-06-05 17:25,SESS-001252,VIS-01253,voice_note,French,foreign,Germany,cultural_info,Mont Febe & Golf Club,Centre,positive,2.1,True,False
QRY-000436,2026-06-05 17:29,SESS-000185,VIS-00186,text,English,domestic,Centre,directions,Chutes d'Ekom Nkam,Littoral,neutral,1.9,False,False
QRY-002985,2026-06-05 18:25,SESS-001177,VIS-01178,text,French,domestic,South,directions,Down Beach Roasted Fish Sheds,South West,positive,2.6,True,False
QRY-004404,2026-06-05 19:53,SESS-001734,VIS-01735,text,English,foreign,China,pricing,Les Gites de Kribi,South,neutral,1.7,True,False
QRY-003353,2026-06-05 20:01,SESS-001343,VIS-01344,text,French,foreign,France,cultural_info,L'Ovalie & La Fourchette,Littoral,positive,3.9,True,False
QRY-000867,2026-06-05 20:29,SESS-000340,VIS-00341,voice_note,English,domestic,West,transport_fare,Down Beach Roasted Fish Sheds,South West,positive,4.1,True,False
QRY-002937,2026-06-05 20:46,SESS-001158,VIS-01159,text,French,domestic,Far North,pricing,Grand Batanga & Luma Museum,South,negative,1.8,True,False
QRY-002085,2026-06-05 21:28,SESS-000829,VIS-00830,voice_note,Pidgin,domestic,West,transport_fare,Hotel Zingana,West,positive,4.1,True,False
QRY-000764,2026-06-05 21:36,SESS-000304,VIS-00305,text,French,foreign,France,cultural_info,Les Gites de Kribi,South,neutral,3.6,True,False
QRY-003877,2026-06-05 22:38,SESS-001544,VIS-01545,voice_note,French,domestic,West,cultural_info,Limbe Botanic Garden,South West,positive,3.8,True,False
QRY-000630,2026-06-05 22:56,SESS-000260,VIS-00261,text,French,foreign,UK,pricing,Bimbia Slave Trade Port,South West,neutral,3.1,True,False
QRY-004393,2026-06-06 06:03,SESS-001728,VIS-01729,voice_note,French,foreign,Gabon,cultural_info,Mont Febe & Golf Club,Centre,neutral,3.1,True,False
QRY-005440,2026-06-06 06:15,SESS-002165,VIS-02166,text,English,domestic,North,directions,Hotel Ilomba,South,neutral,4.0,True,False
QRY-003138,2026-06-06 06:59,SESS-001251,VIS-01252,text,English,domestic,South West,cultural_info,FINI Hotel Bobende,South West,negative,4.3,True,False
QRY-002353,2026-06-06 07:34,SESS-000940,VIS-00941,text,French,domestic,South,transport_fare,Les Gites de Kribi,South,positive,3.0,True,False
QRY-004240,2026-06-06 07:36,SESS-001677,VIS-01678,text,English,domestic,West,pricing,Mvog-Betsi Zoo & Botanical Garden,Centre,positive,2.5,True,False
QRY-005208,2026-06-06 07:43,SESS-002066,VIS-02067,text,French,domestic,East,opening_hours,Musee National de Yaounde,Centre,negative,1.6,True,False
QRY-000186,2026-06-06 08:31,SESS-000085,VIS-00086,text,French,domestic,South,pricing,Chez Carimo / Lobe Shacks,South,negative,2.1,True,False
QRY-004992,2026-06-06 08:37,SESS-001971,VIS-01972,voice_note,French,foreign,Germany,general_chat,,North,positive,2.8,True,False
QRY-000024,2026-06-06 08:55,SESS-000010,VIS-00011,voice_note,French,domestic,Centre,general_chat,,Adamawa,neutral,3.1,True,False
QRY-006171,2026-06-06 08:59,SESS-002463,VIS-02464,voice_note,French,domestic,Far North,opening_hours,L'Ovalie & La Fourchette,Littoral,neutral,4.0,True,False
QRY-000860,2026-06-06 09:06,SESS-000338,VIS-00339,text,French,domestic,East,general_chat,,Littoral,neutral,2.3,True,False
QRY-000576,2026-06-06 09:37,SESS-000244,VIS-00245,text,French,foreign,France,pricing,Les Gites de Kribi,South,neutral,3.4,True,False
QRY-003727,2026-06-06 09:43,SESS-001481,VIS-01482,text,French,domestic,Centre,cultural_info,Chez Carimo / Lobe Shacks,South,neutral,4.5,True,False
QRY-001870,2026-06-06 10:01,SESS-000744,VIS-00745,text,French,domestic,Far North,general_chat,,Adamawa,neutral,4.6,True,False
QRY-001696,2026-06-06 10:13,SESS-000677,VIS-00678,text,French,domestic,North West,pricing,Artisanal Village & Flower Market,Littoral,neutral,1.6,True,False
QRY-002867,2026-06-06 10:19,SESS-001131,VIS-01132,text,French,foreign,France,opening_hours,FINI Hotel Bobende,South West,neutral,3.6,True,False
QRY-001241,2026-06-06 10:30,SESS-000494,VIS-00495,text,French,domestic,Centre,pricing,Pullman Douala Rabingha,Littoral,positive,3.0,True,False
QRY-002234,2026-06-06 10:51,SESS-000892,VIS-00893,text,English,domestic,North West,pricing,Palais Royal de Foumban & Museum,West,positive,5.2,True,False
QRY-002629,2026-06-06 10:57,SESS-001040,VIS-01041,text,French,domestic,Far North,cultural_info,Down Beach Roasted Fish Sheds,South West,neutral,2.7,True,False
QRY-003855,2026-06-06 11:10,SESS-001539,VIS-01540,text,French,domestic,Centre,directions,FINI Hotel Bobende,South West,neutral,3.3,True,False
QRY-004091,2026-06-06 11:29,SESS-001619,VIS-01620,text,English,domestic,Littoral,cultural_info,Grand Batanga & Luma Museum,South,positive,3.8,True,False
QRY-004165,2026-06-06 11:41,SESS-001646,VIS-01647,text,French,domestic,North West,cultural_info,Marche Sandaga & Deido Soya,Littoral,neutral,1.2,False,False
QRY-004081,2026-06-06 11:52,SESS-001615,VIS-01616,text,French,domestic,South,opening_hours,Limbe Wildlife Centre,South West,neutral,3.2,True,False
QRY-002970,2026-06-06 12:58,SESS-001170,VIS-01171,text,French,foreign,Germany,directions,Mont Febe & Golf Club,Centre,positive,2.9,True,False
QRY-004471,2026-06-06 13:02,SESS-001757,VIS-01758,text,English,domestic,North West,pricing,Marche Sandaga & Deido Soya,Littoral,positive,3.2,True,False
QRY-002600,2026-06-06 13:07,SESS-001034,VIS-01035,text,French,foreign,Chad,transport_fare,Musee Maritime de Douala,Littoral,neutral,3.3,True,False
QRY-001249,2026-06-06 13:32,SESS-000497,VIS-00498,voice_note,English,domestic,North West,opening_hours,Down Beach Roasted Fish Sheds,South West,positive,3.5,True,False
QRY-000936,2026-06-06 13:46,SESS-000372,VIS-00373,voice_note,English,domestic,North West,opening_hours,Hilton Yaounde,Centre,positive,2.2,True,False
QRY-005531,2026-06-06 13:52,SESS-002201,VIS-02202,text,English,domestic,North West,cultural_info,Pullman Douala Rabingha,Littoral,positive,2.4,True,False
QRY-003216,2026-06-06 14:26,SESS-001286,VIS-01287,text,French,foreign,China,opening_hours,Bimbia Slave Trade Port,South West,neutral,4.9,True,False
QRY-001788,2026-06-06 14:26,SESS-000712,VIS-00713,voice_note,English,domestic,South West,opening_hours,FINI Hotel Bobende,South West,neutral,3.1,True,False
QRY-002015,2026-06-06 14:34,SESS-000801,VIS-00802,voice_note,French,foreign,Chad,transport_fare,Plage de Kribi (Tara Plage),South,neutral,1.4,True,False
QRY-004399,2026-06-06 14:35,SESS-001732,VIS-01733,text,French,foreign,South Africa,pricing,Seme Beach Hotel,South West,neutral,1.8,True,False
QRY-003222,2026-06-06 14:40,SESS-001289,VIS-01290,text,English,domestic,Centre,booking_interest,Down Beach & Batoke Beach,South West,neutral,3.8,True,False
QRY-005106,2026-06-06 14:52,SESS-002018,VIS-02019,text,English,foreign,China,pricing,Hotel Ilomba,South,positive,6.1,True,False
QRY-005163,2026-06-06 15:50,SESS-002046,VIS-02047,text,English,domestic,South,general_chat,,North West,neutral,6.3,True,False
QRY-002949,2026-06-06 16:06,SESS-001163,VIS-01164,text,French,foreign,Nigeria,transport_fare,Hotel Ilomba,South,neutral,2.8,True,False
QRY-002210,2026-06-06 18:02,SESS-000878,VIS-00879,text,French,foreign,Gabon,cultural_info,Musee National de Yaounde,Centre,neutral,4.0,True,False
QRY-002307,2026-06-06 18:22,SESS-000920,VIS-00921,text,French,domestic,West,transport_fare,Down Beach & Batoke Beach,South West,positive,3.9,True,False
QRY-005126,2026-06-06 18:43,SESS-002025,VIS-02026,text,English,domestic,North West,directions,Mount Cameroon (Upper Farms),South West,neutral,3.4,True,False
QRY-001087,2026-06-06 18:43,SESS-000427,VIS-00428,text,French,domestic,Far North,pricing,Star Land Hotel Bastos,Centre,neutral,2.2,True,False
QRY-004183,2026-06-06 19:35,SESS-001652,VIS-01653,voice_note,English,foreign,South Africa,directions,Krystal Palace Douala,Littoral,neutral,2.2,True,False
QRY-004474,2026-06-06 19:36,SESS-001757,VIS-01758,text,French,domestic,Centre,transport_fare,Down Beach & Batoke Beach,South West,positive,3.6,True,False
QRY-001244,2026-06-06 19:59,SESS-000496,VIS-00497,text,English,foreign,USA,pricing,Domaine du Petpenoun,West,positive,3.7,True,False
QRY-004039,2026-06-06 20:17,SESS-001597,VIS-01598,voice_note,French,foreign,Canada,emergency_sos,Douala-Edea Wildlife Reserve,Littoral,negative,1.1,True,True
QRY-003447,2026-06-06 20:29,SESS-001374,VIS-01375,text,French,domestic,South West,pricing,L'Ovalie & La Fourchette,Littoral,positive,1.6,True,False
QRY-000729,2026-06-06 20:31,SESS-000291,VIS-00292,text,English,domestic,North West,pricing,Chutes de la Lobe,South,neutral,4.0,True,False
QRY-001254,2026-06-06 21:07,SESS-000499,VIS-00500,text,English,foreign,Chad,transport_fare,Marche Sandaga & Deido Soya,Littoral,neutral,4.3,True,False
QRY-004732,2026-06-06 21:23,SESS-001870,VIS-01871,text,French,domestic,South,booking_interest,Down Beach Roasted Fish Sheds,South West,positive,2.6,True,False
QRY-004128,2026-06-06 21:31,SESS-001633,VIS-01634,text,French,domestic,Littoral,general_chat,,East,positive,2.3,True,False
QRY-002100,2026-06-06 21:43,SESS-000834,VIS-00835,voice_note,English,domestic,Adamawa,cultural_info,Chez Wou & La Salsa,Centre,positive,2.2,True,False
QRY-005459,2026-06-06 22:02,SESS-002172,VIS-02173,text,English,domestic,Littoral,directions,Palais des Rois Bell (Pagode),Littoral,neutral,1.6,True,False
QRY-004421,2026-06-06 22:23,SESS-001740,VIS-01741,text,English,domestic,South West,general_chat,,Centre,neutral,2.9,True,False
QRY-005271,2026-06-06 22:48,SESS-002091,VIS-02092,text,French,foreign,UK,booking_interest,Chez Wou & La Salsa,Centre,neutral,3.3,True,False
QRY-006159,2026-06-07 06:11,SESS-002458,VIS-02459,text,French,domestic,Centre,pricing,Chez Carimo / Lobe Shacks,South,neutral,3.0,True,False
QRY-004108,2026-06-07 07:40,SESS-001625,VIS-01626,text,French,foreign,South Africa,transport_fare,Palais Royal de Foumban & Museum,West,positive,4.0,True,False
QRY-006176,2026-06-07 08:03,SESS-002465,VIS-02466,text,French,domestic,South West,pricing,Pullman Douala Rabingha,Littoral,neutral,3.2,True,False
QRY-002731,2026-06-07 08:09,SESS-001081,VIS-01082,text,Pidgin,domestic,Littoral,transport_fare,Limbe Botanic Garden,South West,neutral,2.1,True,False
QRY-002915,2026-06-07 08:27,SESS-001149,VIS-01150,text,French,domestic,Adamawa,cultural_info,Chez Carimo / Lobe Shacks,South,neutral,3.4,True,False
QRY-005970,2026-06-07 08:29,SESS-002394,VIS-02395,voice_note,French,domestic,Littoral,cultural_info,Down Beach Roasted Fish Sheds,South West,neutral,2.8,True,False
QRY-003467,2026-06-07 08:38,SESS-001383,VIS-01384,text,French,domestic,Far North,directions,Mvog-Betsi Zoo & Botanical Garden,Centre,neutral,0.8,True,False
QRY-000939,2026-06-07 09:58,SESS-000373,VIS-00374,text,English,domestic,Far North,directions,Down Beach Roasted Fish Sheds,South West,positive,3.1,True,False
QRY-000963,2026-06-07 10:32,SESS-000380,VIS-00381,text,English,domestic,South,opening_hours,Down Beach & Batoke Beach,South West,positive,3.5,True,False
QRY-002881,2026-06-07 10:45,SESS-001137,VIS-01138,text,English,foreign,USA,directions,Krystal Palace Douala,Littoral,neutral,4.8,True,False
QRY-003102,2026-06-07 10:48,SESS-001235,VIS-01236,text,English,domestic,North West,pricing,Down Beach & Batoke Beach,South West,neutral,3.3,True,False
QRY-005969,2026-06-07 10:49,SESS-002393,VIS-02394,text,English,domestic,South West,transport_fare,Mont Febe & Golf Club,Centre,positive,2.8,True,False
QRY-005840,2026-06-07 10:52,SESS-002340,VIS-02341,text,Pidgin,foreign,Chad,directions,Star Land Hotel Bastos,Centre,positive,4.0,True,False
QRY-000345,2026-06-07 11:08,SESS-000152,VIS-00153,text,Pidgin,domestic,South West,cultural_info,Mount Cameroon (Upper Farms),South West,neutral,3.7,True,False
QRY-005519,2026-06-07 11:13,SESS-002197,VIS-02198,text,French,domestic,Far North,cultural_info,Mvog-Betsi Zoo & Botanical Garden,Centre,neutral,3.7,True,False
QRY-004131,2026-06-07 11:44,SESS-001633,VIS-01634,text,French,foreign,China,general_chat,,Centre,positive,4.9,True,False
QRY-001673,2026-06-07 11:54,SESS-000668,VIS-00669,text,English,domestic,North,transport_fare,Musee Maritime de Douala,Littoral,neutral,2.3,True,False
QRY-002628,2026-06-07 12:19,SESS-001040,VIS-01041,text,English,foreign,Gabon,directions,FINI Hotel Bobende,South West,neutral,4.4,True,False
QRY-003183,2026-06-07 12:42,SESS-001271,VIS-01272,voice_note,English,foreign,UK,transport_fare,Chutes de la Lobe,South,positive,1.6,True,False
QRY-000513,2026-06-07 13:14,SESS-000215,VIS-00216,voice_note,English,domestic,North West,cultural_info,Limbe Botanic Garden,South West,positive,2.8,True,False
QRY-002856,2026-06-07 13:44,SESS-001123,VIS-01124,text,English,domestic,North,cultural_info,Musee National de Yaounde,Centre,positive,1.2,True,False
QRY-001128,2026-06-07 13:58,SESS-000445,VIS-00446,voice_note,French,foreign,Belgium,general_chat,,East,neutral,2.5,True,False
QRY-003122,2026-06-07 14:07,SESS-001245,VIS-01246,voice_note,French,foreign,UK,pricing,Musee Maritime de Douala,Littoral,neutral,2.7,True,False
QRY-003732,2026-06-07 14:16,SESS-001484,VIS-01485,voice_note,English,domestic,East,booking_interest,Mvog-Betsi Zoo & Botanical Garden,Centre,neutral,3.7,True,False
QRY-003915,2026-06-07 14:43,SESS-001555,VIS-01556,text,English,domestic,Adamawa,pricing,Mefou Primate Sanctuary,Centre,positive,3.6,True,False
QRY-002899,2026-06-07 14:48,SESS-001143,VIS-01144,text,French,foreign,Canada,booking_interest,FINI Hotel Bobende,South West,positive,3.1,True,False
QRY-004651,2026-06-07 14:50,SESS-001838,VIS-01839,text,French,domestic,East,pricing,Les Gites de Kribi,South,positive,2.2,True,False
QRY-005922,2026-06-07 15:05,SESS-002375,VIS-02376,voice_note,French,domestic,Adamawa,general_chat,,Littoral,positive,3.6,True,False
QRY-000757,2026-06-07 15:48,SESS-000300,VIS-00301,text,Pidgin,domestic,South,cultural_info,Mefou Primate Sanctuary,Centre,neutral,3.6,True,False
QRY-001149,2026-06-07 15:56,SESS-000455,VIS-00456,text,English,foreign,Canada,booking_interest,Krystal Palace Douala,Littoral,positive,2.0,True,False
QRY-004674,2026-06-07 16:10,SESS-001848,VIS-01849,voice_note,English,foreign,Nigeria,directions,Rue des Artisans,West,positive,3.7,True,False
QRY-002886,2026-06-07 16:12,SESS-001139,VIS-01140,text,English,foreign,China,pricing,Rue des Artisans,West,neutral,2.6,True,False
QRY-005656,2026-06-07 16:26,SESS-002258,VIS-02259,text,French,domestic,South West,general_chat,,Far North,positive,3.4,True,False
QRY-002749,2026-06-07 17:40,SESS-001084,VIS-01085,voice_note,Pidgin,domestic,Centre,directions,Limbe Wildlife Centre,South West,neutral,2.4,True,False
QRY-003911,2026-06-07 18:12,SESS-001555,VIS-01556,voice_note,Pidgin,foreign,Nigeria,directions,Chez Wou & La Salsa,Centre,neutral,2.6,False,False
QRY-004646,2026-06-07 18:23,SESS-001836,VIS-01837,text,French,domestic,Littoral,pricing,Monument de la Reunification,Centre,neutral,3.0,True,False
QRY-000984,2026-06-07 18:54,SESS-000390,VIS-00391,text,English,foreign,China,booking_interest,Domaine du Petpenoun,West,positive,4.4,True,False
QRY-000160,2026-06-07 20:26,SESS-000074,VIS-00075,text,English,domestic,South,pricing,Rue des Artisans,West,negative,2.8,True,False
QRY-005155,2026-06-07 20:36,SESS-002042,VIS-02043,text,Pidgin,domestic,South West,cultural_info,Musee National de Yaounde,Centre,positive,0.9,True,False
QRY-001117,2026-06-07 20:41,SESS-000440,VIS-00441,text,English,foreign,Gabon,opening_hours,FINI Hotel Bobende,South West,neutral,3.5,True,False
QRY-000210,2026-06-07 20:43,SESS-000099,VIS-00100,text,English,domestic,South West,opening_hours,Chutes de la Lobe,South,neutral,4.1,True,False
QRY-004870,2026-06-07 21:13,SESS-001924,VIS-01925,text,English,foreign,Canada,opening_hours,Chutes d'Ekom Nkam,Littoral,neutral,4.0,True,False
QRY-002790,2026-06-07 21:17,SESS-001099,VIS-01100,text,English,domestic,East,cultural_info,Monument de la Reunification,Centre,neutral,3.3,True,False
QRY-001328,2026-06-07 21:49,SESS-000527,VIS-00528,text,English,domestic,North,directions,Chez Wou & La Salsa,Centre,neutral,2.8,True,False
QRY-000960,2026-06-07 22:09,SESS-000380,VIS-00381,text,French,foreign,China,general_chat,,South West,neutral,3.0,True,False
QRY-003708,2026-06-08 06:04,SESS-001475,VIS-01476,voice_note,Pidgin,foreign,Gabon,opening_hours,Krystal Palace Douala,Littoral,positive,3.4,True,False
QRY-000423,2026-06-08 06:23,SESS-000180,VIS-00181,text,Pidgin,foreign,Belgium,opening_hours,Grand Batanga & Luma Museum,South,neutral,1.5,True,False
QRY-001530,2026-06-08 06:28,SESS-000610,VIS-00611,text,French,foreign,Germany,opening_hours,Rue des Artisans,West,neutral,3.0,True,False
QRY-002609,2026-06-08 06:40,SESS-001034,VIS-01035,text,English,domestic,East,transport_fare,Hilton Yaounde,Centre,neutral,3.3,True,False
QRY-005469,2026-06-08 06:46,SESS-002175,VIS-02176,text,French,domestic,South West,cultural_info,L'Ovalie & La Fourchette,Littoral,neutral,2.6,True,False
QRY-004411,2026-06-08 07:19,SESS-001738,VIS-01739,text,French,domestic,West,transport_fare,Musee Maritime de Douala,Littoral,neutral,3.9,True,False
QRY-004563,2026-06-08 07:26,SESS-001801,VIS-01802,voice_note,French,domestic,North West,cultural_info,Pullman Douala Rabingha,Littoral,neutral,2.6,True,False
QRY-004250,2026-06-08 08:04,SESS-001678,VIS-01679,text,English,foreign,Nigeria,pricing,Rue des Artisans,West,neutral,3.1,True,False
QRY-000532,2026-06-08 08:08,SESS-000223,VIS-00224,voice_note,French,foreign,Chad,pricing,Hotel Zingana,West,positive,4.0,True,False
QRY-002966,2026-06-08 08:11,SESS-001169,VIS-01170,text,French,foreign,Canada,directions,Mont Febe & Golf Club,Centre,neutral,2.4,True,False
QRY-002534,2026-06-08 08:37,SESS-001010,VIS-01011,voice_note,English,foreign,Canada,pricing,Palais des Rois Bell (Pagode),Littoral,negative,3.6,True,False
QRY-003582,2026-06-08 09:03,SESS-001424,VIS-01425,text,English,domestic,North,pricing,Musee Maritime de Douala,Littoral,neutral,1.5,True,False
QRY-005381,2026-06-08 09:07,SESS-002136,VIS-02137,text,English,domestic,North West,opening_hours,L'Ovalie & La Fourchette,Littoral,neutral,3.5,True,False
QRY-000822,2026-06-08 09:30,SESS-000324,VIS-00325,text,French,foreign,Gabon,pricing,Down Beach & Batoke Beach,South West,positive,3.4,True,False
QRY-000175,2026-06-08 09:32,SESS-000080,VIS-00081,text,Pidgin,foreign,South Africa,transport_fare,Palais des Rois Bell (Pagode),Littoral,neutral,4.5,True,False
QRY-004161,2026-06-08 09:32,SESS-001645,VIS-01646,text,English,foreign,Chad,pricing,Musee National de Yaounde,Centre,neutral,3.0,True,False
QRY-001542,2026-06-08 10:05,SESS-000615,VIS-00616,text,Pidgin,domestic,South West,pricing,Chutes de la Lobe,South,positive,2.4,True,False
QRY-005149,2026-06-08 10:38,SESS-002040,VIS-02041,text,French,foreign,USA,pricing,Mefou Primate Sanctuary,Centre,positive,4.5,True,False
QRY-005895,2026-06-08 11:19,SESS-002363,VIS-02364,text,English,foreign,Gabon,pricing,Monument de la Reunification,Centre,neutral,3.1,True,False
QRY-001968,2026-06-08 11:23,SESS-000785,VIS-00786,voice_note,French,domestic,South West,emergency_sos,Mvog-Betsi Zoo & Botanical Garden,Centre,negative,1.2,True,True
QRY-003881,2026-06-08 11:26,SESS-001545,VIS-01546,voice_note,French,foreign,South Africa,booking_interest,Musee National de Yaounde,Centre,positive,3.4,True,False
QRY-005233,2026-06-08 11:41,SESS-002075,VIS-02076,text,French,domestic,West,directions,Limbe Botanic Garden,South West,positive,2.4,True,False
QRY-004705,2026-06-08 11:48,SESS-001862,VIS-01863,text,English,domestic,Centre,cultural_info,Krystal Palace Douala,Littoral,neutral,3.3,True,False
QRY-002223,2026-06-08 11:51,SESS-000886,VIS-00887,text,French,foreign,Belgium,directions,Hotel Zingana,West,neutral,2.9,True,False
QRY-000909,2026-06-08 13:02,SESS-000359,VIS-00360,text,English,foreign,Germany,booking_interest,Musee Maritime de Douala,Littoral,positive,0.9,True,False
QRY-002000,2026-06-08 13:05,SESS-000794,VIS-00795,text,English,foreign,Canada,cultural_info,Palais des Rois Bell (Pagode),Littoral,neutral,2.7,True,False
QRY-005216,2026-06-08 13:45,SESS-002069,VIS-02070,text,French,domestic,Littoral,transport_fare,Down Beach & Batoke Beach,South West,negative,1.6,False,False
QRY-002262,2026-06-08 13:45,SESS-000904,VIS-00905,text,English,domestic,North,directions,L'Ovalie & La Fourchette,Littoral,neutral,3.7,True,False
QRY-002483,2026-06-08 13:48,SESS-000993,VIS-00994,text,Pidgin,domestic,North West,pricing,Limbe Botanic Garden,South West,neutral,3.3,True,False
QRY-000517,2026-06-08 13:50,SESS-000219,VIS-00220,text,French,domestic,Centre,pricing,Down Beach Roasted Fish Sheds,South West,positive,2.0,True,False
QRY-000283,2026-06-08 14:01,SESS-000128,VIS-00129,text,French,domestic,North West,transport_fare,Douala-Edea Wildlife Reserve,Littoral,neutral,2.9,True,False
QRY-005252,2026-06-08 14:06,SESS-002086,VIS-02087,voice_note,French,domestic,North,opening_hours,Krystal Palace Douala,Littoral,neutral,2.9,True,False
QRY-001919,2026-06-08 14:21,SESS-000764,VIS-00765,text,English,foreign,Equatorial Guinea,booking_interest,Hotel Ilomba,South,positive,2.7,True,False
QRY-000795,2026-06-08 14:26,SESS-000313,VIS-00314,text,French,foreign,Canada,pricing,Pullman Douala Rabingha,Littoral,neutral,2.6,True,False
QRY-004960,2026-06-08 14:35,SESS-001959,VIS-01960,text,French,foreign,Equatorial Guinea,transport_fare,Artisanal Village & Flower Market,Littoral,negative,4.8,True,False
QRY-000053,2026-06-08 15:09,SESS-000022,VIS-00023,text,French,domestic,Adamawa,cultural_info,Hotel Ilomba,South,neutral,0.8,True,False
QRY-005818,2026-06-08 15:23,SESS-002332,VIS-02333,text,English,foreign,Belgium,cultural_info,Palais Royal de Foumban & Museum,West,positive,4.6,True,False
QRY-002931,2026-06-08 15:31,SESS-001156,VIS-01157,voice_note,Pidgin,domestic,East,transport_fare,Krystal Palace Douala,Littoral,neutral,2.0,True,False
QRY-000677,2026-06-08 15:33,SESS-000275,VIS-00276,voice_note,French,foreign,Chad,cultural_info,Pullman Douala Rabingha,Littoral,neutral,3.5,True,False
QRY-004364,2026-06-08 15:39,SESS-001717,VIS-01718,text,Pidgin,foreign,USA,opening_hours,Monument de la Reunification,Centre,neutral,4.4,True,False
QRY-000664,2026-06-08 16:02,SESS-000272,VIS-00273,text,French,foreign,Germany,cultural_info,Mefou Primate Sanctuary,Centre,positive,3.1,True,False
QRY-004927,2026-06-08 16:03,SESS-001946,VIS-01947,voice_note,French,domestic,Adamawa,opening_hours,Down Beach Roasted Fish Sheds,South West,neutral,3.2,True,False
QRY-002615,2026-06-08 16:25,SESS-001036,VIS-01037,voice_note,French,domestic,Centre,pricing,Palais des Rois Bell (Pagode),Littoral,neutral,4.9,True,False
QRY-003594,2026-06-08 16:33,SESS-001428,VIS-01429,text,French,domestic,Centre,cultural_info,Palais des Rois Bell (Pagode),Littoral,neutral,4.0,True,False
QRY-005709,2026-06-08 16:36,SESS-002276,VIS-02277,text,French,foreign,USA,pricing,Marche Sandaga & Deido Soya,Littoral,positive,2.1,True,False
QRY-005225,2026-06-08 16:42,SESS-002071,VIS-02072,text,French,foreign,Chad,booking_interest,Les Gites de Kribi,South,neutral,3.0,True,False
QRY-000384,2026-06-08 16:57,SESS-000169,VIS-00170,voice_note,French,domestic,East,directions,Limbe Wildlife Centre,South West,neutral,5.6,True,False
QRY-004720,2026-06-08 17:29,SESS-001866,VIS-01867,voice_note,English,domestic,East,transport_fare,Down Beach Roasted Fish Sheds,South West,neutral,3.2,True,False
QRY-005301,2026-06-08 17:54,SESS-002107,VIS-02108,text,Pidgin,domestic,Adamawa,emergency_sos,Star Land Hotel Bastos,Centre,negative,2.2,True,True
QRY-003419,2026-06-08 18:11,SESS-001365,VIS-01366,text,French,domestic,Centre,cultural_info,Musee National de Yaounde,Centre,positive,3.2,True,False
QRY-001307,2026-06-08 18:16,SESS-000513,VIS-00514,text,French,domestic,Far North,cultural_info,Plage de Kribi (Tara Plage),South,negative,1.3,True,False
QRY-002302,2026-06-08 18:42,SESS-000917,VIS-00918,text,English,domestic,Littoral,general_chat,,Adamawa,neutral,3.2,True,False
QRY-005388,2026-06-08 18:52,SESS-002137,VIS-02138,text,French,domestic,West,booking_interest,Palais des Rois Bell (Pagode),Littoral,neutral,4.0,True,False
QRY-002341,2026-06-08 19:28,SESS-000934,VIS-00935,text,English,foreign,China,transport_fare,Down Beach & Batoke Beach,South West,neutral,3.8,True,False
QRY-005166,2026-06-08 19:37,SESS-002047,VIS-02048,text,English,domestic,Centre,cultural_info,L'Ovalie & La Fourchette,Littoral,neutral,1.9,True,False
QRY-001212,2026-06-08 20:15,SESS-000480,VIS-00481,text,English,foreign,France,booking_interest,Mefou Primate Sanctuary,Centre,neutral,3.2,True,False
QRY-001758,2026-06-08 20:15,SESS-000701,VIS-00702,text,French,foreign,France,opening_hours,Limbe Botanic Garden,South West,positive,1.0,True,False
QRY-001607,2026-06-08 20:23,SESS-000636,VIS-00637,voice_note,French,domestic,South West,cultural_info,FINI Hotel Bobende,South West,neutral,2.1,True,False
QRY-000338,2026-06-08 20:31,SESS-000150,VIS-00151,text,English,foreign,Canada,cultural_info,L'Ovalie & La Fourchette,Littoral,neutral,3.0,True,False
QRY-004262,2026-06-08 21:02,SESS-001683,VIS-01684,text,English,domestic,East,directions,L'Ovalie & La Fourchette,Littoral,negative,3.3,True,False
QRY-004516,2026-06-08 21:11,SESS-001780,VIS-01781,text,Pidgin,domestic,Adamawa,booking_interest,Grand Batanga & Luma Museum,South,neutral,2.9,True,False
QRY-003912,2026-06-08 21:24,SESS-001555,VIS-01556,text,French,domestic,Littoral,directions,L'Ovalie & La Fourchette,Littoral,neutral,2.7,True,False
QRY-006105,2026-06-08 21:31,SESS-002436,VIS-02437,text,French,foreign,Belgium,cultural_info,Mont Febe & Golf Club,Centre,positive,5.1,True,False
QRY-005415,2026-06-08 22:03,SESS-002152,VIS-02153,text,French,domestic,Centre,transport_fare,Les Gites de Kribi,South,neutral,2.8,True,False
QRY-002111,2026-06-08 22:17,SESS-000838,VIS-00839,text,Pidgin,domestic,Far North,pricing,Hotel Ilomba,South,neutral,4.2,True,False
QRY-001173,2026-06-08 22:26,SESS-000461,VIS-00462,text,English,foreign,Nigeria,general_chat,,Far North,positive,3.1,True,False
QRY-004244,2026-06-08 22:29,SESS-001677,VIS-01678,voice_note,Pidgin,domestic,Adamawa,opening_hours,Les Gites de Kribi,South,neutral,5.2,True,False
QRY-005052,2026-06-08 22:30,SESS-001996,VIS-01997,text,English,domestic,Adamawa,general_chat,,Centre,positive,3.1,True,False
QRY-003791,2026-06-08 22:58,SESS-001513,VIS-01514,text,French,foreign,South Africa,cultural_info,Limbe Botanic Garden,South West,neutral,4.6,True,False
QRY-004096,2026-06-09 06:09,SESS-001621,VIS-01622,text,French,foreign,China,transport_fare,Palais Royal de Foumban & Museum,West,positive,4.2,True,False
QRY-004485,2026-06-09 06:41,SESS-001763,VIS-01764,text,French,domestic,Far North,opening_hours,Marche Sandaga & Deido Soya,Littoral,neutral,2.4,True,False
QRY-002054,2026-06-09 06:47,SESS-000818,VIS-00819,text,English,domestic,East,cultural_info,Chefferie de Bandjoun,West,positive,4.3,False,False
QRY-004918,2026-06-09 06:50,SESS-001946,VIS-01947,text,Pidgin,foreign,Canada,directions,Mont Febe & Golf Club,Centre,positive,3.8,True,False
QRY-003644,2026-06-09 07:19,SESS-001447,VIS-01448,voice_note,French,foreign,France,directions,Hilton Yaounde,Centre,positive,2.3,True,False
QRY-002027,2026-06-09 07:38,SESS-000805,VIS-00806,voice_note,French,foreign,South Africa,directions,Limbe Wildlife Centre,South West,neutral,5.1,True,False
QRY-000872,2026-06-09 07:45,SESS-000342,VIS-00343,voice_note,French,domestic,Centre,pricing,Mount Cameroon (Upper Farms),South West,positive,3.3,True,False
QRY-005971,2026-06-09 08:00,SESS-002395,VIS-02396,text,French,domestic,Littoral,pricing,Pullman Douala Rabingha,Littoral,neutral,2.5,True,False
QRY-002691,2026-06-09 08:29,SESS-001060,VIS-01061,voice_note,English,domestic,Far North,pricing,Krystal Palace Douala,Littoral,positive,3.5,True,False
QRY-002371,2026-06-09 08:48,SESS-000948,VIS-00949,voice_note,French,foreign,China,opening_hours,Musee Maritime de Douala,Littoral,positive,3.1,True,False
QRY-000440,2026-06-09 08:56,SESS-000187,VIS-00188,text,English,domestic,East,directions,Down Beach Roasted Fish Sheds,South West,positive,4.7,True,False
QRY-002752,2026-06-09 09:03,SESS-001087,VIS-01088,text,French,domestic,North,pricing,Bimbia Slave Trade Port,South West,positive,4.7,True,False
QRY-001085,2026-06-09 09:21,SESS-000426,VIS-00427,text,French,domestic,West,pricing,Mont Febe & Golf Club,Centre,neutral,2.5,True,False
QRY-000496,2026-06-09 09:37,SESS-000210,VIS-00211,text,English,foreign,France,general_chat,,Far North,positive,2.0,True,False
QRY-002893,2026-06-09 09:44,SESS-001141,VIS-01142,voice_note,English,domestic,East,cultural_info,Mont Febe & Golf Club,Centre,positive,2.1,True,False
QRY-004970,2026-06-09 09:49,SESS-001961,VIS-01962,text,English,domestic,East,cultural_info,Grand Batanga & Luma Museum,South,neutral,3.5,True,False
QRY-001765,2026-06-09 10:24,SESS-000705,VIS-00706,text,French,foreign,USA,transport_fare,Hotel Ilomba,South,neutral,4.3,True,False
QRY-001526,2026-06-09 10:32,SESS-000609,VIS-00610,text,Pidgin,foreign,South Africa,directions,Mvog-Betsi Zoo & Botanical Garden,Centre,neutral,2.9,True,False
QRY-004144,2026-06-09 10:51,SESS-001636,VIS-01637,text,French,domestic,Far North,pricing,Hotel Zingana,West,neutral,2.4,True,False
QRY-005688,2026-06-09 11:04,SESS-002267,VIS-02268,text,French,foreign,Belgium,transport_fare,Bimbia Slave Trade Port,South West,neutral,3.1,True,False
QRY-004376,2026-06-09 11:10,SESS-001724,VIS-01725,text,English,domestic,South West,transport_fare,Bimbia Slave Trade Port,South West,positive,0.8,True,False
QRY-003255,2026-06-09 11:23,SESS-001303,VIS-01304,text,Pidgin,domestic,North West,booking_interest,Limbe Wildlife Centre,South West,positive,4.1,True,False
QRY-005400,2026-06-09 11:36,SESS-002141,VIS-02142,voice_note,English,domestic,Littoral,opening_hours,Palais des Rois Bell (Pagode),Littoral,positive,3.9,True,False
QRY-005047,2026-06-09 11:45,SESS-001993,VIS-01994,text,Pidgin,domestic,North West,directions,Seme Beach Hotel,South West,neutral,4.7,True,False
QRY-005082,2026-06-09 11:54,SESS-002010,VIS-02011,text,French,foreign,USA,pricing,Plage de Kribi (Tara Plage),South,neutral,6.4,True,False
QRY-005297,2026-06-09 12:03,SESS-002104,VIS-02105,voice_note,French,domestic,North,booking_interest,Krystal Palace Douala,Littoral,neutral,3.8,True,False
QRY-001739,2026-06-09 12:24,SESS-000696,VIS-00697,text,English,domestic,East,directions,Mount Cameroon (Upper Farms),South West,positive,1.4,True,False
QRY-001263,2026-06-09 12:38,SESS-000502,VIS-00503,text,Pidgin,domestic,Adamawa,opening_hours,Mount Cameroon (Upper Farms),South West,positive,2.6,True,False
QRY-002277,2026-06-09 13:23,SESS-000908,VIS-00909,text,French,domestic,West,pricing,Grand Batanga & Luma Museum,South,negative,2.6,False,False
QRY-000685,2026-06-09 13:39,SESS-000276,VIS-00277,voice_note,English,domestic,Littoral,directions,Limbe Wildlife Centre,South West,positive,2.5,True,False
QRY-004497,2026-06-09 13:45,SESS-001770,VIS-01771,text,French,domestic,South,transport_fare,Mefou Primate Sanctuary,Centre,negative,3.2,True,False
QRY-004353,2026-06-09 13:55,SESS-001714,VIS-01715,text,French,domestic,East,opening_hours,Chefferie de Bandjoun,West,neutral,4.2,True,False
QRY-001653,2026-06-09 14:08,SESS-000659,VIS-00660,text,French,domestic,South,directions,Mont Febe & Golf Club,Centre,neutral,2.8,True,False
QRY-004719,2026-06-09 14:41,SESS-001866,VIS-01867,text,Pidgin,domestic,South West,directions,Palais Royal de Foumban & Museum,West,neutral,3.6,True,False
QRY-005254,2026-06-09 14:50,SESS-002087,VIS-02088,text,English,foreign,France,directions,Down Beach & Batoke Beach,South West,positive,3.7,True,False
QRY-002859,2026-06-09 15:02,SESS-001126,VIS-01127,text,French,domestic,Adamawa,opening_hours,Plage de Kribi (Tara Plage),South,positive,4.3,True,False
QRY-005218,2026-06-09 15:40,SESS-002070,VIS-02071,voice_note,English,foreign,Belgium,general_chat,,North,neutral,2.4,True,False
QRY-003864,2026-06-09 15:47,SESS-001540,VIS-01541,text,French,foreign,Nigeria,general_chat,,Littoral,positive,2.5,True,False
QRY-000734,2026-06-09 16:16,SESS-000292,VIS-00293,voice_note,English,domestic,Adamawa,directions,Musee Maritime de Douala,Littoral,positive,2.7,True,False
QRY-001349,2026-06-09 16:19,SESS-000534,VIS-00535,text,French,domestic,North West,booking_interest,Rue des Artisans,West,positive,2.1,True,False
QRY-003895,2026-06-09 16:49,SESS-001549,VIS-01550,text,French,foreign,USA,opening_hours,Chez Carimo / Lobe Shacks,South,positive,3.3,True,False
QRY-000672,2026-06-09 17:13,SESS-000273,VIS-00274,text,French,foreign,China,directions,Chez Carimo / Lobe Shacks,South,neutral,3.9,True,False
QRY-004758,2026-06-09 17:17,SESS-001882,VIS-01883,text,Pidgin,foreign,South Africa,transport_fare,Down Beach & Batoke Beach,South West,positive,1.9,True,False
QRY-004702,2026-06-09 17:29,SESS-001862,VIS-01863,text,Pidgin,foreign,UK,cultural_info,L'Ovalie & La Fourchette,Littoral,positive,4.6,True,False
QRY-000869,2026-06-09 17:32,SESS-000341,VIS-00342,text,English,foreign,Equatorial Guinea,general_chat,,South West,neutral,5.4,True,False
QRY-005264,2026-06-09 18:00,SESS-002090,VIS-02091,text,French,domestic,North,transport_fare,Marche Sandaga & Deido Soya,Littoral,positive,3.4,True,False
QRY-000147,2026-06-09 18:23,SESS-000067,VIS-00068,text,French,domestic,Littoral,opening_hours,Down Beach Roasted Fish Sheds,South West,neutral,3.2,True,False
QRY-002791,2026-06-09 18:25,SESS-001100,VIS-01101,text,English,foreign,Canada,booking_interest,Down Beach Roasted Fish Sheds,South West,neutral,3.7,True,False
QRY-003716,2026-06-09 18:36,SESS-001477,VIS-01478,text,Pidgin,domestic,North West,cultural_info,Chez Wou & La Salsa,Centre,neutral,2.9,True,False
QRY-005515,2026-06-09 18:38,SESS-002195,VIS-02196,text,English,foreign,Belgium,transport_fare,Musee National de Yaounde,Centre,neutral,2.4,True,False
QRY-005794,2026-06-09 18:49,SESS-002318,VIS-02319,text,English,domestic,West,pricing,Musee National de Yaounde,Centre,neutral,2.9,False,False
QRY-002697,2026-06-09 19:29,SESS-001063,VIS-01064,text,English,domestic,South West,general_chat,,West,neutral,3.0,True,False
QRY-003013,2026-06-09 19:41,SESS-001185,VIS-01186,text,English,foreign,China,booking_interest,Bimbia Slave Trade Port,South West,negative,3.3,True,False
QRY-004830,2026-06-09 19:46,SESS-001908,VIS-01909,text,English,domestic,North West,general_chat,,Littoral,positive,3.4,True,False
QRY-000989,2026-06-09 19:49,SESS-000391,VIS-00392,text,English,foreign,Belgium,general_chat,,West,positive,4.8,True,False
QRY-004900,2026-06-09 19:58,SESS-001938,VIS-01939,text,French,foreign,Equatorial Guinea,booking_interest,Chez Wou & La Salsa,Centre,positive,4.2,False,False
QRY-005935,2026-06-09 20:01,SESS-002380,VIS-02381,text,French,foreign,USA,general_chat,,South,positive,2.6,True,False
QRY-004195,2026-06-09 20:10,SESS-001659,VIS-01660,text,French,domestic,Adamawa,pricing,Palais des Rois Bell (Pagode),Littoral,neutral,2.1,True,False
QRY-001497,2026-06-09 20:41,SESS-000599,VIS-00600,voice_note,English,foreign,France,cultural_info,Hotel Zingana,West,positive,3.9,True,False
QRY-004973,2026-06-09 21:20,SESS-001961,VIS-01962,text,French,domestic,East,pricing,Hotel Ilomba,South,neutral,2.6,True,False
QRY-001481,2026-06-09 21:27,SESS-000596,VIS-00597,text,English,domestic,Littoral,opening_hours,Campo Ma'an National Park,South,positive,0.9,True,False
QRY-002549,2026-06-09 21:35,SESS-001018,VIS-01019,text,English,foreign,UK,directions,Hotel Ilomba,South,positive,3.1,True,False
QRY-004475,2026-06-09 21:36,SESS-001757,VIS-01758,text,English,domestic,South,pricing,Bimbia Slave Trade Port,South West,neutral,4.5,True,False
QRY-005349,2026-06-09 22:43,SESS-002128,VIS-02129,text,English,domestic,South West,booking_interest,Mvog-Betsi Zoo & Botanical Garden,Centre,positive,1.3,True,False
QRY-003852,2026-06-09 22:55,SESS-001537,VIS-01538,voice_note,French,domestic,Adamawa,transport_fare,Marche Sandaga & Deido Soya,Littoral,neutral,3.0,False,False
QRY-004426,2026-06-10 06:26,SESS-001740,VIS-01741,text,French,domestic,Far North,pricing,Musee Maritime de Douala,Littoral,neutral,3.5,True,False
QRY-001201,2026-06-10 06:40,SESS-000475,VIS-00476,voice_note,French,domestic,South,pricing,Musee Maritime de Douala,Littoral,positive,4.0,True,False
QRY-005777,2026-06-10 06:47,SESS-002311,VIS-02312,text,French,foreign,Equatorial Guinea,directions,Musee National de Yaounde,Centre,positive,3.3,True,False
QRY-004456,2026-06-10 07:47,SESS-001753,VIS-01754,voice_note,French,foreign,Belgium,cultural_info,Chez Wou & La Salsa,Centre,positive,2.9,True,False
QRY-004223,2026-06-10 07:56,SESS-001668,VIS-01669,text,French,domestic,West,pricing,Chez Wou & La Salsa,Centre,neutral,3.8,True,False
QRY-000850,2026-06-10 08:04,SESS-000333,VIS-00334,text,French,foreign,Canada,cultural_info,Star Land Hotel Bastos,Centre,positive,2.9,True,False
QRY-005161,2026-06-10 08:14,SESS-002045,VIS-02046,text,English,domestic,East,pricing,Monument de la Reunification,Centre,neutral,3.9,True,False
QRY-004512,2026-06-10 08:22,SESS-001777,VIS-01778,text,French,domestic,West,pricing,Limbe Wildlife Centre,South West,neutral,4.1,True,False
QRY-000660,2026-06-10 08:49,SESS-000271,VIS-00272,text,English,domestic,East,cultural_info,Chez Carimo / Lobe Shacks,South,neutral,3.3,True,False
QRY-005020,2026-06-10 09:28,SESS-001982,VIS-01983,voice_note,French,foreign,France,transport_fare,Krystal Palace Douala,Littoral,neutral,2.7,True,False
QRY-001832,2026-06-10 09:28,SESS-000729,VIS-00730,voice_note,French,domestic,South,cultural_info,Pullman Douala Rabingha,Littoral,neutral,3.1,True,False
QRY-002266,2026-06-10 09:48,SESS-000906,VIS-00907,voice_note,French,foreign,Belgium,directions,Rue des Artisans,West,negative,3.9,False,False
QRY-001540,2026-06-10 09:53,SESS-000614,VIS-00615,text,French,domestic,South West,pricing,Seme Beach Hotel,South West,positive,3.1,True,False
QRY-006112,2026-06-10 09:55,SESS-002438,VIS-02439,voice_note,French,domestic,Littoral,general_chat,,North West,neutral,3.0,True,False
QRY-003551,2026-06-10 10:02,SESS-001412,VIS-01413,text,French,foreign,China,directions,Bimbia Slave Trade Port,South West,neutral,2.3,True,False
QRY-005507,2026-06-10 10:02,SESS-002190,VIS-02191,text,English,domestic,South,general_chat,,Centre,positive,2.6,True,False
QRY-002321,2026-06-10 10:18,SESS-000927,VIS-00928,voice_note,Pidgin,foreign,Canada,pricing,Limbe Wildlife Centre,South West,positive,2.6,True,False
QRY-004430,2026-06-10 10:52,SESS-001743,VIS-01744,text,English,domestic,Far North,opening_hours,Grand Batanga & Luma Museum,South,neutral,3.4,True,False
QRY-003145,2026-06-10 11:14,SESS-001255,VIS-01256,voice_note,French,foreign,South Africa,opening_hours,Domaine du Petpenoun,West,neutral,4.0,True,False
QRY-005596,2026-06-10 11:14,SESS-002229,VIS-02230,voice_note,English,domestic,West,emergency_sos,Mefou Primate Sanctuary,Centre,negative,1.1,True,True
QRY-003954,2026-06-10 11:34,SESS-001566,VIS-01567,text,English,foreign,USA,opening_hours,Down Beach Roasted Fish Sheds,South West,neutral,3.3,True,False
QRY-005511,2026-06-10 11:44,SESS-002193,VIS-02194,voice_note,English,domestic,South,directions,Grand Batanga & Luma Museum,South,positive,3.9,True,False
QRY-003743,2026-06-10 11:53,SESS-001488,VIS-01489,voice_note,French,domestic,Centre,booking_interest,Down Beach & Batoke Beach,South West,positive,2.1,True,False
QRY-000266,2026-06-10 12:03,SESS-000122,VIS-00123,voice_note,English,domestic,South West,transport_fare,Down Beach Roasted Fish Sheds,South West,neutral,4.5,True,False
QRY-005114,2026-06-10 12:11,SESS-002020,VIS-02021,text,English,foreign,UK,directions,Palais des Rois Bell (Pagode),Littoral,neutral,3.3,True,False
QRY-000432,2026-06-10 12:18,SESS-000182,VIS-00183,text,English,domestic,North,directions,Chez Wou & La Salsa,Centre,positive,2.8,True,False
QRY-001589,2026-06-10 12:24,SESS-000629,VIS-00630,voice_note,Pidgin,domestic,East,transport_fare,Palais des Rois Bell (Pagode),Littoral,negative,2.9,True,False
QRY-004339,2026-06-10 12:41,SESS-001708,VIS-01709,voice_note,English,foreign,Gabon,pricing,L'Ovalie & La Fourchette,Littoral,neutral,3.3,True,False
QRY-004835,2026-06-10 13:18,SESS-001910,VIS-01911,text,French,foreign,South Africa,booking_interest,Plage de Kribi (Tara Plage),South,neutral,3.9,True,False
QRY-001199,2026-06-10 14:04,SESS-000473,VIS-00474,text,English,domestic,Littoral,pricing,Bimbia Slave Trade Port,South West,neutral,2.9,True,False
QRY-004612,2026-06-10 14:45,SESS-001824,VIS-01825,text,English,domestic,Centre,pricing,Chutes d'Ekom Nkam,Littoral,neutral,2.9,True,False
QRY-000257,2026-06-10 14:53,SESS-000116,VIS-00117,text,French,domestic,West,booking_interest,Down Beach & Batoke Beach,South West,positive,3.7,True,False
QRY-005078,2026-06-10 15:00,SESS-002009,VIS-02010,voice_note,French,domestic,Adamawa,opening_hours,Chez Carimo / Lobe Shacks,South,negative,2.3,True,False
QRY-004352,2026-06-10 15:35,SESS-001714,VIS-01715,text,French,foreign,Nigeria,opening_hours,Hilton Yaounde,Centre,positive,4.1,True,False
QRY-001107,2026-06-10 15:47,SESS-000434,VIS-00435,voice_note,French,domestic,West,cultural_info,Mont Febe & Golf Club,Centre,positive,5.3,True,False
QRY-003568,2026-06-10 16:25,SESS-001419,VIS-01420,text,English,domestic,Adamawa,pricing,Star Land Hotel Bastos,Centre,positive,3.1,True,False
QRY-003142,2026-06-10 16:28,SESS-001254,VIS-01255,text,French,foreign,UK,opening_hours,Hotel Ilomba,South,neutral,3.0,True,False
QRY-003695,2026-06-10 16:32,SESS-001467,VIS-01468,voice_note,French,domestic,East,pricing,Palais Royal de Foumban & Museum,West,positive,1.8,True,False
QRY-003649,2026-06-10 17:02,SESS-001448,VIS-01449,text,French,domestic,South,opening_hours,Bimbia Slave Trade Port,South West,neutral,1.4,True,False
QRY-000604,2026-06-10 17:24,SESS-000253,VIS-00254,voice_note,Pidgin,foreign,Gabon,pricing,Monument de la Reunification,Centre,positive,4.5,True,False
QRY-000633,2026-06-10 17:55,SESS-000261,VIS-00262,text,French,domestic,North West,directions,L'Ovalie & La Fourchette,Littoral,positive,3.8,True,False
QRY-004519,2026-06-10 18:06,SESS-001783,VIS-01784,text,English,domestic,North,transport_fare,Krystal Palace Douala,Littoral,positive,3.6,True,False
QRY-003957,2026-06-10 18:19,SESS-001566,VIS-01567,text,English,foreign,China,opening_hours,Rue des Artisans,West,neutral,3.0,True,False
QRY-005795,2026-06-10 18:32,SESS-002319,VIS-02320,text,French,foreign,Belgium,directions,Grand Batanga & Luma Museum,South,neutral,4.0,True,False
QRY-002278,2026-06-10 18:34,SESS-000908,VIS-00909,text,French,domestic,Littoral,pricing,Domaine du Petpenoun,West,positive,1.8,True,False
QRY-000261,2026-06-10 19:15,SESS-000119,VIS-00120,voice_note,French,foreign,China,pricing,Chutes d'Ekom Nkam,Littoral,neutral,2.1,True,False
QRY-002808,2026-06-10 19:19,SESS-001106,VIS-01107,text,French,domestic,South,booking_interest,Les Gites de Kribi,South,negative,3.4,True,False
QRY-005184,2026-06-10 20:10,SESS-002055,VIS-02056,text,French,domestic,South,directions,Rue des Artisans,West,positive,3.7,True,False
QRY-001313,2026-06-10 20:31,SESS-000517,VIS-00518,text,English,domestic,West,general_chat,,Adamawa,positive,2.7,True,False
QRY-004668,2026-06-10 20:38,SESS-001847,VIS-01848,text,Pidgin,foreign,Chad,booking_interest,Palais Royal de Foumban & Museum,West,positive,3.2,True,False
QRY-002706,2026-06-10 20:52,SESS-001068,VIS-01069,text,English,domestic,Centre,transport_fare,Palais Royal de Foumban & Museum,West,positive,4.7,True,False
QRY-003796,2026-06-10 21:36,SESS-001515,VIS-01516,voice_note,French,foreign,USA,opening_hours,Musee Maritime de Douala,Littoral,neutral,3.4,True,False
QRY-000695,2026-06-10 21:37,SESS-000279,VIS-00280,text,English,domestic,South,opening_hours,Chez Wou & La Salsa,Centre,neutral,3.5,True,False
QRY-005175,2026-06-10 22:10,SESS-002052,VIS-02053,text,English,domestic,North West,booking_interest,Marche Sandaga & Deido Soya,Littoral,neutral,1.1,True,False
QRY-003522,2026-06-11 06:11,SESS-001404,VIS-01405,text,Pidgin,domestic,South,cultural_info,Chez Carimo / Lobe Shacks,South,positive,4.3,True,False
QRY-003318,2026-06-11 06:12,SESS-001328,VIS-01329,text,French,foreign,France,booking_interest,L'Ovalie & La Fourchette,Littoral,positive,3.0,True,False
QRY-002010,2026-06-11 07:13,SESS-000799,VIS-00800,text,English,foreign,Nigeria,pricing,Mefou Primate Sanctuary,Centre,positive,3.8,True,False
QRY-000405,2026-06-11 07:35,SESS-000177,VIS-00178,text,English,domestic,East,transport_fare,Krystal Palace Douala,Littoral,neutral,3.9,True,False
QRY-004698,2026-06-11 07:37,SESS-001860,VIS-01861,text,English,domestic,West,pricing,Chez Carimo / Lobe Shacks,South,negative,3.2,True,False
QRY-005897,2026-06-11 07:49,SESS-002364,VIS-02365,text,French,domestic,Centre,general_chat,,North,positive,3.7,True,False
QRY-001323,2026-06-11 08:46,SESS-000522,VIS-00523,voice_note,French,foreign,Nigeria,emergency_sos,Chez Wou & La Salsa,Centre,negative,0.8,True,True
QRY-005788,2026-06-11 09:14,SESS-002315,VIS-02316,text,English,domestic,East,booking_interest,Grand Batanga & Luma Museum,South,positive,4.0,True,False
QRY-001043,2026-06-11 09:16,SESS-000411,VIS-00412,text,English,domestic,Far North,pricing,Rue des Artisans,West,neutral,2.5,True,False
QRY-003036,2026-06-11 09:19,SESS-001197,VIS-01198,text,French,foreign,Nigeria,general_chat,,Centre,positive,2.9,True,False
QRY-005731,2026-06-11 09:34,SESS-002288,VIS-02289,text,English,foreign,USA,pricing,Grand Batanga & Luma Museum,South,negative,1.2,True,False
QRY-004731,2026-06-11 10:01,SESS-001870,VIS-01871,text,English,foreign,Belgium,pricing,Chefferie de Bandjoun,West,positive,4.6,True,False
QRY-001400,2026-06-11 10:11,SESS-000557,VIS-00558,text,French,foreign,France,cultural_info,Hotel Zingana,West,positive,1.9,True,False
QRY-002728,2026-06-11 10:29,SESS-001079,VIS-01080,text,French,foreign,China,pricing,Marche Sandaga & Deido Soya,Littoral,neutral,2.9,True,False
QRY-000895,2026-06-11 11:01,SESS-000354,VIS-00355,text,French,domestic,South,directions,Artisanal Village & Flower Market,Littoral,positive,3.2,True,False
QRY-005880,2026-06-11 11:07,SESS-002359,VIS-02360,text,French,domestic,West,opening_hours,FINI Hotel Bobende,South West,neutral,2.6,True,False
QRY-005280,2026-06-11 11:10,SESS-002097,VIS-02098,voice_note,Pidgin,domestic,West,directions,Palais des Rois Bell (Pagode),Littoral,negative,2.8,True,False
QRY-001906,2026-06-11 11:28,SESS-000757,VIS-00758,text,French,domestic,East,opening_hours,Pullman Douala Rabingha,Littoral,neutral,2.3,True,False
QRY-002177,2026-06-11 11:45,SESS-000866,VIS-00867,text,French,domestic,West,general_chat,,North West,neutral,4.3,True,False
QRY-003420,2026-06-11 11:57,SESS-001365,VIS-01366,text,English,foreign,Nigeria,opening_hours,Bimbia Slave Trade Port,South West,neutral,4.8,True,False
QRY-006174,2026-06-11 12:37,SESS-002463,VIS-02464,text,French,foreign,Belgium,directions,Chez Carimo / Lobe Shacks,South,neutral,2.0,True,False
QRY-003397,2026-06-11 13:38,SESS-001358,VIS-01359,voice_note,English,foreign,France,pricing,Rue des Artisans,West,neutral,3.3,True,False
QRY-005123,2026-06-11 13:40,SESS-002024,VIS-02025,text,French,domestic,South West,pricing,Pullman Douala Rabingha,Littoral,neutral,2.4,True,False
QRY-001145,2026-06-11 13:48,SESS-000453,VIS-00454,text,French,domestic,Far North,pricing,Musee National de Yaounde,Centre,neutral,2.6,True,False
QRY-001747,2026-06-11 13:58,SESS-000698,VIS-00699,text,Pidgin,domestic,Far North,directions,Palais Royal de Foumban & Museum,West,positive,3.4,True,False
QRY-002126,2026-06-11 14:08,SESS-000845,VIS-00846,text,English,domestic,South,pricing,Les Gites de Kribi,South,positive,3.2,True,False
QRY-004441,2026-06-11 14:09,SESS-001748,VIS-01749,text,English,domestic,North,directions,Limbe Botanic Garden,South West,neutral,3.2,True,False
QRY-004654,2026-06-11 14:21,SESS-001839,VIS-01840,voice_note,French,domestic,South,general_chat,,West,positive,1.5,True,False
QRY-000327,2026-06-11 14:40,SESS-000147,VIS-00148,voice_note,French,foreign,France,booking_interest,Chez Carimo / Lobe Shacks,South,neutral,4.3,True,False
QRY-001242,2026-06-11 14:46,SESS-000495,VIS-00496,text,English,foreign,UK,transport_fare,Chefferie de Bandjoun,West,positive,3.9,True,False
QRY-004323,2026-06-11 15:07,SESS-001702,VIS-01703,voice_note,French,domestic,Far North,directions,Rue des Artisans,West,neutral,5.8,True,False
QRY-002063,2026-06-11 15:29,SESS-000822,VIS-00823,text,English,foreign,Germany,general_chat,,Littoral,positive,3.6,True,False
QRY-005265,2026-06-11 15:29,SESS-002091,VIS-02092,voice_note,Pidgin,domestic,South,booking_interest,Grand Batanga & Luma Museum,South,positive,2.9,True,False
QRY-003972,2026-06-11 15:49,SESS-001571,VIS-01572,voice_note,English,domestic,Adamawa,pricing,Pullman Douala Rabingha,Littoral,neutral,3.5,True,False
QRY-002599,2026-06-11 15:51,SESS-001033,VIS-01034,text,French,domestic,Adamawa,pricing,Monument de la Reunification,Centre,neutral,1.4,True,False
QRY-002284,2026-06-11 15:52,SESS-000910,VIS-00911,text,French,domestic,West,directions,Pullman Douala Rabingha,Littoral,positive,1.9,True,False
QRY-006180,2026-06-11 15:59,SESS-002465,VIS-02466,voice_note,English,foreign,Belgium,booking_interest,Mount Cameroon (Upper Farms),South West,neutral,2.4,True,False
QRY-003591,2026-06-11 16:01,SESS-001426,VIS-01427,text,French,domestic,Far North,pricing,FINI Hotel Bobende,South West,neutral,2.9,True,False
QRY-005181,2026-06-11 16:59,SESS-002054,VIS-02055,voice_note,English,domestic,North,directions,Hilton Yaounde,Centre,positive,3.3,True,False
QRY-003897,2026-06-11 17:14,SESS-001550,VIS-01551,text,English,domestic,West,directions,Down Beach Roasted Fish Sheds,South West,positive,3.1,True,False
QRY-000789,2026-06-11 17:16,SESS-000311,VIS-00312,voice_note,French,domestic,South,pricing,Star Land Hotel Bastos,Centre,neutral,3.2,True,False
QRY-001429,2026-06-11 17:24,SESS-000573,VIS-00574,text,Pidgin,domestic,North,emergency_sos,Star Land Hotel Bastos,Centre,negative,1.1,True,True
QRY-000047,2026-06-11 17:25,SESS-000018,VIS-00019,voice_note,English,domestic,Littoral,general_chat,,West,positive,3.0,True,False
QRY-003715,2026-06-11 17:26,SESS-001477,VIS-01478,voice_note,Pidgin,domestic,Adamawa,transport_fare,Seme Beach Hotel,South West,negative,3.7,True,False
QRY-005435,2026-06-11 17:52,SESS-002161,VIS-02162,text,French,foreign,Canada,cultural_info,Bimbia Slave Trade Port,South West,neutral,3.9,True,False
QRY-001034,2026-06-11 18:01,SESS-000409,VIS-00410,text,English,foreign,Canada,directions,Limbe Botanic Garden,South West,neutral,4.0,True,False
QRY-003738,2026-06-11 18:37,SESS-001487,VIS-01488,text,French,domestic,Littoral,pricing,Down Beach & Batoke Beach,South West,neutral,3.3,True,False
QRY-004617,2026-06-11 18:47,SESS-001826,VIS-01827,text,French,foreign,USA,transport_fare,Down Beach Roasted Fish Sheds,South West,negative,2.1,True,False
QRY-001709,2026-06-11 18:48,SESS-000682,VIS-00683,text,French,foreign,Chad,transport_fare,Palais Royal de Foumban & Museum,West,neutral,4.9,True,False
QRY-002662,2026-06-11 18:53,SESS-001052,VIS-01053,text,French,foreign,South Africa,transport_fare,Pullman Douala Rabingha,Littoral,negative,3.1,True,False
QRY-001191,2026-06-11 19:40,SESS-000469,VIS-00470,voice_note,French,domestic,South,cultural_info,Hotel Zingana,West,positive,2.7,True,False
QRY-001779,2026-06-11 19:59,SESS-000711,VIS-00712,voice_note,French,domestic,Centre,opening_hours,Palais des Rois Bell (Pagode),Littoral,negative,3.4,True,False
QRY-004829,2026-06-11 20:08,SESS-001908,VIS-01909,text,French,domestic,South,emergency_sos,Limbe Botanic Garden,South West,negative,2.2,True,True
QRY-001171,2026-06-11 20:15,SESS-000461,VIS-00462,voice_note,English,domestic,South West,pricing,Campo Ma'an National Park,South,positive,4.4,True,False
QRY-003885,2026-06-11 20:20,SESS-001546,VIS-01547,text,English,domestic,North,directions,Mont Febe & Golf Club,Centre,positive,2.4,True,False
QRY-000883,2026-06-11 20:42,SESS-000348,VIS-00349,voice_note,Pidgin,domestic,Far North,general_chat,,North,positive,2.3,True,False
QRY-002916,2026-06-11 21:30,SESS-001150,VIS-01151,text,English,foreign,Germany,pricing,Palais Royal de Foumban & Museum,West,negative,2.7,True,False
QRY-005351,2026-06-11 21:33,SESS-002128,VIS-02129,text,English,foreign,Equatorial Guinea,booking_interest,Musee National de Yaounde,Centre,positive,2.4,True,False
QRY-001898,2026-06-11 21:38,SESS-000757,VIS-00758,text,Pidgin,domestic,West,cultural_info,Palais des Rois Bell (Pagode),Littoral,positive,2.9,True,False
QRY-002977,2026-06-11 21:39,SESS-001171,VIS-01172,text,English,domestic,Adamawa,opening_hours,Down Beach & Batoke Beach,South West,positive,4.1,True,False
QRY-004346,2026-06-11 22:04,SESS-001712,VIS-01713,text,English,domestic,West,booking_interest,Grand Batanga & Luma Museum,South,positive,3.1,True,False
QRY-001432,2026-06-11 22:46,SESS-000573,VIS-00574,text,French,domestic,North,general_chat,,Adamawa,neutral,3.1,True,False
QRY-003494,2026-06-11 22:59,SESS-001393,VIS-01394,text,English,domestic,North West,pricing,Down Beach & Batoke Beach,South West,neutral,3.5,True,False
QRY-003510,2026-06-12 06:13,SESS-001400,VIS-01401,text,English,foreign,UK,cultural_info,Rue des Artisans,West,neutral,1.8,True,False
QRY-005413,2026-06-12 06:14,SESS-002150,VIS-02151,text,French,foreign,Chad,general_chat,,North West,positive,3.7,True,False
QRY-000245,2026-06-12 06:15,SESS-000112,VIS-00113,text,English,domestic,South West,pricing,Krystal Palace Douala,Littoral,negative,2.9,True,False
QRY-002132,2026-06-12 06:26,SESS-000846,VIS-00847,voice_note,French,domestic,North,cultural_info,Mont Febe & Golf Club,Centre,positive,2.7,True,False
QRY-000900,2026-06-12 06:42,SESS-000357,VIS-00358,voice_note,English,domestic,West,opening_hours,Chez Wou & La Salsa,Centre,neutral,4.1,True,False
QRY-005520,2026-06-12 07:13,SESS-002198,VIS-02199,voice_note,English,domestic,Littoral,directions,Douala-Edea Wildlife Reserve,Littoral,positive,3.5,True,False
QRY-003940,2026-06-12 07:17,SESS-001563,VIS-01564,voice_note,English,domestic,Far North,opening_hours,Bimbia Slave Trade Port,South West,neutral,3.0,True,False
QRY-003320,2026-06-12 07:20,SESS-001330,VIS-01331,text,French,domestic,Far North,opening_hours,Musee Maritime de Douala,Littoral,positive,1.2,True,False
QRY-006154,2026-06-12 07:35,SESS-002455,VIS-02456,voice_note,English,foreign,China,pricing,Krystal Palace Douala,Littoral,neutral,2.0,True,False
QRY-002748,2026-06-12 07:52,SESS-001084,VIS-01085,text,French,domestic,Littoral,general_chat,,North,neutral,2.1,True,False
QRY-000724,2026-06-12 08:04,SESS-000289,VIS-00290,voice_note,English,domestic,South,transport_fare,Les Gites de Kribi,South,neutral,2.8,True,False
QRY-005608,2026-06-12 09:09,SESS-002235,VIS-02236,text,English,domestic,West,general_chat,,Centre,neutral,3.0,True,False
QRY-000226,2026-06-12 09:53,SESS-000106,VIS-00107,text,English,domestic,North West,directions,Les Gites de Kribi,South,positive,2.6,True,False
QRY-005286,2026-06-12 10:39,SESS-002099,VIS-02100,text,English,domestic,Centre,directions,Chez Wou & La Salsa,Centre,positive,5.2,True,False
QRY-003119,2026-06-12 10:39,SESS-001244,VIS-01245,text,English,domestic,South,cultural_info,Bimbia Slave Trade Port,South West,neutral,3.4,True,False
QRY-005852,2026-06-12 11:12,SESS-002348,VIS-02349,voice_note,English,domestic,Adamawa,directions,Mefou Primate Sanctuary,Centre,positive,3.9,True,False
QRY-003733,2026-06-12 11:26,SESS-001484,VIS-01485,voice_note,French,domestic,Centre,pricing,Grand Batanga & Luma Museum,South,negative,4.0,True,False
QRY-005038,2026-06-12 11:43,SESS-001990,VIS-01991,text,English,foreign,Nigeria,pricing,Mount Cameroon (Upper Farms),South West,neutral,3.2,True,False
QRY-002815,2026-06-12 11:53,SESS-001107,VIS-01108,text,English,foreign,Gabon,booking_interest,Palais Royal de Foumban & Museum,West,neutral,3.4,True,False
QRY-002288,2026-06-12 12:23,SESS-000910,VIS-00911,text,English,domestic,North West,opening_hours,Chez Wou & La Salsa,Centre,positive,3.0,True,False
QRY-004975,2026-06-12 12:41,SESS-001962,VIS-01963,text,English,foreign,South Africa,booking_interest,Hotel Ilomba,South,neutral,3.5,False,False
QRY-001220,2026-06-12 12:42,SESS-000484,VIS-00485,text,English,domestic,Far North,booking_interest,Limbe Wildlife Centre,South West,neutral,4.4,True,False
QRY-001454,2026-06-12 13:38,SESS-000581,VIS-00582,text,English,domestic,Adamawa,pricing,Plage de Kribi (Tara Plage),South,neutral,2.9,True,False
QRY-001749,2026-06-12 14:25,SESS-000699,VIS-00700,voice_note,English,foreign,Chad,pricing,Mvog-Betsi Zoo & Botanical Garden,Centre,neutral,3.2,True,False
QRY-002795,2026-06-12 14:38,SESS-001101,VIS-01102,voice_note,Pidgin,domestic,Adamawa,directions,Campo Ma'an National Park,South,positive,1.9,True,False
QRY-004549,2026-06-12 14:39,SESS-001795,VIS-01796,voice_note,French,domestic,South West,cultural_info,Palais Royal de Foumban & Museum,West,positive,4.6,True,False
QRY-003328,2026-06-12 14:42,SESS-001334,VIS-01335,text,English,domestic,West,pricing,L'Ovalie & La Fourchette,Littoral,neutral,2.9,True,False
QRY-001797,2026-06-12 15:19,SESS-000715,VIS-00716,text,French,domestic,North,pricing,Palais Royal de Foumban & Museum,West,positive,4.3,True,False
QRY-005442,2026-06-12 15:42,SESS-002167,VIS-02168,text,English,domestic,Far North,cultural_info,Chez Carimo / Lobe Shacks,South,neutral,3.1,True,False
QRY-002204,2026-06-12 16:18,SESS-000875,VIS-00876,text,French,foreign,Equatorial Guinea,opening_hours,Rue des Artisans,West,neutral,1.1,True,False
QRY-002907,2026-06-12 16:35,SESS-001146,VIS-01147,text,English,domestic,East,general_chat,,North West,positive,4.1,True,False
QRY-000992,2026-06-12 16:59,SESS-000391,VIS-00392,voice_note,English,domestic,Centre,transport_fare,Palais des Rois Bell (Pagode),Littoral,negative,0.8,True,False
QRY-001550,2026-06-12 17:02,SESS-000618,VIS-00619,text,English,domestic,North West,pricing,Mont Febe & Golf Club,Centre,neutral,4.4,True,False
QRY-000277,2026-06-12 17:28,SESS-000126,VIS-00127,text,French,domestic,Far North,directions,Mount Cameroon (Upper Farms),South West,positive,5.2,True,False
QRY-003969,2026-06-12 18:21,SESS-001570,VIS-01571,text,Pidgin,domestic,East,directions,Musee National de Yaounde,Centre,positive,3.0,True,False
QRY-003979,2026-06-12 18:24,SESS-001573,VIS-01574,voice_note,English,domestic,South,booking_interest,Hilton Yaounde,Centre,positive,1.8,True,False
QRY-001468,2026-06-12 18:31,SESS-000590,VIS-00591,voice_note,English,domestic,Adamawa,booking_interest,Star Land Hotel Bastos,Centre,neutral,4.5,True,False
QRY-002784,2026-06-12 19:03,SESS-001098,VIS-01099,voice_note,French,domestic,North West,transport_fare,L'Ovalie & La Fourchette,Littoral,positive,3.0,True,False
QRY-001484,2026-06-12 19:20,SESS-000596,VIS-00597,text,English,foreign,Germany,opening_hours,Campo Ma'an National Park,South,negative,2.6,True,False
QRY-003103,2026-06-12 19:29,SESS-001236,VIS-01237,text,Pidgin,domestic,Littoral,opening_hours,Mvog-Betsi Zoo & Botanical Garden,Centre,positive,3.6,True,False
QRY-006118,2026-06-12 19:40,SESS-002440,VIS-02441,voice_note,Pidgin,domestic,North,general_chat,,Adamawa,neutral,4.1,True,False
QRY-005008,2026-06-12 20:15,SESS-001978,VIS-01979,voice_note,Pidgin,domestic,Centre,opening_hours,Plage de Kribi (Tara Plage),South,neutral,4.4,True,False
QRY-003312,2026-06-12 20:23,SESS-001324,VIS-01325,text,French,domestic,South,opening_hours,Hotel Ilomba,South,neutral,3.5,False,False
QRY-000890,2026-06-12 20:27,SESS-000351,VIS-00352,text,English,domestic,West,general_chat,,North,positive,3.6,True,False
QRY-002176,2026-06-12 21:14,SESS-000866,VIS-00867,text,French,domestic,Littoral,transport_fare,Pullman Douala Rabingha,Littoral,neutral,2.9,True,False
QRY-002831,2026-06-12 21:39,SESS-001112,VIS-01113,text,French,foreign,USA,pricing,Down Beach & Batoke Beach,South West,neutral,2.9,True,False
QRY-002290,2026-06-12 21:43,SESS-000910,VIS-00911,text,French,domestic,West,pricing,Mvog-Betsi Zoo & Botanical Garden,Centre,neutral,4.1,False,False
QRY-005030,2026-06-12 21:49,SESS-001985,VIS-01986,text,Pidgin,domestic,Far North,general_chat,,North West,positive,3.3,True,False
QRY-000788,2026-06-12 21:56,SESS-000311,VIS-00312,text,Pidgin,domestic,South West,opening_hours,Les Gites de Kribi,South,neutral,2.4,True,False
QRY-001122,2026-06-12 22:03,SESS-000442,VIS-00443,text,French,domestic,Littoral,general_chat,,South,positive,2.8,True,False
QRY-000935,2026-06-12 22:12,SESS-000371,VIS-00372,voice_note,English,domestic,North West,pricing,Krystal Palace Douala,Littoral,neutral,2.5,True,False
QRY-003367,2026-06-12 22:15,SESS-001346,VIS-01347,text,English,domestic,Far North,pricing,Down Beach & Batoke Beach,South West,neutral,1.5,True,False
QRY-002431,2026-06-12 22:17,SESS-000969,VIS-00970,voice_note,English,foreign,USA,transport_fare,Krystal Palace Douala,Littoral,neutral,2.7,True,False
QRY-003815,2026-06-12 22:17,SESS-001522,VIS-01523,voice_note,English,domestic,Centre,cultural_info,Seme Beach Hotel,South West,neutral,4.2,True,False
QRY-002952,2026-06-12 22:18,SESS-001164,VIS-01165,text,French,foreign,USA,pricing,Grand Batanga & Luma Museum,South,positive,3.0,True,False
QRY-000068,2026-06-12 22:45,SESS-000029,VIS-00030,text,French,foreign,Canada,opening_hours,Hotel Zingana,West,positive,4.5,True,False
QRY-000836,2026-06-13 06:05,SESS-000330,VIS-00331,text,French,foreign,China,pricing,Musee Maritime de Douala,Littoral,positive,3.5,False,False
QRY-002592,2026-06-13 06:11,SESS-001032,VIS-01033,text,English,domestic,East,pricing,Domaine du Petpenoun,West,positive,2.8,True,False
QRY-005638,2026-06-13 06:15,SESS-002249,VIS-02250,voice_note,Pidgin,domestic,Centre,pricing,Chutes de la Lobe,South,positive,4.2,True,False
QRY-001453,2026-06-13 06:34,SESS-000580,VIS-00581,text,English,domestic,North,pricing,Pullman Douala Rabingha,Littoral,neutral,3.4,True,False
QRY-003684,2026-06-13 06:40,SESS-001461,VIS-01462,text,Pidgin,domestic,East,cultural_info,Plage de Kribi (Tara Plage),South,neutral,3.3,True,False
QRY-003078,2026-06-13 07:05,SESS-001223,VIS-01224,text,French,foreign,South Africa,opening_hours,Mont Febe & Golf Club,Centre,neutral,1.8,True,False
QRY-003812,2026-06-13 07:09,SESS-001520,VIS-01521,voice_note,French,foreign,Equatorial Guinea,pricing,Mvog-Betsi Zoo & Botanical Garden,Centre,positive,2.8,True,False
QRY-001047,2026-06-13 07:14,SESS-000412,VIS-00413,voice_note,Pidgin,domestic,Far North,cultural_info,Chutes de la Lobe,South,positive,3.5,True,False
QRY-006081,2026-06-13 07:15,SESS-002425,VIS-02426,text,French,domestic,North,cultural_info,Hotel Zingana,West,neutral,3.7,True,False
QRY-005111,2026-06-13 08:03,SESS-002019,VIS-02020,text,French,foreign,Belgium,pricing,Mvog-Betsi Zoo & Botanical Garden,Centre,neutral,2.6,True,False
QRY-005859,2026-06-13 08:05,SESS-002351,VIS-02352,text,French,foreign,Canada,booking_interest,Chutes d'Ekom Nkam,Littoral,neutral,3.0,True,False
QRY-004233,2026-06-13 08:20,SESS-001674,VIS-01675,text,Pidgin,foreign,Nigeria,pricing,Bimbia Slave Trade Port,South West,neutral,3.9,True,False
QRY-000721,2026-06-13 08:39,SESS-000287,VIS-00288,voice_note,English,foreign,China,opening_hours,Down Beach & Batoke Beach,South West,positive,2.8,True,False
QRY-001858,2026-06-13 09:03,SESS-000740,VIS-00741,text,English,domestic,South West,cultural_info,Plage de Kribi (Tara Plage),South,neutral,3.6,True,False
QRY-001503,2026-06-13 09:40,SESS-000601,VIS-00602,text,English,domestic,West,general_chat,,Littoral,neutral,6.8,True,False
QRY-003489,2026-06-13 09:43,SESS-001391,VIS-01392,text,French,domestic,Centre,emergency_sos,Grand Batanga & Luma Museum,South,negative,0.8,True,True
QRY-003067,2026-06-13 09:59,SESS-001217,VIS-01218,text,Pidgin,foreign,South Africa,booking_interest,Down Beach Roasted Fish Sheds,South West,neutral,3.0,True,False
QRY-002529,2026-06-13 10:23,SESS-001008,VIS-01009,voice_note,English,domestic,South West,opening_hours,Artisanal Village & Flower Market,Littoral,neutral,4.3,True,False
QRY-006027,2026-06-13 11:18,SESS-002408,VIS-02409,voice_note,English,foreign,Chad,booking_interest,Pullman Douala Rabingha,Littoral,neutral,2.1,True,False
QRY-004094,2026-06-13 11:27,SESS-001620,VIS-01621,text,English,domestic,Far North,opening_hours,Star Land Hotel Bastos,Centre,neutral,3.2,True,False
QRY-002309,2026-06-13 12:15,SESS-000921,VIS-00922,text,English,domestic,North West,opening_hours,Campo Ma'an National Park,South,neutral,2.4,True,False
QRY-002257,2026-06-13 12:17,SESS-000901,VIS-00902,voice_note,English,domestic,South,transport_fare,Star Land Hotel Bastos,Centre,positive,1.8,True,False
QRY-002829,2026-06-13 12:18,SESS-001112,VIS-01113,text,English,domestic,North West,opening_hours,West Region Gastronomy Spots,West,neutral,2.9,True,False
QRY-002095,2026-06-13 13:17,SESS-000833,VIS-00834,text,French,domestic,Far North,general_chat,,North West,neutral,3.2,True,False
QRY-004998,2026-06-13 13:17,SESS-001974,VIS-01975,voice_note,Pidgin,domestic,East,cultural_info,Monument de la Reunification,Centre,neutral,1.6,True,False
QRY-005601,2026-06-13 13:18,SESS-002232,VIS-02233,text,French,foreign,Germany,transport_fare,Krystal Palace Douala,Littoral,neutral,3.5,True,False
QRY-002990,2026-06-13 13:20,SESS-001180,VIS-01181,voice_note,English,foreign,Gabon,cultural_info,Monument de la Reunification,Centre,neutral,3.4,True,False
QRY-003040,2026-06-13 13:28,SESS-001199,VIS-01200,text,French,domestic,Centre,cultural_info,Hotel Zingana,West,neutral,2.9,True,False
QRY-003944,2026-06-13 13:37,SESS-001564,VIS-01565,text,Pidgin,foreign,France,cultural_info,Mefou Primate Sanctuary,Centre,neutral,3.3,True,False
QRY-005653,2026-06-13 15:34,SESS-002255,VIS-02256,text,English,foreign,Nigeria,pricing,Les Gites de Kribi,South,neutral,2.6,True,False
QRY-002076,2026-06-13 16:21,SESS-000827,VIS-00828,text,French,foreign,South Africa,cultural_info,Chefferie de Bandjoun,West,neutral,4.4,True,False
QRY-004178,2026-06-13 16:32,SESS-001650,VIS-01651,text,French,domestic,North West,transport_fare,Bimbia Slave Trade Port,South West,positive,4.0,True,False
QRY-003707,2026-06-13 16:47,SESS-001475,VIS-01476,text,French,domestic,Centre,pricing,Hotel Ilomba,South,negative,3.8,True,False
QRY-004831,2026-06-13 16:52,SESS-001908,VIS-01909,text,French,domestic,West,directions,Mvog-Betsi Zoo & Botanical Garden,Centre,positive,3.5,True,False
QRY-004330,2026-06-13 16:59,SESS-001704,VIS-01705,text,French,domestic,North West,booking_interest,Limbe Botanic Garden,South West,positive,3.7,True,False
QRY-005965,2026-06-13 17:08,SESS-002391,VIS-02392,text,French,foreign,China,booking_interest,Mont Febe & Golf Club,Centre,positive,2.6,True,False
QRY-000164,2026-06-13 17:50,SESS-000075,VIS-00076,text,English,foreign,Gabon,pricing,FINI Hotel Bobende,South West,neutral,2.5,True,False
QRY-005939,2026-06-13 18:40,SESS-002380,VIS-02381,text,English,domestic,Adamawa,cultural_info,Hotel Ilomba,South,positive,3.2,True,False
QRY-001883,2026-06-13 18:54,SESS-000751,VIS-00752,voice_note,English,domestic,West,pricing,Rue des Artisans,West,negative,2.9,True,False
QRY-001353,2026-06-13 19:18,SESS-000536,VIS-00537,text,French,domestic,West,general_chat,,Far North,neutral,3.4,True,False
QRY-002692,2026-06-13 19:40,SESS-001061,VIS-01062,voice_note,French,domestic,Littoral,general_chat,,Littoral,neutral,5.7,True,False
QRY-002851,2026-06-13 19:56,SESS-001121,VIS-01122,text,English,domestic,Centre,booking_interest,Hotel Zingana,West,positive,3.4,True,False
QRY-002698,2026-06-13 20:02,SESS-001064,VIS-01065,voice_note,French,foreign,USA,cultural_info,Chez Carimo / Lobe Shacks,South,positive,2.1,True,False
QRY-006148,2026-06-13 20:06,SESS-002452,VIS-02453,text,French,foreign,Nigeria,booking_interest,Limbe Botanic Garden,South West,neutral,4.8,True,False
QRY-004021,2026-06-13 20:54,SESS-001590,VIS-01591,text,French,foreign,France,cultural_info,Limbe Wildlife Centre,South West,neutral,3.5,True,False
QRY-005734,2026-06-13 22:28,SESS-002289,VIS-02290,text,English,foreign,Chad,emergency_sos,Les Gites de Kribi,South,negative,3.5,True,True
QRY-002259,2026-06-13 22:37,SESS-000902,VIS-00903,text,English,foreign,South Africa,directions,Artisanal Village & Flower Market,Littoral,neutral,4.6,True,False
QRY-000213,2026-06-13 22:38,SESS-000100,VIS-00101,voice_note,Pidgin,domestic,East,pricing,Musee National de Yaounde,Centre,neutral,3.7,True,False
QRY-001724,2026-06-14 06:00,SESS-000688,VIS-00689,text,English,domestic,East,pricing,Mvog-Betsi Zoo & Botanical Garden,Centre,positive,1.2,True,False
QRY-001999,2026-06-14 06:31,SESS-000794,VIS-00795,text,English,domestic,Centre,booking_interest,Limbe Wildlife Centre,South West,neutral,3.8,True,False
QRY-005594,2026-06-14 06:50,SESS-002228,VIS-02229,text,French,foreign,Nigeria,booking_interest,West Region Gastronomy Spots,West,neutral,4.2,True,False
QRY-004061,2026-06-14 07:03,SESS-001606,VIS-01607,text,English,domestic,North,opening_hours,Chez Wou & La Salsa,Centre,positive,3.2,True,False
QRY-003343,2026-06-14 07:35,SESS-001341,VIS-01342,voice_note,French,foreign,Belgium,opening_hours,Chutes d'Ekom Nkam,Littoral,neutral,4.5,True,False
QRY-002693,2026-06-14 07:41,SESS-001062,VIS-01063,text,French,foreign,China,opening_hours,Rue des Artisans,West,neutral,1.9,True,False
QRY-001100,2026-06-14 07:46,SESS-000431,VIS-00432,text,French,foreign,Chad,transport_fare,Chefferie de Bandjoun,West,neutral,4.0,True,False
QRY-003699,2026-06-14 07:46,SESS-001470,VIS-01471,text,Pidgin,foreign,Chad,general_chat,,Littoral,neutral,1.1,True,False
QRY-002075,2026-06-14 08:04,SESS-000827,VIS-00828,voice_note,French,domestic,Adamawa,booking_interest,Mont Febe & Golf Club,Centre,neutral,5.1,True,False
QRY-004922,2026-06-14 08:53,SESS-001946,VIS-01947,text,English,domestic,West,pricing,Limbe Wildlife Centre,South West,positive,2.0,True,False
QRY-002032,2026-06-14 09:03,SESS-000806,VIS-00807,text,French,domestic,Far North,cultural_info,Musee Maritime de Douala,Littoral,neutral,3.0,True,False
QRY-005629,2026-06-14 09:13,SESS-002242,VIS-02243,text,English,foreign,South Africa,general_chat,,South West,positive,3.5,True,False
QRY-002666,2026-06-14 09:46,SESS-001053,VIS-01054,voice_note,French,domestic,North,opening_hours,Chez Carimo / Lobe Shacks,South,neutral,4.3,True,False
QRY-004642,2026-06-14 09:46,SESS-001835,VIS-01836,text,French,domestic,Far North,cultural_info,Musee National de Yaounde,Centre,positive,2.1,True,False
QRY-000628,2026-06-14 09:47,SESS-000260,VIS-00261,text,English,domestic,West,booking_interest,Palais Royal de Foumban & Museum,West,neutral,4.0,True,False
QRY-005293,2026-06-14 09:49,SESS-002104,VIS-02105,text,French,domestic,West,cultural_info,Limbe Wildlife Centre,South West,positive,3.4,True,False
QRY-003024,2026-06-14 10:25,SESS-001192,VIS-01193,text,English,domestic,South West,transport_fare,Chefferie de Bandjoun,West,positive,3.2,True,False
QRY-005549,2026-06-14 10:52,SESS-002214,VIS-02215,text,French,domestic,East,booking_interest,Musee Maritime de Douala,Littoral,positive,4.1,True,False
QRY-005901,2026-06-14 11:45,SESS-002365,VIS-02366,text,English,foreign,Gabon,directions,Limbe Wildlife Centre,South West,positive,1.8,True,False
QRY-005433,2026-06-14 11:55,SESS-002161,VIS-02162,text,French,foreign,Chad,directions,Down Beach & Batoke Beach,South West,positive,1.6,True,False
QRY-002072,2026-06-14 12:35,SESS-000826,VIS-00827,voice_note,English,foreign,Equatorial Guinea,general_chat,,East,neutral,4.8,True,False
QRY-005091,2026-06-14 12:38,SESS-002012,VIS-02013,voice_note,English,domestic,Far North,cultural_info,L'Ovalie & La Fourchette,Littoral,neutral,3.9,True,False
QRY-000583,2026-06-14 12:41,SESS-000246,VIS-00247,text,English,domestic,North West,booking_interest,Rue des Artisans,West,positive,4.7,True,False
QRY-001360,2026-06-14 13:02,SESS-000538,VIS-00539,text,English,domestic,South,opening_hours,Down Beach & Batoke Beach,South West,neutral,3.7,True,False
QRY-003185,2026-06-14 13:06,SESS-001272,VIS-01273,text,English,domestic,North,emergency_sos,Marche Sandaga & Deido Soya,Littoral,negative,1.9,False,True
QRY-004391,2026-06-14 13:17,SESS-001728,VIS-01729,text,French,domestic,North,general_chat,,Centre,positive,4.2,True,False
QRY-005931,2026-06-14 13:18,SESS-002378,VIS-02379,voice_note,English,domestic,West,pricing,Mvog-Betsi Zoo & Botanical Garden,Centre,neutral,4.4,True,False
QRY-000180,2026-06-14 13:31,SESS-000081,VIS-00082,text,English,domestic,Adamawa,cultural_info,Grand Batanga & Luma Museum,South,positive,3.0,True,False
QRY-003641,2026-06-14 14:34,SESS-001445,VIS-01446,text,French,domestic,Far North,directions,Chez Carimo / Lobe Shacks,South,neutral,3.5,True,False
QRY-002958,2026-06-14 14:35,SESS-001166,VIS-01167,voice_note,English,domestic,North West,directions,Artisanal Village & Flower Market,Littoral,positive,5.5,True,False
QRY-002442,2026-06-14 14:46,SESS-000975,VIS-00976,text,English,domestic,West,transport_fare,Musee National de Yaounde,Centre,positive,3.8,True,False
QRY-001108,2026-06-14 14:48,SESS-000435,VIS-00436,text,French,foreign,UK,transport_fare,Palais Royal de Foumban & Museum,West,positive,3.3,True,False
QRY-002975,2026-06-14 15:13,SESS-001171,VIS-01172,text,French,domestic,East,cultural_info,Mvog-Betsi Zoo & Botanical Garden,Centre,neutral,4.2,True,False
QRY-002061,2026-06-14 15:46,SESS-000822,VIS-00823,voice_note,English,domestic,South West,transport_fare,Palais des Rois Bell (Pagode),Littoral,neutral,2.8,True,False
QRY-004146,2026-06-14 16:27,SESS-001637,VIS-01638,voice_note,French,domestic,East,transport_fare,Bimbia Slave Trade Port,South West,neutral,1.8,True,False
QRY-005845,2026-06-14 17:25,SESS-002343,VIS-02344,text,French,domestic,Littoral,general_chat,,East,neutral,4.1,True,False
QRY-004623,2026-06-14 17:57,SESS-001826,VIS-01827,text,French,foreign,France,cultural_info,Rue des Artisans,West,positive,2.6,True,False
QRY-004361,2026-06-14 18:06,SESS-001715,VIS-01716,voice_note,French,foreign,Canada,opening_hours,Limbe Wildlife Centre,South West,positive,2.6,True,False
QRY-002112,2026-06-14 18:07,SESS-000838,VIS-00839,voice_note,French,domestic,North,transport_fare,Chez Wou & La Salsa,Centre,neutral,2.5,True,False
QRY-001822,2026-06-14 18:33,SESS-000727,VIS-00728,voice_note,French,foreign,USA,cultural_info,Rue des Artisans,West,positive,3.5,True,False
QRY-000744,2026-06-14 19:43,SESS-000293,VIS-00294,text,French,domestic,East,emergency_sos,Bimbia Slave Trade Port,South West,negative,4.2,True,True
QRY-000372,2026-06-14 19:54,SESS-000164,VIS-00165,text,French,domestic,East,booking_interest,Chutes de la Lobe,South,neutral,4.8,True,False
QRY-001058,2026-06-14 19:57,SESS-000416,VIS-00417,text,Pidgin,domestic,South West,cultural_info,Rue des Artisans,West,neutral,3.9,True,False
QRY-000329,2026-06-14 20:08,SESS-000148,VIS-00149,text,English,domestic,Far North,cultural_info,Mvog-Betsi Zoo & Botanical Garden,Centre,neutral,4.8,True,False
QRY-005572,2026-06-14 20:19,SESS-002222,VIS-02223,text,English,foreign,Germany,cultural_info,Mont Febe & Golf Club,Centre,neutral,2.1,True,False
QRY-004436,2026-06-14 20:40,SESS-001745,VIS-01746,voice_note,French,domestic,South,booking_interest,Plage de Kribi (Tara Plage),South,positive,3.6,True,False
QRY-003692,2026-06-14 21:26,SESS-001466,VIS-01467,text,French,domestic,Far North,cultural_info,Down Beach & Batoke Beach,South West,neutral,3.7,True,False
QRY-003859,2026-06-14 21:29,SESS-001539,VIS-01540,text,English,domestic,Far North,directions,Grand Batanga & Luma Museum,South,neutral,2.1,True,False
QRY-001630,2026-06-14 22:04,SESS-000647,VIS-00648,text,French,domestic,South West,cultural_info,Musee National de Yaounde,Centre,negative,2.5,True,False
QRY-005044,2026-06-15 06:47,SESS-001992,VIS-01993,voice_note,Pidgin,foreign,Nigeria,opening_hours,Limbe Botanic Garden,South West,neutral,2.3,True,False
QRY-000355,2026-06-15 07:34,SESS-000156,VIS-00157,text,English,foreign,Gabon,booking_interest,Chutes d'Ekom Nkam,Littoral,neutral,2.7,True,False
QRY-002689,2026-06-15 07:35,SESS-001059,VIS-01060,text,French,domestic,Centre,cultural_info,Down Beach & Batoke Beach,South West,negative,4.1,True,False
QRY-001946,2026-06-15 07:47,SESS-000776,VIS-00777,text,English,domestic,South West,transport_fare,Les Gites de Kribi,South,negative,3.8,True,False
QRY-000326,2026-06-15 08:12,SESS-000146,VIS-00147,text,French,domestic,North,emergency_sos,Palais des Rois Bell (Pagode),Littoral,negative,0.8,True,True
QRY-004660,2026-06-15 08:31,SESS-001843,VIS-01844,text,French,domestic,Centre,pricing,Star Land Hotel Bastos,Centre,positive,1.7,True,False
QRY-001636,2026-06-15 09:50,SESS-000651,VIS-00652,text,English,foreign,Belgium,general_chat,,West,positive,1.9,True,False
QRY-004279,2026-06-15 09:55,SESS-001685,VIS-01686,voice_note,Pidgin,foreign,USA,transport_fare,Rue des Artisans,West,neutral,3.5,True,False
QRY-004332,2026-06-15 11:17,SESS-001705,VIS-01706,text,English,domestic,South West,transport_fare,Musee National de Yaounde,Centre,neutral,2.2,True,False
QRY-000786,2026-06-15 11:43,SESS-000311,VIS-00312,voice_note,Pidgin,domestic,Centre,cultural_info,Mvog-Betsi Zoo & Botanical Garden,Centre,neutral,1.8,True,False
QRY-001233,2026-06-15 12:11,SESS-000490,VIS-00491,voice_note,English,foreign,Equatorial Guinea,pricing,Monument de la Reunification,Centre,neutral,3.0,True,False
QRY-000783,2026-06-15 12:37,SESS-000311,VIS-00312,voice_note,French,foreign,USA,directions,Hilton Yaounde,Centre,positive,3.7,True,False
QRY-001252,2026-06-15 12:38,SESS-000499,VIS-00500,voice_note,English,foreign,USA,general_chat,,Far North,neutral,0.8,True,False
QRY-000263,2026-06-15 12:38,SESS-000121,VIS-00122,text,French,domestic,North,directions,West Region Gastronomy Spots,West,positive,1.9,True,False
QRY-005069,2026-06-15 12:47,SESS-002006,VIS-02007,voice_note,English,domestic,Adamawa,cultural_info,Hotel Ilomba,South,neutral,3.3,True,False
QRY-003580,2026-06-15 12:53,SESS-001424,VIS-01425,text,French,foreign,Chad,directions,FINI Hotel Bobende,South West,positive,3.2,True,False
QRY-004389,2026-06-15 13:15,SESS-001728,VIS-01729,text,English,foreign,Belgium,pricing,Mount Cameroon (Upper Farms),South West,neutral,2.0,True,False
QRY-003653,2026-06-15 13:36,SESS-001450,VIS-01451,text,Pidgin,domestic,East,opening_hours,FINI Hotel Bobende,South West,neutral,3.7,True,False
QRY-003516,2026-06-15 14:01,SESS-001401,VIS-01402,text,English,foreign,Germany,pricing,Hotel Ilomba,South,neutral,4.6,True,False
QRY-001355,2026-06-15 14:03,SESS-000537,VIS-00538,text,English,domestic,East,pricing,Les Gites de Kribi,South,negative,4.0,True,False
QRY-001009,2026-06-15 14:22,SESS-000398,VIS-00399,text,English,domestic,North,transport_fare,Seme Beach Hotel,South West,positive,2.3,True,False
QRY-001008,2026-06-15 14:24,SESS-000397,VIS-00398,text,French,domestic,North West,pricing,Musee National de Yaounde,Centre,neutral,4.7,True,False
QRY-003537,2026-06-15 14:40,SESS-001407,VIS-01408,text,English,domestic,North West,general_chat,,Adamawa,neutral,2.4,True,False
QRY-004410,2026-06-15 14:46,SESS-001738,VIS-01739,text,French,domestic,North West,transport_fare,Les Gites de Kribi,South,neutral,4.1,True,False
QRY-001177,2026-06-15 14:48,SESS-000462,VIS-00463,text,English,domestic,Far North,pricing,Les Gites de Kribi,South,negative,4.2,True,False
QRY-005512,2026-06-15 14:53,SESS-002193,VIS-02194,text,French,domestic,Centre,opening_hours,Marche Sandaga & Deido Soya,Littoral,positive,3.2,True,False
QRY-003416,2026-06-15 15:05,SESS-001363,VIS-01364,text,Pidgin,domestic,South West,directions,Monument de la Reunification,Centre,neutral,3.0,True,False
QRY-000945,2026-06-15 15:11,SESS-000374,VIS-00375,text,English,foreign,South Africa,pricing,Mvog-Betsi Zoo & Botanical Garden,Centre,neutral,2.6,True,False
QRY-002376,2026-06-15 16:03,SESS-000950,VIS-00951,text,French,foreign,Gabon,cultural_info,Chez Carimo / Lobe Shacks,South,positive,5.4,True,False
QRY-006100,2026-06-15 16:28,SESS-002433,VIS-02434,text,French,domestic,East,directions,Chutes d'Ekom Nkam,Littoral,positive,3.8,True,False
QRY-001165,2026-06-15 16:33,SESS-000460,VIS-00461,text,English,foreign,Belgium,cultural_info,Chefferie de Bandjoun,West,neutral,3.7,True,False
QRY-006079,2026-06-15 16:46,SESS-002425,VIS-02426,text,English,foreign,Canada,directions,Limbe Wildlife Centre,South West,positive,4.9,True,False
QRY-004372,2026-06-15 16:48,SESS-001722,VIS-01723,text,Pidgin,domestic,Adamawa,booking_interest,Chez Wou & La Salsa,Centre,neutral,3.0,True,False
QRY-000910,2026-06-15 16:52,SESS-000359,VIS-00360,voice_note,French,foreign,France,booking_interest,L'Ovalie & La Fourchette,Littoral,neutral,4.6,True,False
QRY-000352,2026-06-15 17:08,SESS-000155,VIS-00156,text,French,foreign,Chad,pricing,Les Gites de Kribi,South,negative,5.4,True,False
QRY-003718,2026-06-15 17:28,SESS-001477,VIS-01478,text,English,domestic,Far North,transport_fare,Grand Batanga & Luma Museum,South,neutral,4.1,True,False
QRY-003486,2026-06-15 17:30,SESS-001390,VIS-01391,text,French,foreign,Canada,opening_hours,Campo Ma'an National Park,South,neutral,3.0,True,False
QRY-000291,2026-06-15 17:44,SESS-000133,VIS-00134,text,French,domestic,Far North,opening_hours,Limbe Botanic Garden,South West,neutral,2.2,True,False
QRY-004288,2026-06-15 17:54,SESS-001686,VIS-01687,text,English,foreign,France,pricing,Chez Carimo / Lobe Shacks,South,negative,4.5,True,False
QRY-004259,2026-06-15 18:03,SESS-001680,VIS-01681,voice_note,French,domestic,West,pricing,Plage de Kribi (Tara Plage),South,positive,6.1,True,False
QRY-005823,2026-06-15 18:36,SESS-002333,VIS-02334,text,French,foreign,Equatorial Guinea,booking_interest,Down Beach & Batoke Beach,South West,neutral,3.6,True,False
QRY-000100,2026-06-15 18:45,SESS-000047,VIS-00048,voice_note,English,foreign,USA,directions,FINI Hotel Bobende,South West,neutral,4.2,True,False
QRY-004428,2026-06-15 18:46,SESS-001742,VIS-01743,text,French,domestic,Littoral,opening_hours,Marche Sandaga & Deido Soya,Littoral,positive,5.1,True,False
QRY-001357,2026-06-15 19:13,SESS-000537,VIS-00538,voice_note,French,domestic,South West,directions,Chez Wou & La Salsa,Centre,negative,2.0,True,False
QRY-005655,2026-06-15 19:37,SESS-002257,VIS-02258,voice_note,English,domestic,Littoral,cultural_info,Palais des Rois Bell (Pagode),Littoral,neutral,3.6,True,False
QRY-004740,2026-06-15 19:44,SESS-001875,VIS-01876,text,French,domestic,West,pricing,Krystal Palace Douala,Littoral,neutral,4.5,True,False
QRY-003587,2026-06-15 19:47,SESS-001426,VIS-01427,voice_note,French,domestic,East,booking_interest,Chutes d'Ekom Nkam,Littoral,positive,3.4,True,False
QRY-000265,2026-06-15 19:51,SESS-000122,VIS-00123,text,English,domestic,Centre,pricing,Les Gites de Kribi,South,negative,3.9,True,False
QRY-005220,2026-06-15 20:12,SESS-002071,VIS-02072,text,French,domestic,South West,transport_fare,Bimbia Slave Trade Port,South West,positive,3.2,True,False
QRY-001180,2026-06-15 21:08,SESS-000463,VIS-00464,voice_note,English,foreign,South Africa,cultural_info,Marche Sandaga & Deido Soya,Littoral,positive,3.0,True,False
QRY-002103,2026-06-15 21:16,SESS-000837,VIS-00838,text,French,domestic,Far North,opening_hours,Monument de la Reunification,Centre,neutral,2.8,True,False
QRY-002162,2026-06-15 21:23,SESS-000863,VIS-00864,voice_note,French,domestic,North West,directions,Plage de Kribi (Tara Plage),South,negative,1.2,True,False
QRY-005759,2026-06-15 21:27,SESS-002302,VIS-02303,text,French,domestic,Centre,cultural_info,Grand Batanga & Luma Museum,South,positive,1.5,True,False
QRY-005710,2026-06-15 21:34,SESS-002277,VIS-02278,text,French,foreign,Chad,opening_hours,FINI Hotel Bobende,South West,positive,2.0,True,False
QRY-000219,2026-06-15 21:54,SESS-000103,VIS-00104,text,English,foreign,France,transport_fare,Palais Royal de Foumban & Museum,West,neutral,1.6,True,False
QRY-000888,2026-06-15 22:04,SESS-000351,VIS-00352,voice_note,French,domestic,North West,directions,Hotel Ilomba,South,neutral,3.1,True,False
QRY-000075,2026-06-15 22:15,SESS-000032,VIS-00033,text,English,foreign,Canada,transport_fare,Palais Royal de Foumban & Museum,West,negative,4.2,True,False
QRY-005968,2026-06-15 22:18,SESS-002392,VIS-02393,text,English,domestic,North,directions,Douala-Edea Wildlife Reserve,Littoral,positive,3.0,True,False
QRY-004910,2026-06-15 22:19,SESS-001942,VIS-01943,text,English,domestic,South West,directions,Limbe Wildlife Centre,South West,neutral,3.7,True,False
QRY-000626,2026-06-15 22:32,SESS-000259,VIS-00260,text,Pidgin,foreign,Belgium,opening_hours,Mont Febe & Golf Club,Centre,neutral,3.3,True,False
QRY-004118,2026-06-15 22:44,SESS-001628,VIS-01629,text,English,foreign,USA,transport_fare,Mont Febe & Golf Club,Centre,neutral,3.9,True,False
QRY-000673,2026-06-15 22:44,SESS-000273,VIS-00274,voice_note,English,domestic,Adamawa,transport_fare,Down Beach Roasted Fish Sheds,South West,positive,1.5,True,False
QRY-005858,2026-06-15 22:45,SESS-002350,VIS-02351,text,French,domestic,North West,pricing,Mefou Primate Sanctuary,Centre,neutral,2.9,True,False
QRY-001864,2026-06-15 22:46,SESS-000741,VIS-00742,voice_note,French,domestic,Adamawa,opening_hours,Les Gites de Kribi,South,neutral,2.2,True,False
QRY-000759,2026-06-15 22:56,SESS-000301,VIS-00302,text,English,foreign,Germany,cultural_info,Palais Royal de Foumban & Museum,West,positive,2.9,True,False
QRY-000776,2026-06-16 06:01,SESS-000309,VIS-00310,voice_note,French,domestic,North,pricing,L'Ovalie & La Fourchette,Littoral,positive,3.5,True,False
QRY-003624,2026-06-16 06:40,SESS-001439,VIS-01440,text,French,domestic,South,emergency_sos,Mefou Primate Sanctuary,Centre,negative,1.3,True,True
QRY-001051,2026-06-16 06:46,SESS-000414,VIS-00415,text,English,domestic,South West,transport_fare,Krystal Palace Douala,Littoral,positive,3.4,True,False
QRY-004741,2026-06-16 06:53,SESS-001875,VIS-01876,text,French,domestic,East,directions,Chutes de la Lobe,South,neutral,4.4,True,False
QRY-005844,2026-06-16 06:59,SESS-002343,VIS-02344,text,English,foreign,Chad,transport_fare,Plage de Kribi (Tara Plage),South,neutral,4.6,True,False
QRY-004735,2026-06-16 07:00,SESS-001872,VIS-01873,text,French,foreign,Canada,booking_interest,Palais Royal de Foumban & Museum,West,neutral,4.0,True,False
QRY-002028,2026-06-16 07:10,SESS-000805,VIS-00806,text,French,domestic,West,booking_interest,Limbe Wildlife Centre,South West,neutral,4.1,True,False
QRY-000371,2026-06-16 07:38,SESS-000163,VIS-00164,text,French,foreign,UK,transport_fare,Hotel Ilomba,South,neutral,2.6,True,False
QRY-001522,2026-06-16 07:42,SESS-000608,VIS-00609,text,French,foreign,Canada,booking_interest,Marche Sandaga & Deido Soya,Littoral,neutral,3.6,True,False
QRY-001373,2026-06-16 07:47,SESS-000544,VIS-00545,text,English,foreign,China,opening_hours,Palais des Rois Bell (Pagode),Littoral,positive,4.5,True,False
QRY-005031,2026-06-16 07:52,SESS-001986,VIS-01987,voice_note,English,foreign,Chad,cultural_info,Bimbia Slave Trade Port,South West,neutral,3.1,True,False
QRY-005994,2026-06-16 08:39,SESS-002400,VIS-02401,voice_note,English,domestic,South West,general_chat,,East,neutral,5.1,True,False
QRY-005457,2026-06-16 08:52,SESS-002171,VIS-02172,text,French,domestic,West,directions,Down Beach & Batoke Beach,South West,positive,3.7,True,False
QRY-001367,2026-06-16 09:44,SESS-000541,VIS-00542,voice_note,French,domestic,Centre,emergency_sos,Chez Carimo / Lobe Shacks,South,negative,1.7,True,True
QRY-001035,2026-06-16 09:49,SESS-000409,VIS-00410,text,French,domestic,West,general_chat,,West,neutral,3.8,True,False
QRY-004315,2026-06-16 10:02,SESS-001699,VIS-01700,text,French,domestic,North,transport_fare,Les Gites de Kribi,South,neutral,4.4,True,False
QRY-000554,2026-06-16 10:17,SESS-000232,VIS-00233,voice_note,French,foreign,Germany,general_chat,,Littoral,neutral,4.3,True,False
QRY-005410,2026-06-16 10:32,SESS-002148,VIS-02149,voice_note,French,domestic,North,directions,Bimbia Slave Trade Port,South West,neutral,3.5,True,False
QRY-001015,2026-06-16 10:33,SESS-000401,VIS-00402,text,French,foreign,Equatorial Guinea,directions,Limbe Wildlife Centre,South West,neutral,3.9,True,False
QRY-005074,2026-06-16 10:39,SESS-002008,VIS-02009,voice_note,French,foreign,Belgium,transport_fare,Mefou Primate Sanctuary,Centre,positive,2.9,True,False
QRY-000247,2026-06-16 10:45,SESS-000113,VIS-00114,voice_note,Pidgin,domestic,Littoral,booking_interest,Rue des Artisans,West,neutral,2.0,True,False
QRY-005391,2026-06-16 10:50,SESS-002139,VIS-02140,text,French,domestic,Littoral,emergency_sos,Bimbia Slave Trade Port,South West,negative,1.4,True,True
QRY-002367,2026-06-16 10:51,SESS-000945,VIS-00946,text,French,domestic,Adamawa,cultural_info,Bimbia Slave Trade Port,South West,positive,2.0,True,False
QRY-000605,2026-06-16 11:04,SESS-000254,VIS-00255,text,French,domestic,East,opening_hours,Limbe Botanic Garden,South West,neutral,3.2,True,False
QRY-005356,2026-06-16 11:05,SESS-002131,VIS-02132,text,French,domestic,East,general_chat,,North West,positive,4.6,True,False
QRY-004036,2026-06-16 11:19,SESS-001595,VIS-01596,text,French,domestic,North,booking_interest,Seme Beach Hotel,South West,positive,3.0,True,False
QRY-004034,2026-06-16 11:32,SESS-001594,VIS-01595,text,French,domestic,North West,general_chat,,Centre,neutral,3.2,True,False
QRY-003179,2026-06-16 12:17,SESS-001270,VIS-01271,text,French,domestic,West,cultural_info,FINI Hotel Bobende,South West,neutral,3.7,True,False
QRY-005397,2026-06-16 12:18,SESS-002141,VIS-02142,text,English,domestic,Far North,opening_hours,Pullman Douala Rabingha,Littoral,neutral,3.2,True,False
QRY-003478,2026-06-16 12:21,SESS-001386,VIS-01387,text,Pidgin,domestic,Far North,pricing,Plage de Kribi (Tara Plage),South,positive,3.1,True,False
QRY-003190,2026-06-16 12:25,SESS-001275,VIS-01276,text,French,domestic,South,pricing,Down Beach & Batoke Beach,South West,positive,3.4,True,False
QRY-003458,2026-06-16 12:26,SESS-001380,VIS-01381,voice_note,French,domestic,Centre,pricing,Artisanal Village & Flower Market,Littoral,negative,3.4,True,False
QRY-001295,2026-06-16 12:31,SESS-000511,VIS-00512,text,French,domestic,North West,directions,Mont Febe & Golf Club,Centre,positive,4.7,True,False
QRY-002436,2026-06-16 12:40,SESS-000973,VIS-00974,text,Pidgin,domestic,North,directions,Krystal Palace Douala,Littoral,positive,1.5,True,False
QRY-000712,2026-06-16 12:55,SESS-000285,VIS-00286,text,Pidgin,domestic,West,directions,Krystal Palace Douala,Littoral,neutral,2.7,True,False
QRY-004087,2026-06-16 13:12,SESS-001617,VIS-01618,text,English,foreign,Gabon,pricing,Mefou Primate Sanctuary,Centre,positive,3.6,True,False
QRY-000553,2026-06-16 13:44,SESS-000231,VIS-00232,text,French,foreign,Nigeria,general_chat,,North,positive,2.0,True,False
QRY-004684,2026-06-16 13:51,SESS-001852,VIS-01853,text,English,domestic,South West,booking_interest,Monument de la Reunification,Centre,negative,3.9,True,False
QRY-000537,2026-06-16 13:54,SESS-000225,VIS-00226,voice_note,English,domestic,North,general_chat,,North West,positive,4.6,True,False
QRY-004043,2026-06-16 13:54,SESS-001600,VIS-01601,text,English,domestic,North West,cultural_info,Artisanal Village & Flower Market,Littoral,positive,2.4,True,False
QRY-003919,2026-06-16 14:02,SESS-001557,VIS-01558,voice_note,French,domestic,North,directions,Grand Batanga & Luma Museum,South,positive,3.3,True,False
QRY-003232,2026-06-16 14:40,SESS-001294,VIS-01295,text,French,foreign,France,directions,Star Land Hotel Bastos,Centre,neutral,3.7,True,False
QRY-003071,2026-06-16 14:44,SESS-001220,VIS-01221,text,English,domestic,Littoral,cultural_info,Campo Ma'an National Park,South,neutral,4.9,True,False
QRY-001575,2026-06-16 14:45,SESS-000623,VIS-00624,text,Pidgin,domestic,North West,directions,FINI Hotel Bobende,South West,neutral,1.4,True,False
QRY-004462,2026-06-16 14:54,SESS-001754,VIS-01755,text,French,foreign,Canada,directions,Mefou Primate Sanctuary,Centre,positive,2.9,True,False
QRY-003303,2026-06-16 15:53,SESS-001323,VIS-01324,voice_note,English,domestic,North West,opening_hours,Palais Royal de Foumban & Museum,West,positive,2.9,True,False
QRY-006170,2026-06-16 16:12,SESS-002462,VIS-02463,text,English,domestic,South,opening_hours,Palais Royal de Foumban & Museum,West,neutral,2.9,True,False
QRY-000821,2026-06-16 16:29,SESS-000323,VIS-00324,voice_note,English,domestic,East,booking_interest,Hotel Ilomba,South,neutral,2.4,True,False
QRY-005559,2026-06-16 16:40,SESS-002217,VIS-02218,text,French,domestic,Far North,pricing,Grand Batanga & Luma Museum,South,neutral,3.7,True,False
QRY-002676,2026-06-16 17:11,SESS-001055,VIS-01056,text,English,foreign,Germany,transport_fare,Musee Maritime de Douala,Littoral,neutral,2.7,True,False
QRY-000319,2026-06-16 17:13,SESS-000143,VIS-00144,text,French,domestic,South West,pricing,Douala-Edea Wildlife Reserve,Littoral,neutral,1.3,True,False
QRY-003514,2026-06-16 17:15,SESS-001400,VIS-01401,text,French,domestic,North West,opening_hours,Les Gites de Kribi,South,neutral,2.4,True,False
QRY-005398,2026-06-16 17:32,SESS-002141,VIS-02142,text,French,domestic,Centre,transport_fare,Star Land Hotel Bastos,Centre,positive,4.9,True,False
QRY-001447,2026-06-16 17:47,SESS-000577,VIS-00578,voice_note,French,domestic,North,directions,Artisanal Village & Flower Market,Littoral,positive,2.3,True,False
QRY-001222,2026-06-16 18:00,SESS-000485,VIS-00486,text,English,foreign,France,opening_hours,Mont Febe & Golf Club,Centre,neutral,3.5,True,False
QRY-002328,2026-06-16 18:22,SESS-000929,VIS-00930,text,English,domestic,Far North,pricing,Artisanal Village & Flower Market,Littoral,positive,3.2,True,False
QRY-004373,2026-06-16 18:57,SESS-001723,VIS-01724,voice_note,English,domestic,South,pricing,Mefou Primate Sanctuary,Centre,neutral,2.0,True,False
QRY-004991,2026-06-16 19:10,SESS-001970,VIS-01971,voice_note,French,foreign,Germany,general_chat,,Adamawa,positive,3.1,True,False
QRY-005015,2026-06-16 20:22,SESS-001981,VIS-01982,text,French,domestic,Adamawa,cultural_info,Musee Maritime de Douala,Littoral,positive,3.1,True,False
QRY-000264,2026-06-16 20:31,SESS-000122,VIS-00123,voice_note,English,domestic,Far North,transport_fare,Mvog-Betsi Zoo & Botanical Garden,Centre,neutral,3.8,True,False
QRY-003333,2026-06-16 20:32,SESS-001336,VIS-01337,text,French,domestic,West,directions,Star Land Hotel Bastos,Centre,neutral,5.1,True,False
QRY-003655,2026-06-16 20:48,SESS-001451,VIS-01452,voice_note,Pidgin,foreign,Canada,directions,Chez Carimo / Lobe Shacks,South,neutral,3.5,True,False
QRY-004917,2026-06-16 20:54,SESS-001945,VIS-01946,text,French,domestic,South West,directions,Bimbia Slave Trade Port,South West,neutral,3.3,True,False
QRY-000740,2026-06-16 21:27,SESS-000292,VIS-00293,text,English,domestic,West,booking_interest,Marche Sandaga & Deido Soya,Littoral,positive,4.9,True,False
QRY-006166,2026-06-16 21:29,SESS-002460,VIS-02461,text,French,domestic,East,pricing,Chez Carimo / Lobe Shacks,South,positive,4.0,True,False
QRY-005333,2026-06-16 22:21,SESS-002121,VIS-02122,text,English,domestic,Centre,opening_hours,Mvog-Betsi Zoo & Botanical Garden,Centre,positive,4.3,True,False
QRY-000118,2026-06-16 22:29,SESS-000053,VIS-00054,voice_note,English,domestic,North,cultural_info,Grand Batanga & Luma Museum,South,positive,3.7,True,False
QRY-000755,2026-06-16 22:39,SESS-000299,VIS-00300,text,French,domestic,East,directions,Chez Carimo / Lobe Shacks,South,neutral,2.2,True,False
QRY-004756,2026-06-16 22:39,SESS-001881,VIS-01882,text,French,domestic,West,pricing,Mvog-Betsi Zoo & Botanical Garden,Centre,neutral,4.8,True,False
QRY-004111,2026-06-16 22:57,SESS-001626,VIS-01627,text,English,domestic,Centre,pricing,Plage de Kribi (Tara Plage),South,positive,2.0,True,False
QRY-006098,2026-06-17 06:39,SESS-002432,VIS-02433,voice_note,French,foreign,China,emergency_sos,Bimbia Slave Trade Port,South West,negative,0.8,True,True
QRY-006195,2026-06-17 06:45,SESS-002473,VIS-02474,voice_note,Pidgin,foreign,Canada,opening_hours,Marche Sandaga & Deido Soya,Littoral,neutral,2.8,True,False
QRY-000064,2026-06-17 07:24,SESS-000026,VIS-00027,text,French,domestic,North West,transport_fare,Mont Febe & Golf Club,Centre,negative,2.8,True,False
QRY-005841,2026-06-17 07:24,SESS-002340,VIS-02341,text,Pidgin,foreign,Gabon,pricing,Artisanal Village & Flower Market,Littoral,positive,4.7,True,False
QRY-001955,2026-06-17 07:31,SESS-000781,VIS-00782,voice_note,French,foreign,Nigeria,booking_interest,Artisanal Village & Flower Market,Littoral,positive,3.6,True,False
QRY-004509,2026-06-17 08:19,SESS-001774,VIS-01775,text,English,domestic,North West,booking_interest,Musee National de Yaounde,Centre,positive,4.4,True,False
QRY-005552,2026-06-17 09:11,SESS-002215,VIS-02216,text,French,domestic,South West,transport_fare,Limbe Wildlife Centre,South West,positive,2.1,True,False
QRY-001800,2026-06-17 09:58,SESS-000717,VIS-00718,text,English,domestic,South,directions,Palais des Rois Bell (Pagode),Littoral,neutral,3.5,True,False
QRY-002837,2026-06-17 10:41,SESS-001116,VIS-01117,text,French,domestic,Adamawa,general_chat,,Adamawa,positive,3.4,True,False
QRY-001111,2026-06-17 10:41,SESS-000436,VIS-00437,voice_note,Pidgin,foreign,Germany,directions,Mvog-Betsi Zoo & Botanical Garden,Centre,neutral,2.5,True,False
QRY-003883,2026-06-17 10:51,SESS-001546,VIS-01547,voice_note,French,domestic,South West,transport_fare,Mont Febe & Golf Club,Centre,neutral,2.7,True,False
QRY-003407,2026-06-17 10:52,SESS-001361,VIS-01362,text,French,domestic,Adamawa,general_chat,,North West,positive,3.0,True,False
QRY-004210,2026-06-17 11:45,SESS-001666,VIS-01667,text,French,foreign,Nigeria,pricing,Douala-Edea Wildlife Reserve,Littoral,negative,2.9,True,False
QRY-002165,2026-06-17 12:14,SESS-000864,VIS-00865,text,English,foreign,South Africa,pricing,Mefou Primate Sanctuary,Centre,positive,4.2,True,False
QRY-004143,2026-06-17 12:16,SESS-001636,VIS-01637,text,French,foreign,France,transport_fare,Artisanal Village & Flower Market,Littoral,neutral,3.0,True,False
QRY-005722,2026-06-17 12:26,SESS-002282,VIS-02283,text,French,domestic,North West,opening_hours,Chez Carimo / Lobe Shacks,South,positive,3.3,True,False
QRY-002913,2026-06-17 13:46,SESS-001148,VIS-01149,text,Pidgin,domestic,Adamawa,booking_interest,Campo Ma'an National Park,South,neutral,3.1,True,False
QRY-004013,2026-06-17 13:49,SESS-001587,VIS-01588,text,English,domestic,Adamawa,booking_interest,Down Beach Roasted Fish Sheds,South West,neutral,2.9,True,False
QRY-005660,2026-06-17 15:32,SESS-002258,VIS-02259,text,French,domestic,Adamawa,general_chat,,Adamawa,positive,2.6,True,False
QRY-006002,2026-06-17 15:50,SESS-002403,VIS-02404,voice_note,French,domestic,Littoral,pricing,Mount Cameroon (Upper Farms),South West,neutral,3.4,True,False
QRY-002138,2026-06-17 16:26,SESS-000849,VIS-00850,text,English,foreign,Nigeria,pricing,Palais Royal de Foumban & Museum,West,neutral,4.4,True,False
QRY-002558,2026-06-17 16:27,SESS-001022,VIS-01023,text,French,foreign,Nigeria,pricing,Chez Wou & La Salsa,Centre,positive,4.7,True,False
QRY-000322,2026-06-17 16:33,SESS-000144,VIS-00145,text,French,foreign,USA,transport_fare,Chez Wou & La Salsa,Centre,positive,3.8,True,False
QRY-002169,2026-06-17 16:38,SESS-000864,VIS-00865,text,Pidgin,domestic,South West,opening_hours,Artisanal Village & Flower Market,Littoral,neutral,3.3,True,False
QRY-005429,2026-06-17 17:50,SESS-002159,VIS-02160,text,English,domestic,North,opening_hours,Palais Royal de Foumban & Museum,West,positive,2.7,True,False
QRY-000080,2026-06-17 17:50,SESS-000035,VIS-00036,text,French,foreign,China,transport_fare,Mefou Primate Sanctuary,Centre,neutral,3.6,True,False
QRY-003851,2026-06-17 17:57,SESS-001536,VIS-01537,text,English,domestic,East,cultural_info,FINI Hotel Bobende,South West,positive,5.5,True,False
QRY-000550,2026-06-17 18:08,SESS-000230,VIS-00231,voice_note,Pidgin,foreign,Belgium,opening_hours,Rue des Artisans,West,neutral,3.7,True,False
QRY-005523,2026-06-17 18:38,SESS-002199,VIS-02200,text,French,domestic,Far North,cultural_info,Plage de Kribi (Tara Plage),South,negative,2.5,True,False
QRY-003483,2026-06-17 18:58,SESS-001389,VIS-01390,text,French,domestic,Littoral,transport_fare,L'Ovalie & La Fourchette,Littoral,positive,3.8,True,False
QRY-001461,2026-06-17 19:23,SESS-000586,VIS-00587,text,French,domestic,North West,transport_fare,Les Gites de Kribi,South,neutral,2.6,True,False
QRY-001282,2026-06-17 19:26,SESS-000507,VIS-00508,text,French,domestic,Adamawa,directions,Musee National de Yaounde,Centre,neutral,3.3,True,False
QRY-000618,2026-06-17 20:10,SESS-000255,VIS-00256,voice_note,English,domestic,North West,pricing,Pullman Douala Rabingha,Littoral,neutral,3.0,True,False
QRY-002805,2026-06-17 20:13,SESS-001106,VIS-01107,text,French,foreign,Gabon,pricing,Chez Carimo / Lobe Shacks,South,neutral,4.6,False,False
QRY-000780,2026-06-17 20:16,SESS-000309,VIS-00310,voice_note,Pidgin,domestic,Adamawa,transport_fare,Mont Febe & Golf Club,Centre,positive,3.4,True,False
QRY-001952,2026-06-17 20:18,SESS-000779,VIS-00780,voice_note,French,domestic,Adamawa,cultural_info,Limbe Wildlife Centre,South West,neutral,2.2,True,False
QRY-005425,2026-06-17 20:51,SESS-002157,VIS-02158,voice_note,English,foreign,China,transport_fare,Grand Batanga & Luma Museum,South,neutral,2.8,True,False
QRY-004303,2026-06-17 21:00,SESS-001694,VIS-01695,voice_note,French,foreign,UK,pricing,Mount Cameroon (Upper Farms),South West,negative,3.7,True,False
QRY-004052,2026-06-17 21:17,SESS-001603,VIS-01604,voice_note,French,domestic,North West,booking_interest,Pullman Douala Rabingha,Littoral,neutral,2.9,True,False
QRY-000056,2026-06-17 21:31,SESS-000022,VIS-00023,voice_note,French,foreign,Germany,booking_interest,Krystal Palace Douala,Littoral,positive,4.1,True,False
QRY-005438,2026-06-17 22:09,SESS-002164,VIS-02165,voice_note,Pidgin,foreign,Equatorial Guinea,opening_hours,Douala-Edea Wildlife Reserve,Littoral,neutral,4.8,True,False
QRY-003845,2026-06-17 22:39,SESS-001534,VIS-01535,text,English,foreign,Equatorial Guinea,booking_interest,Douala-Edea Wildlife Reserve,Littoral,positive,4.1,True,False
QRY-001012,2026-06-17 22:56,SESS-000400,VIS-00401,text,French,domestic,South,directions,Pullman Douala Rabingha,Littoral,neutral,3.6,True,False
QRY-004950,2026-06-18 06:29,SESS-001956,VIS-01957,text,French,foreign,UK,general_chat,,West,positive,4.2,True,False
QRY-000802,2026-06-18 07:14,SESS-000317,VIS-00318,text,French,foreign,USA,cultural_info,Rue des Artisans,West,neutral,3.2,True,False
QRY-004937,2026-06-18 07:35,SESS-001952,VIS-01953,text,French,domestic,Littoral,pricing,West Region Gastronomy Spots,West,neutral,3.4,True,False
QRY-005479,2026-06-18 08:18,SESS-002180,VIS-02181,text,English,foreign,France,booking_interest,West Region Gastronomy Spots,West,neutral,3.4,True,False
QRY-002630,2026-06-18 08:18,SESS-001041,VIS-01042,voice_note,English,domestic,Centre,opening_hours,Monument de la Reunification,Centre,neutral,2.5,True,False
QRY-004062,2026-06-18 08:55,SESS-001607,VIS-01608,text,English,domestic,South West,transport_fare,Musee National de Yaounde,Centre,negative,2.5,True,False
QRY-004888,2026-06-18 09:01,SESS-001934,VIS-01935,text,French,domestic,Littoral,opening_hours,Hotel Ilomba,South,positive,4.5,True,False
QRY-005409,2026-06-18 09:10,SESS-002147,VIS-02148,text,Pidgin,domestic,South,pricing,Artisanal Village & Flower Market,Littoral,neutral,3.7,True,False
QRY-003640,2026-06-18 09:16,SESS-001445,VIS-01446,text,French,foreign,France,transport_fare,Palais des Rois Bell (Pagode),Littoral,neutral,1.9,True,False
QRY-002401,2026-06-18 10:17,SESS-000960,VIS-00961,voice_note,English,domestic,East,booking_interest,Chez Carimo / Lobe Shacks,South,positive,1.7,True,False
QRY-001626,2026-06-18 10:18,SESS-000644,VIS-00645,text,French,foreign,Germany,opening_hours,Chutes de la Lobe,South,positive,2.6,True,False
QRY-005595,2026-06-18 10:38,SESS-002228,VIS-02229,voice_note,French,domestic,North,directions,Limbe Wildlife Centre,South West,positive,2.6,True,False
QRY-003586,2026-06-18 10:44,SESS-001425,VIS-01426,text,French,domestic,Centre,pricing,Musee Maritime de Douala,Littoral,positive,2.4,True,False
QRY-002446,2026-06-18 11:40,SESS-000977,VIS-00978,voice_note,English,foreign,Belgium,directions,Les Gites de Kribi,South,neutral,2.4,True,False
QRY-003996,2026-06-18 12:56,SESS-001583,VIS-01584,text,French,foreign,France,cultural_info,L'Ovalie & La Fourchette,Littoral,positive,2.6,True,False
QRY-004783,2026-06-18 13:08,SESS-001889,VIS-01890,text,French,domestic,West,pricing,Mont Febe & Golf Club,Centre,negative,2.3,True,False
QRY-000403,2026-06-18 13:10,SESS-000175,VIS-00176,voice_note,French,domestic,South,pricing,Star Land Hotel Bastos,Centre,negative,3.3,True,False
QRY-000022,2026-06-18 13:13,SESS-000009,VIS-00010,text,Pidgin,domestic,Adamawa,opening_hours,Bimbia Slave Trade Port,South West,positive,1.9,True,False
QRY-005117,2026-06-18 13:21,SESS-002022,VIS-02023,text,English,domestic,South,opening_hours,Artisanal Village & Flower Market,Littoral,positive,3.7,True,False
QRY-000891,2026-06-18 14:19,SESS-000351,VIS-00352,text,French,foreign,Equatorial Guinea,directions,Seme Beach Hotel,South West,positive,3.5,True,False
QRY-002670,2026-06-18 14:34,SESS-001053,VIS-01054,text,French,foreign,China,pricing,Hotel Ilomba,South,positive,2.7,True,False
QRY-000946,2026-06-18 14:38,SESS-000374,VIS-00375,text,Pidgin,foreign,China,cultural_info,Limbe Wildlife Centre,South West,neutral,2.4,False,False
QRY-001419,2026-06-18 14:53,SESS-000568,VIS-00569,text,French,domestic,Centre,cultural_info,Pullman Douala Rabingha,Littoral,neutral,4.3,True,False
QRY-003987,2026-06-18 14:59,SESS-001578,VIS-01579,text,Pidgin,domestic,West,pricing,Bimbia Slave Trade Port,South West,neutral,2.3,True,False
QRY-002339,2026-06-18 14:59,SESS-000933,VIS-00934,voice_note,French,domestic,Adamawa,pricing,Chez Wou & La Salsa,Centre,neutral,3.1,True,False
QRY-004012,2026-06-18 15:15,SESS-001587,VIS-01588,voice_note,English,domestic,South West,opening_hours,Monument de la Reunification,Centre,positive,2.0,True,False
QRY-000113,2026-06-18 15:35,SESS-000051,VIS-00052,text,French,foreign,Canada,transport_fare,Pullman Douala Rabingha,Littoral,positive,1.7,True,False
QRY-005600,2026-06-18 16:27,SESS-002231,VIS-02232,text,French,domestic,South West,booking_interest,Pullman Douala Rabingha,Littoral,neutral,2.6,True,False
QRY-005131,2026-06-18 16:41,SESS-002027,VIS-02028,text,French,domestic,South West,emergency_sos,Palais des Rois Bell (Pagode),Littoral,neutral,1.3,True,True
QRY-000040,2026-06-18 16:42,SESS-000015,VIS-00016,voice_note,English,domestic,South West,opening_hours,Grand Batanga & Luma Museum,South,neutral,3.8,True,False
QRY-004867,2026-06-18 17:02,SESS-001923,VIS-01924,text,English,foreign,USA,general_chat,,South,positive,3.3,True,False
QRY-002024,2026-06-18 17:58,SESS-000804,VIS-00805,text,French,foreign,South Africa,pricing,Monument de la Reunification,Centre,neutral,0.8,True,False
QRY-000848,2026-06-18 18:15,SESS-000332,VIS-00333,text,French,domestic,Centre,cultural_info,Mvog-Betsi Zoo & Botanical Garden,Centre,neutral,3.7,True,False
QRY-004380,2026-06-18 18:36,SESS-001727,VIS-01728,voice_note,English,foreign,Germany,booking_interest,Palais Royal de Foumban & Museum,West,positive,3.7,True,False
QRY-003818,2026-06-18 19:05,SESS-001522,VIS-01523,voice_note,English,foreign,Chad,directions,Chez Wou & La Salsa,Centre,neutral,4.5,True,False
QRY-005567,2026-06-18 19:52,SESS-002221,VIS-02222,text,French,foreign,USA,transport_fare,FINI Hotel Bobende,South West,negative,3.3,True,False
QRY-005732,2026-06-18 20:24,SESS-002288,VIS-02289,text,Pidgin,foreign,Canada,transport_fare,Bimbia Slave Trade Port,South West,neutral,1.6,True,False
QRY-005830,2026-06-18 20:32,SESS-002336,VIS-02337,voice_note,English,domestic,South,cultural_info,Musee National de Yaounde,Centre,positive,3.8,True,False
QRY-001699,2026-06-18 20:52,SESS-000677,VIS-00678,text,French,domestic,Adamawa,cultural_info,Domaine du Petpenoun,West,neutral,2.0,True,False
QRY-002186,2026-06-18 20:53,SESS-000870,VIS-00871,text,French,foreign,Gabon,pricing,Monument de la Reunification,Centre,negative,4.3,True,False
QRY-003993,2026-06-18 21:11,SESS-001582,VIS-01583,voice_note,French,domestic,South,pricing,Monument de la Reunification,Centre,neutral,4.3,True,False
QRY-005434,2026-06-18 21:31,SESS-002161,VIS-02162,text,French,foreign,Belgium,transport_fare,Rue des Artisans,West,neutral,3.1,True,False
QRY-005714,2026-06-18 21:35,SESS-002278,VIS-02279,text,French,foreign,France,transport_fare,Chez Carimo / Lobe Shacks,South,negative,3.3,True,False
QRY-003821,2026-06-18 21:54,SESS-001523,VIS-01524,voice_note,French,foreign,Chad,emergency_sos,Hilton Yaounde,Centre,negative,3.5,True,True
QRY-003759,2026-06-18 21:57,SESS-001500,VIS-01501,text,French,domestic,North,general_chat,,North,positive,1.9,True,False
QRY-006088,2026-06-18 22:37,SESS-002429,VIS-02430,text,French,foreign,Canada,pricing,Rue des Artisans,West,negative,4.0,True,False
QRY-000694,2026-06-18 22:45,SESS-000279,VIS-00280,text,French,domestic,West,general_chat,,North West,neutral,2.5,True,False
QRY-001463,2026-06-18 22:45,SESS-000587,VIS-00588,text,English,domestic,North,directions,Palais des Rois Bell (Pagode),Littoral,negative,3.5,True,False
QRY-001603,2026-06-19 06:20,SESS-000635,VIS-00636,text,French,domestic,North,pricing,FINI Hotel Bobende,South West,positive,3.5,True,False
QRY-004521,2026-06-19 06:42,SESS-001784,VIS-01785,text,French,domestic,South West,pricing,Marche Sandaga & Deido Soya,Littoral,neutral,4.3,True,False
QRY-003867,2026-06-19 07:19,SESS-001541,VIS-01542,text,French,domestic,East,opening_hours,Grand Batanga & Luma Museum,South,positive,2.9,True,False
QRY-004909,2026-06-19 07:21,SESS-001942,VIS-01943,text,Pidgin,domestic,Littoral,booking_interest,Artisanal Village & Flower Market,Littoral,positive,3.4,False,False
QRY-005465,2026-06-19 07:23,SESS-002173,VIS-02174,text,French,foreign,UK,pricing,FINI Hotel Bobende,South West,positive,1.0,True,False
QRY-004915,2026-06-19 07:28,SESS-001945,VIS-01946,voice_note,French,foreign,South Africa,opening_hours,Artisanal Village & Flower Market,Littoral,neutral,1.6,True,False
QRY-001041,2026-06-19 07:44,SESS-000411,VIS-00412,text,English,domestic,Adamawa,pricing,L'Ovalie & La Fourchette,Littoral,neutral,3.4,True,False
QRY-005223,2026-06-19 07:46,SESS-002071,VIS-02072,voice_note,French,domestic,West,pricing,Grand Batanga & Luma Museum,South,neutral,2.4,True,False
QRY-003606,2026-06-19 08:08,SESS-001434,VIS-01435,voice_note,English,domestic,Far North,cultural_info,Mont Febe & Golf Club,Centre,positive,2.1,True,False
QRY-003034,2026-06-19 08:09,SESS-001197,VIS-01198,text,English,foreign,Equatorial Guinea,cultural_info,Chefferie de Bandjoun,West,positive,4.0,True,False
QRY-003245,2026-06-19 08:38,SESS-001300,VIS-01301,text,English,domestic,East,transport_fare,Artisanal Village & Flower Market,Littoral,negative,3.5,True,False
QRY-002465,2026-06-19 08:39,SESS-000987,VIS-00988,text,English,domestic,North,directions,Les Gites de Kribi,South,neutral,3.6,True,False
QRY-004275,2026-06-19 08:53,SESS-001685,VIS-01686,text,English,foreign,Belgium,emergency_sos,Artisanal Village & Flower Market,Littoral,neutral,2.4,True,True
QRY-003446,2026-06-19 09:06,SESS-001373,VIS-01374,voice_note,French,domestic,Centre,general_chat,,South West,neutral,4.5,True,False
QRY-000709,2026-06-19 09:07,SESS-000285,VIS-00286,text,English,domestic,Littoral,directions,Star Land Hotel Bastos,Centre,negative,2.2,True,False
QRY-005548,2026-06-19 09:23,SESS-002214,VIS-02215,text,English,foreign,Gabon,opening_hours,Chutes de la Lobe,South,positive,3.2,True,False
QRY-005769,2026-06-19 09:28,SESS-002306,VIS-02307,text,French,foreign,Germany,pricing,Mvog-Betsi Zoo & Botanical Garden,Centre,neutral,1.8,True,False
QRY-003770,2026-06-19 09:53,SESS-001503,VIS-01504,text,English,domestic,North West,transport_fare,Musee Maritime de Douala,Littoral,positive,3.5,False,False
QRY-004780,2026-06-19 09:59,SESS-001889,VIS-01890,text,French,domestic,Centre,transport_fare,Limbe Botanic Garden,South West,positive,3.8,True,False
QRY-004938,2026-06-19 09:59,SESS-001953,VIS-01954,voice_note,French,domestic,Littoral,opening_hours,Palais des Rois Bell (Pagode),Littoral,positive,4.3,True,False
QRY-002935,2026-06-19 09:59,SESS-001158,VIS-01159,voice_note,Pidgin,foreign,China,directions,Down Beach Roasted Fish Sheds,South West,neutral,2.5,True,False
QRY-003326,2026-06-19 10:12,SESS-001333,VIS-01334,voice_note,French,foreign,UK,pricing,Hotel Ilomba,South,positive,3.6,True,False
QRY-004300,2026-06-19 10:41,SESS-001692,VIS-01693,text,French,domestic,West,booking_interest,Chez Wou & La Salsa,Centre,positive,2.9,True,False
QRY-005979,2026-06-19 10:46,SESS-002396,VIS-02397,voice_note,French,foreign,Equatorial Guinea,cultural_info,Mont Febe & Golf Club,Centre,neutral,2.4,True,False
QRY-005089,2026-06-19 11:51,SESS-002012,VIS-02013,voice_note,English,foreign,Belgium,pricing,Down Beach Roasted Fish Sheds,South West,neutral,2.8,False,False
QRY-000572,2026-06-19 11:59,SESS-000241,VIS-00242,voice_note,English,foreign,Belgium,opening_hours,FINI Hotel Bobende,South West,positive,2.9,True,False
QRY-001966,2026-06-19 12:02,SESS-000785,VIS-00786,text,Pidgin,domestic,Far North,general_chat,,North West,positive,3.0,True,False
QRY-000396,2026-06-19 12:22,SESS-000173,VIS-00174,text,English,foreign,Canada,opening_hours,Grand Batanga & Luma Museum,South,neutral,1.6,True,False
QRY-002196,2026-06-19 12:38,SESS-000872,VIS-00873,text,Pidgin,domestic,South,opening_hours,Mvog-Betsi Zoo & Botanical Garden,Centre,neutral,4.2,True,False
QRY-000398,2026-06-19 12:43,SESS-000174,VIS-00175,voice_note,English,domestic,South,pricing,Hotel Ilomba,South,neutral,3.2,True,False
QRY-000560,2026-06-19 12:47,SESS-000236,VIS-00237,voice_note,English,domestic,South West,transport_fare,Plage de Kribi (Tara Plage),South,neutral,1.9,True,False
QRY-001187,2026-06-19 12:49,SESS-000467,VIS-00468,text,French,domestic,South West,transport_fare,Palais Royal de Foumban & Museum,West,neutral,4.2,True,False
QRY-006014,2026-06-19 13:20,SESS-002404,VIS-02405,text,French,foreign,China,opening_hours,Chez Carimo / Lobe Shacks,South,neutral,0.9,True,False
QRY-001703,2026-06-19 13:34,SESS-000679,VIS-00680,voice_note,English,foreign,USA,cultural_info,Limbe Botanic Garden,South West,neutral,3.5,True,False
QRY-003529,2026-06-19 13:48,SESS-001404,VIS-01405,text,English,domestic,Far North,pricing,Domaine du Petpenoun,West,neutral,3.9,True,False
QRY-005284,2026-06-19 14:00,SESS-002097,VIS-02098,text,English,foreign,South Africa,emergency_sos,Mvog-Betsi Zoo & Botanical Garden,Centre,negative,3.7,True,True
QRY-000754,2026-06-19 14:04,SESS-000299,VIS-00300,text,French,foreign,Germany,transport_fare,Bimbia Slave Trade Port,South West,neutral,3.0,True,False
QRY-005128,2026-06-19 14:10,SESS-002027,VIS-02028,text,French,domestic,Adamawa,transport_fare,L'Ovalie & La Fourchette,Littoral,positive,1.5,True,False
QRY-005551,2026-06-19 14:58,SESS-002214,VIS-02215,voice_note,French,foreign,UK,pricing,Monument de la Reunification,Centre,neutral,2.6,True,False
QRY-005882,2026-06-19 15:00,SESS-002360,VIS-02361,text,English,foreign,Gabon,opening_hours,Les Gites de Kribi,South,neutral,3.4,True,False
QRY-003324,2026-06-19 15:21,SESS-001332,VIS-01333,text,English,domestic,East,general_chat,,Centre,neutral,3.5,True,False
QRY-004676,2026-06-19 15:22,SESS-001849,VIS-01850,text,English,foreign,Canada,pricing,Limbe Botanic Garden,South West,positive,4.1,True,False
QRY-001576,2026-06-19 15:24,SESS-000624,VIS-00625,text,French,foreign,China,directions,L'Ovalie & La Fourchette,Littoral,neutral,3.3,True,False
QRY-000235,2026-06-19 15:42,SESS-000109,VIS-00110,text,English,domestic,Littoral,transport_fare,Down Beach & Batoke Beach,South West,neutral,3.6,True,False
QRY-001679,2026-06-19 15:42,SESS-000670,VIS-00671,voice_note,English,domestic,South,general_chat,,North,neutral,3.7,False,False
QRY-000750,2026-06-19 16:11,SESS-000297,VIS-00298,voice_note,Pidgin,foreign,China,booking_interest,Hotel Ilomba,South,positive,4.7,True,False
QRY-003219,2026-06-19 16:24,SESS-001288,VIS-01289,text,English,domestic,Centre,directions,Monument de la Reunification,Centre,positive,3.1,True,False
QRY-002215,2026-06-19 16:55,SESS-000882,VIS-00883,voice_note,French,domestic,North West,pricing,FINI Hotel Bobende,South West,positive,3.4,True,False
QRY-003518,2026-06-19 17:49,SESS-001402,VIS-01403,text,English,foreign,USA,opening_hours,Artisanal Village & Flower Market,Littoral,positive,2.1,True,False
QRY-001719,2026-06-19 18:01,SESS-000688,VIS-00689,text,French,domestic,Adamawa,opening_hours,Krystal Palace Douala,Littoral,neutral,4.3,True,False
QRY-001947,2026-06-19 18:24,SESS-000776,VIS-00777,voice_note,English,foreign,China,booking_interest,Seme Beach Hotel,South West,neutral,4.3,True,False
QRY-004116,2026-06-19 18:25,SESS-001627,VIS-01628,voice_note,English,domestic,South West,transport_fare,Musee Maritime de Douala,Littoral,neutral,3.6,True,False
QRY-005740,2026-06-19 18:43,SESS-002291,VIS-02292,voice_note,French,foreign,China,cultural_info,Mount Cameroon (Upper Farms),South West,neutral,5.5,True,False
QRY-000195,2026-06-19 18:56,SESS-000089,VIS-00090,voice_note,English,domestic,Centre,pricing,Monument de la Reunification,Centre,positive,2.5,True,False
QRY-003214,2026-06-19 19:08,SESS-001286,VIS-01287,voice_note,English,domestic,Far North,pricing,Krystal Palace Douala,Littoral,negative,4.4,True,False
QRY-003080,2026-06-19 19:18,SESS-001225,VIS-01226,text,English,domestic,Far North,pricing,Marche Sandaga & Deido Soya,Littoral,neutral,2.1,False,False
QRY-003564,2026-06-19 19:23,SESS-001417,VIS-01418,text,French,foreign,USA,directions,FINI Hotel Bobende,South West,positive,3.7,True,False
QRY-000564,2026-06-19 19:28,SESS-000238,VIS-00239,text,English,domestic,South,pricing,L'Ovalie & La Fourchette,Littoral,positive,2.2,True,False
QRY-005786,2026-06-19 19:32,SESS-002314,VIS-02315,voice_note,English,foreign,France,directions,FINI Hotel Bobende,South West,negative,4.4,True,False
QRY-002323,2026-06-19 20:50,SESS-000929,VIS-00930,text,French,domestic,South West,general_chat,,North West,neutral,3.7,True,False
QRY-004864,2026-06-19 20:57,SESS-001923,VIS-01924,text,French,domestic,Far North,cultural_info,Star Land Hotel Bastos,Centre,positive,4.2,True,False
QRY-005972,2026-06-19 21:00,SESS-002395,VIS-02396,voice_note,French,domestic,South West,opening_hours,Plage de Kribi (Tara Plage),South,neutral,3.9,True,False
QRY-005205,2026-06-19 21:13,SESS-002064,VIS-02065,text,Pidgin,domestic,West,cultural_info,Limbe Wildlife Centre,South West,neutral,3.5,True,False
QRY-002745,2026-06-19 21:22,SESS-001084,VIS-01085,text,English,foreign,Chad,general_chat,,South West,neutral,2.4,True,False
QRY-005135,2026-06-19 21:36,SESS-002030,VIS-02031,text,French,domestic,Far North,opening_hours,Marche Sandaga & Deido Soya,Littoral,positive,3.9,True,False
QRY-003933,2026-06-19 22:40,SESS-001562,VIS-01563,text,French,foreign,USA,opening_hours,Palais Royal de Foumban & Museum,West,neutral,3.2,True,False
QRY-004694,2026-06-19 22:56,SESS-001856,VIS-01857,text,English,foreign,France,pricing,Hotel Ilomba,South,positive,4.5,True,False
QRY-000735,2026-06-20 06:07,SESS-000292,VIS-00293,text,English,domestic,Centre,booking_interest,Bimbia Slave Trade Port,South West,neutral,3.2,True,False
QRY-002433,2026-06-20 06:22,SESS-000970,VIS-00971,text,English,domestic,Far North,opening_hours,Down Beach Roasted Fish Sheds,South West,neutral,2.3,True,False
QRY-005544,2026-06-20 06:24,SESS-002211,VIS-02212,text,English,foreign,Equatorial Guinea,opening_hours,Bimbia Slave Trade Port,South West,positive,3.7,True,False
QRY-001643,2026-06-20 06:25,SESS-000656,VIS-00657,text,English,domestic,North,directions,Seme Beach Hotel,South West,neutral,1.6,True,False
QRY-003021,2026-06-20 06:30,SESS-001191,VIS-01192,text,French,foreign,Nigeria,pricing,Bimbia Slave Trade Port,South West,neutral,3.2,True,False
QRY-004538,2026-06-20 06:37,SESS-001791,VIS-01792,text,English,domestic,Far North,opening_hours,Plage de Kribi (Tara Plage),South,positive,2.1,True,False
QRY-001068,2026-06-20 07:26,SESS-000421,VIS-00422,voice_note,French,domestic,East,opening_hours,Les Gites de Kribi,South,negative,2.7,True,False
QRY-002571,2026-06-20 07:38,SESS-001026,VIS-01027,text,French,foreign,Canada,booking_interest,Pullman Douala Rabingha,Littoral,neutral,2.5,True,False
QRY-005802,2026-06-20 08:01,SESS-002322,VIS-02323,text,French,foreign,Germany,general_chat,,West,positive,3.3,True,False
QRY-000971,2026-06-20 08:40,SESS-000384,VIS-00385,text,English,domestic,Littoral,transport_fare,Chez Wou & La Salsa,Centre,positive,5.0,True,False
QRY-002331,2026-06-20 08:43,SESS-000930,VIS-00931,text,English,domestic,Littoral,directions,Rue des Artisans,West,positive,2.7,True,False
QRY-003265,2026-06-20 09:16,SESS-001306,VIS-01307,voice_note,French,domestic,Adamawa,general_chat,,North West,positive,2.8,True,False
QRY-002462,2026-06-20 09:19,SESS-000986,VIS-00987,text,English,domestic,East,pricing,FINI Hotel Bobende,South West,neutral,2.1,True,False
QRY-000915,2026-06-20 10:18,SESS-000361,VIS-00362,text,French,foreign,Nigeria,pricing,Hotel Ilomba,South,positive,4.9,True,False
QRY-004836,2026-06-20 10:32,SESS-001911,VIS-01912,text,French,foreign,Canada,directions,Grand Batanga & Luma Museum,South,neutral,4.0,True,False
QRY-003261,2026-06-20 10:44,SESS-001303,VIS-01304,voice_note,Pidgin,domestic,West,opening_hours,Limbe Botanic Garden,South West,positive,2.2,True,False
QRY-001268,2026-06-20 11:16,SESS-000504,VIS-00505,text,English,foreign,Nigeria,transport_fare,Chez Wou & La Salsa,Centre,neutral,4.5,True,False
QRY-001988,2026-06-20 11:30,SESS-000789,VIS-00790,text,French,foreign,Gabon,transport_fare,Mvog-Betsi Zoo & Botanical Garden,Centre,positive,4.2,True,False
QRY-000129,2026-06-20 11:56,SESS-000058,VIS-00059,text,French,domestic,North West,opening_hours,Marche Sandaga & Deido Soya,Littoral,neutral,3.5,True,False
QRY-002218,2026-06-20 12:11,SESS-000883,VIS-00884,text,English,foreign,Belgium,transport_fare,Monument de la Reunification,Centre,positive,2.5,True,False
QRY-003636,2026-06-20 12:25,SESS-001442,VIS-01443,text,French,foreign,China,directions,Hotel Zingana,West,neutral,2.2,True,False
QRY-000356,2026-06-20 12:38,SESS-000157,VIS-00158,text,English,domestic,North West,booking_interest,Down Beach Roasted Fish Sheds,South West,neutral,1.9,True,False
QRY-004123,2026-06-20 12:41,SESS-001631,VIS-01632,voice_note,French,domestic,North,pricing,Monument de la Reunification,Centre,neutral,4.0,True,False
QRY-003339,2026-06-20 12:52,SESS-001339,VIS-01340,voice_note,French,foreign,Nigeria,general_chat,,South West,neutral,3.9,True,False
QRY-000998,2026-06-20 13:18,SESS-000394,VIS-00395,voice_note,French,domestic,North,booking_interest,Chutes de la Lobe,South,neutral,5.1,True,False
QRY-000726,2026-06-20 13:27,SESS-000289,VIS-00290,text,English,domestic,East,opening_hours,Domaine du Petpenoun,West,positive,4.4,True,False
QRY-005183,2026-06-20 13:41,SESS-002054,VIS-02055,text,English,domestic,North,transport_fare,Artisanal Village & Flower Market,Littoral,positive,4.0,True,False
QRY-002127,2026-06-20 13:41,SESS-000846,VIS-00847,voice_note,Pidgin,foreign,China,booking_interest,Krystal Palace Douala,Littoral,positive,3.5,True,False
QRY-000555,2026-06-20 13:46,SESS-000233,VIS-00234,voice_note,French,domestic,Centre,directions,Mefou Primate Sanctuary,Centre,neutral,5.1,True,False
QRY-002064,2026-06-20 13:48,SESS-000822,VIS-00823,voice_note,English,foreign,UK,booking_interest,Plage de Kribi (Tara Plage),South,negative,1.8,True,False
QRY-004754,2026-06-20 13:51,SESS-001879,VIS-01880,text,Pidgin,domestic,Centre,cultural_info,Hotel Ilomba,South,positive,2.3,True,False
QRY-004652,2026-06-20 14:22,SESS-001838,VIS-01839,voice_note,English,domestic,Littoral,opening_hours,Artisanal Village & Flower Market,Littoral,positive,2.7,True,False
QRY-005996,2026-06-20 14:50,SESS-002401,VIS-02402,voice_note,French,domestic,North,transport_fare,Krystal Palace Douala,Littoral,positive,4.3,True,False
QRY-002577,2026-06-20 16:12,SESS-001027,VIS-01028,voice_note,French,foreign,South Africa,opening_hours,Pullman Douala Rabingha,Littoral,neutral,1.8,True,False
QRY-001963,2026-06-20 16:30,SESS-000785,VIS-00786,text,English,foreign,China,directions,Chez Wou & La Salsa,Centre,neutral,4.6,True,False
QRY-004297,2026-06-20 17:25,SESS-001690,VIS-01691,text,French,domestic,South West,transport_fare,Pullman Douala Rabingha,Littoral,positive,4.6,True,False
QRY-004764,2026-06-20 17:29,SESS-001882,VIS-01883,text,English,domestic,South West,transport_fare,West Region Gastronomy Spots,West,positive,3.8,True,False
QRY-005071,2026-06-20 17:43,SESS-002006,VIS-02007,text,English,domestic,South West,cultural_info,Mont Febe & Golf Club,Centre,negative,4.6,True,False
QRY-001256,2026-06-20 17:53,SESS-000500,VIS-00501,text,English,foreign,Canada,directions,Down Beach & Batoke Beach,South West,neutral,2.8,True,False
QRY-005810,2026-06-20 17:55,SESS-002328,VIS-02329,text,French,domestic,North,opening_hours,Chez Wou & La Salsa,Centre,neutral,3.0,True,False
QRY-003134,2026-06-20 18:06,SESS-001251,VIS-01252,text,English,domestic,Centre,booking_interest,Bimbia Slave Trade Port,South West,neutral,3.1,True,False
QRY-000663,2026-06-20 18:25,SESS-000272,VIS-00273,text,French,foreign,France,transport_fare,Chutes de la Lobe,South,neutral,3.9,True,False
QRY-003810,2026-06-20 18:46,SESS-001520,VIS-01521,voice_note,English,foreign,China,pricing,Star Land Hotel Bastos,Centre,neutral,5.3,True,False
QRY-002357,2026-06-20 18:54,SESS-000942,VIS-00943,text,French,domestic,Centre,directions,Musee National de Yaounde,Centre,positive,3.0,True,False
QRY-005310,2026-06-20 18:55,SESS-002109,VIS-02110,text,English,domestic,West,directions,L'Ovalie & La Fourchette,Littoral,positive,2.0,True,False
QRY-000330,2026-06-20 19:09,SESS-000148,VIS-00149,voice_note,French,domestic,South,pricing,Down Beach & Batoke Beach,South West,neutral,3.2,True,False
QRY-005105,2026-06-20 19:39,SESS-002018,VIS-02019,text,English,domestic,Centre,transport_fare,Musee Maritime de Douala,Littoral,neutral,1.3,True,False
QRY-003783,2026-06-20 19:44,SESS-001508,VIS-01509,text,Pidgin,domestic,North,cultural_info,Grand Batanga & Luma Museum,South,positive,2.8,True,False
QRY-004189,2026-06-20 19:49,SESS-001655,VIS-01656,text,French,domestic,South West,opening_hours,Domaine du Petpenoun,West,neutral,1.8,True,False
QRY-003234,2026-06-20 19:52,SESS-001296,VIS-01297,voice_note,English,domestic,North,opening_hours,FINI Hotel Bobende,South West,positive,4.0,True,False
QRY-000370,2026-06-20 21:00,SESS-000162,VIS-00163,text,English,domestic,West,directions,Artisanal Village & Flower Market,Littoral,positive,4.3,True,False
QRY-003461,2026-06-20 21:05,SESS-001380,VIS-01381,text,French,foreign,Nigeria,opening_hours,Pullman Douala Rabingha,Littoral,positive,4.0,False,False
QRY-005133,2026-06-20 21:09,SESS-002029,VIS-02030,voice_note,French,foreign,Nigeria,emergency_sos,Hilton Yaounde,Centre,neutral,1.8,True,True
QRY-001808,2026-06-20 21:56,SESS-000720,VIS-00721,text,French,foreign,China,opening_hours,Mefou Primate Sanctuary,Centre,positive,3.8,True,False
QRY-004415,2026-06-20 22:33,SESS-001739,VIS-01740,text,French,foreign,France,booking_interest,Douala-Edea Wildlife Reserve,Littoral,positive,3.8,True,False
QRY-005108,2026-06-20 22:39,SESS-002018,VIS-02019,text,French,foreign,Canada,opening_hours,Chez Carimo / Lobe Shacks,South,neutral,3.0,True,False
QRY-004302,2026-06-21 06:30,SESS-001693,VIS-01694,text,French,domestic,North West,transport_fare,Hilton Yaounde,Centre,negative,2.5,True,False
QRY-002614,2026-06-21 06:34,SESS-001035,VIS-01036,text,Pidgin,domestic,North West,cultural_info,FINI Hotel Bobende,South West,positive,3.5,True,False
QRY-000292,2026-06-21 07:26,SESS-000133,VIS-00134,voice_note,French,domestic,South West,general_chat,,Centre,neutral,3.5,True,False
QRY-006083,2026-06-21 07:30,SESS-002426,VIS-02427,text,French,domestic,North,cultural_info,Musee Maritime de Douala,Littoral,neutral,5.3,True,False
QRY-001235,2026-06-21 07:39,SESS-000492,VIS-00493,text,English,domestic,Adamawa,directions,Chez Wou & La Salsa,Centre,negative,2.9,True,False
QRY-000480,2026-06-21 08:00,SESS-000204,VIS-00205,text,French,foreign,Belgium,directions,Palais des Rois Bell (Pagode),Littoral,neutral,2.3,True,False
QRY-001676,2026-06-21 08:12,SESS-000669,VIS-00670,voice_note,French,domestic,North West,directions,L'Ovalie & La Fourchette,Littoral,neutral,2.4,True,False
QRY-005712,2026-06-21 08:29,SESS-002278,VIS-02279,text,Pidgin,domestic,South,cultural_info,Mont Febe & Golf Club,Centre,negative,2.9,True,False
QRY-002047,2026-06-21 08:57,SESS-000814,VIS-00815,text,English,domestic,South,opening_hours,Plage de Kribi (Tara Plage),South,neutral,2.7,True,False
QRY-002199,2026-06-21 09:09,SESS-000874,VIS-00875,text,French,domestic,Centre,transport_fare,Bimbia Slave Trade Port,South West,neutral,3.0,True,False
QRY-006021,2026-06-21 09:16,SESS-002407,VIS-02408,voice_note,French,domestic,Centre,cultural_info,Hotel Ilomba,South,neutral,3.3,True,False
QRY-000302,2026-06-21 09:28,SESS-000137,VIS-00138,voice_note,French,domestic,Far North,emergency_sos,Les Gites de Kribi,South,negative,1.5,True,True
QRY-001089,2026-06-21 09:30,SESS-000427,VIS-00428,voice_note,French,domestic,Far North,transport_fare,Hotel Ilomba,South,positive,1.2,True,False
QRY-005798,2026-06-21 09:35,SESS-002320,VIS-02321,text,English,domestic,Littoral,general_chat,,East,positive,5.3,True,False
QRY-000835,2026-06-21 09:41,SESS-000330,VIS-00331,text,French,domestic,East,cultural_info,FINI Hotel Bobende,South West,neutral,2.7,True,False
QRY-001535,2026-06-21 10:07,SESS-000612,VIS-00613,text,English,domestic,South,pricing,Rue des Artisans,West,neutral,4.7,True,False
QRY-003402,2026-06-21 10:18,SESS-001360,VIS-01361,text,English,domestic,South,cultural_info,Mvog-Betsi Zoo & Botanical Garden,Centre,positive,2.2,True,False
QRY-003820,2026-06-21 10:24,SESS-001523,VIS-01524,text,French,foreign,UK,pricing,Musee Maritime de Douala,Littoral,neutral,3.0,True,False
QRY-001504,2026-06-21 10:38,SESS-000602,VIS-00603,text,French,domestic,South West,cultural_info,Marche Sandaga & Deido Soya,Littoral,positive,3.2,True,False
QRY-001016,2026-06-21 10:56,SESS-000401,VIS-00402,text,French,foreign,China,pricing,Chez Carimo / Lobe Shacks,South,positive,1.9,True,False
QRY-003984,2026-06-21 11:16,SESS-001576,VIS-01577,text,French,foreign,France,directions,Pullman Douala Rabingha,Littoral,neutral,4.1,True,False
QRY-004472,2026-06-21 11:24,SESS-001757,VIS-01758,voice_note,Pidgin,foreign,Canada,transport_fare,Chez Carimo / Lobe Shacks,South,positive,2.8,True,False
QRY-002777,2026-06-21 11:48,SESS-001096,VIS-01097,voice_note,English,foreign,China,booking_interest,Rue des Artisans,West,positive,3.4,True,False
QRY-001396,2026-06-21 11:58,SESS-000555,VIS-00556,voice_note,French,foreign,USA,transport_fare,Mont Febe & Golf Club,Centre,negative,4.6,True,False
QRY-002260,2026-06-21 12:08,SESS-000903,VIS-00904,text,French,domestic,North,transport_fare,Douala-Edea Wildlife Reserve,Littoral,neutral,4.7,True,False
QRY-003752,2026-06-21 12:09,SESS-001496,VIS-01497,voice_note,Pidgin,foreign,France,directions,Palais des Rois Bell (Pagode),Littoral,neutral,3.4,True,False
QRY-000084,2026-06-21 12:14,SESS-000036,VIS-00037,text,French,domestic,Far North,cultural_info,Musee National de Yaounde,Centre,positive,3.9,True,False
QRY-005532,2026-06-21 12:16,SESS-002201,VIS-02202,text,English,domestic,Adamawa,transport_fare,Chutes d'Ekom Nkam,Littoral,positive,3.7,True,False
QRY-005879,2026-06-21 12:23,SESS-002359,VIS-02360,text,English,foreign,Chad,opening_hours,Monument de la Reunification,Centre,negative,3.9,True,False
QRY-001399,2026-06-21 12:29,SESS-000557,VIS-00558,text,French,domestic,Far North,cultural_info,Bimbia Slave Trade Port,South West,positive,3.2,True,False
QRY-002979,2026-06-21 12:35,SESS-001173,VIS-01174,text,English,foreign,Nigeria,general_chat,,Centre,neutral,3.3,True,False
QRY-003187,2026-06-21 12:42,SESS-001273,VIS-01274,voice_note,French,domestic,East,emergency_sos,Marche Sandaga & Deido Soya,Littoral,negative,1.7,True,True
QRY-003355,2026-06-21 13:03,SESS-001344,VIS-01345,text,French,foreign,Nigeria,opening_hours,Hotel Ilomba,South,positive,1.0,True,False
QRY-000606,2026-06-21 13:37,SESS-000254,VIS-00255,text,French,foreign,USA,directions,Marche Sandaga & Deido Soya,Littoral,neutral,2.0,True,False
QRY-000559,2026-06-21 13:47,SESS-000236,VIS-00237,text,Pidgin,domestic,Adamawa,directions,Palais des Rois Bell (Pagode),Littoral,negative,3.2,True,False
QRY-001467,2026-06-21 13:51,SESS-000590,VIS-00591,text,English,foreign,Gabon,cultural_info,Artisanal Village & Flower Market,Littoral,neutral,4.1,True,False
QRY-000359,2026-06-21 13:56,SESS-000158,VIS-00159,voice_note,French,foreign,UK,booking_interest,Limbe Botanic Garden,South West,positive,3.9,True,False
QRY-000174,2026-06-21 14:19,SESS-000080,VIS-00081,voice_note,French,domestic,Far North,general_chat,,Centre,neutral,2.9,True,False
QRY-004979,2026-06-21 14:23,SESS-001964,VIS-01965,voice_note,English,domestic,Littoral,pricing,Mount Cameroon (Upper Farms),South West,neutral,3.5,True,False
QRY-004481,2026-06-21 14:41,SESS-001762,VIS-01763,text,English,domestic,Littoral,directions,Musee National de Yaounde,Centre,negative,4.1,True,False
QRY-005477,2026-06-21 14:54,SESS-002178,VIS-02179,text,Pidgin,foreign,Equatorial Guinea,transport_fare,Down Beach & Batoke Beach,South West,negative,2.4,True,False
QRY-005940,2026-06-21 16:01,SESS-002380,VIS-02381,text,English,domestic,South West,pricing,Mount Cameroon (Upper Farms),South West,neutral,2.6,True,False
QRY-003865,2026-06-21 16:21,SESS-001541,VIS-01542,text,English,foreign,China,booking_interest,Down Beach & Batoke Beach,South West,neutral,0.8,True,False
QRY-002360,2026-06-21 16:35,SESS-000943,VIS-00944,voice_note,English,domestic,South West,pricing,Grand Batanga & Luma Museum,South,neutral,4.0,False,False
QRY-000272,2026-06-21 16:37,SESS-000124,VIS-00125,text,English,foreign,Belgium,emergency_sos,Hotel Ilomba,South,neutral,1.5,False,True
QRY-000567,2026-06-21 16:39,SESS-000240,VIS-00241,text,French,domestic,East,booking_interest,Bimbia Slave Trade Port,South West,neutral,2.6,True,False
QRY-004363,2026-06-21 16:51,SESS-001716,VIS-01717,text,English,foreign,Canada,directions,West Region Gastronomy Spots,West,neutral,1.8,True,False
QRY-003314,2026-06-21 17:05,SESS-001326,VIS-01327,voice_note,French,foreign,Chad,transport_fare,Monument de la Reunification,Centre,negative,4.1,True,False
QRY-002508,2026-06-21 17:47,SESS-001000,VIS-01001,text,Pidgin,domestic,West,booking_interest,Chez Wou & La Salsa,Centre,neutral,4.0,True,False
QRY-003099,2026-06-21 17:49,SESS-001234,VIS-01235,voice_note,English,foreign,USA,transport_fare,Musee Maritime de Douala,Littoral,neutral,2.7,True,False
QRY-003246,2026-06-21 18:52,SESS-001301,VIS-01302,text,French,domestic,East,cultural_info,Monument de la Reunification,Centre,neutral,1.9,True,False
QRY-003614,2026-06-21 19:10,SESS-001435,VIS-01436,text,Pidgin,domestic,North,directions,L'Ovalie & La Fourchette,Littoral,neutral,3.0,True,False
QRY-001408,2026-06-21 19:58,SESS-000562,VIS-00563,text,Pidgin,foreign,Chad,opening_hours,Chutes de la Lobe,South,neutral,3.7,True,False
QRY-005530,2026-06-21 21:07,SESS-002201,VIS-02202,text,French,domestic,East,booking_interest,Rue des Artisans,West,positive,3.2,True,False
QRY-003366,2026-06-21 21:46,SESS-001346,VIS-01347,voice_note,French,domestic,East,directions,FINI Hotel Bobende,South West,positive,3.0,True,False
QRY-004685,2026-06-21 22:00,SESS-001852,VIS-01853,voice_note,French,domestic,East,transport_fare,Star Land Hotel Bastos,Centre,negative,4.3,True,False
QRY-004157,2026-06-21 22:12,SESS-001643,VIS-01644,voice_note,French,foreign,Equatorial Guinea,transport_fare,Bimbia Slave Trade Port,South West,neutral,2.9,True,False
QRY-005748,2026-06-21 22:14,SESS-002296,VIS-02297,voice_note,English,foreign,China,general_chat,,West,neutral,2.8,True,False
QRY-000191,2026-06-21 22:31,SESS-000086,VIS-00087,text,English,domestic,Adamawa,pricing,Hotel Zingana,West,neutral,3.9,True,False
QRY-004465,2026-06-21 22:55,SESS-001756,VIS-01757,text,Pidgin,domestic,West,pricing,Chutes de la Lobe,South,neutral,2.7,True,False
QRY-001452,2026-06-22 06:05,SESS-000579,VIS-00580,text,English,foreign,Chad,booking_interest,Hilton Yaounde,Centre,neutral,2.8,True,False
QRY-004816,2026-06-22 06:15,SESS-001901,VIS-01902,text,English,domestic,South,general_chat,,West,neutral,3.1,True,False
QRY-002070,2026-06-22 06:18,SESS-000826,VIS-00827,text,French,domestic,Littoral,directions,Hilton Yaounde,Centre,positive,4.3,True,False
QRY-001701,2026-06-22 06:20,SESS-000678,VIS-00679,text,English,foreign,Nigeria,pricing,Down Beach & Batoke Beach,South West,positive,2.6,True,False
QRY-004478,2026-06-22 06:37,SESS-001759,VIS-01760,text,English,domestic,North West,pricing,Palais Royal de Foumban & Museum,West,negative,2.3,True,False
QRY-000445,2026-06-22 07:20,SESS-000191,VIS-00192,voice_note,French,domestic,Adamawa,transport_fare,Grand Batanga & Luma Museum,South,negative,1.6,True,False
QRY-005881,2026-06-22 07:30,SESS-002360,VIS-02361,text,French,foreign,Belgium,transport_fare,Plage de Kribi (Tara Plage),South,neutral,3.6,True,False
QRY-003184,2026-06-22 07:41,SESS-001272,VIS-01273,text,Pidgin,domestic,East,general_chat,,Far North,positive,3.8,True,False
QRY-002883,2026-06-22 07:48,SESS-001137,VIS-01138,text,French,domestic,East,transport_fare,Campo Ma'an National Park,South,neutral,4.2,True,False
QRY-002598,2026-06-22 07:55,SESS-001033,VIS-01034,text,Pidgin,foreign,Nigeria,cultural_info,Chutes d'Ekom Nkam,Littoral,positive,2.3,False,False
QRY-000081,2026-06-22 08:16,SESS-000035,VIS-00036,text,English,domestic,North,pricing,Limbe Wildlife Centre,South West,neutral,2.0,True,False
QRY-004744,2026-06-22 08:18,SESS-001875,VIS-01876,text,French,domestic,Littoral,directions,Krystal Palace Douala,Littoral,neutral,3.5,True,False
QRY-002383,2026-06-22 08:35,SESS-000954,VIS-00955,voice_note,French,foreign,Canada,booking_interest,Grand Batanga & Luma Museum,South,positive,2.4,True,False
QRY-000222,2026-06-22 08:53,SESS-000103,VIS-00104,text,French,foreign,Chad,emergency_sos,Rue des Artisans,West,neutral,1.6,False,True
QRY-000127,2026-06-22 08:59,SESS-000057,VIS-00058,text,French,foreign,Belgium,transport_fare,Bimbia Slave Trade Port,South West,neutral,2.9,True,False
QRY-000926,2026-06-22 09:10,SESS-000368,VIS-00369,voice_note,Pidgin,domestic,South,pricing,Chez Carimo / Lobe Shacks,South,neutral,5.3,True,False
QRY-001616,2026-06-22 09:11,SESS-000641,VIS-00642,text,English,foreign,South Africa,directions,Rue des Artisans,West,neutral,4.5,True,False
QRY-000956,2026-06-22 09:21,SESS-000378,VIS-00379,voice_note,English,domestic,Far North,general_chat,,Far North,neutral,1.3,True,False
QRY-000034,2026-06-22 09:26,SESS-000012,VIS-00013,text,French,foreign,Canada,directions,Rue des Artisans,West,neutral,4.3,True,False
QRY-004394,2026-06-22 09:37,SESS-001729,VIS-01730,text,English,domestic,West,directions,Mont Febe & Golf Club,Centre,positive,2.8,True,False
QRY-003508,2026-06-22 10:09,SESS-001400,VIS-01401,text,French,domestic,West,transport_fare,Hotel Zingana,West,positive,2.7,True,False
QRY-000443,2026-06-22 10:12,SESS-000190,VIS-00191,text,Pidgin,domestic,North,pricing,Limbe Botanic Garden,South West,neutral,3.8,True,False
QRY-006030,2026-06-22 10:13,SESS-002408,VIS-02409,text,French,domestic,South West,general_chat,,South West,neutral,2.6,True,False
QRY-002546,2026-06-22 10:16,SESS-001016,VIS-01017,voice_note,French,domestic,Centre,directions,Down Beach & Batoke Beach,South West,neutral,4.1,True,False
QRY-003868,2026-06-22 10:20,SESS-001541,VIS-01542,text,French,domestic,Littoral,directions,Limbe Botanic Garden,South West,neutral,2.9,True,False
QRY-004746,2026-06-22 10:58,SESS-001875,VIS-01876,text,English,foreign,China,cultural_info,Hotel Ilomba,South,neutral,4.6,True,False
QRY-001485,2026-06-22 12:21,SESS-000596,VIS-00597,text,French,domestic,South West,directions,Plage de Kribi (Tara Plage),South,positive,1.5,True,False
QRY-004945,2026-06-22 13:06,SESS-001953,VIS-01954,voice_note,English,foreign,Equatorial Guinea,directions,Musee National de Yaounde,Centre,neutral,3.9,True,False
QRY-005606,2026-06-22 13:32,SESS-002234,VIS-02235,text,English,foreign,Chad,cultural_info,Monument de la Reunification,Centre,neutral,2.1,True,False
QRY-002755,2026-06-22 13:44,SESS-001087,VIS-01088,text,English,domestic,North West,booking_interest,Musee Maritime de Douala,Littoral,neutral,4.7,True,False
QRY-002200,2026-06-22 13:47,SESS-000874,VIS-00875,text,English,foreign,USA,transport_fare,Pullman Douala Rabingha,Littoral,neutral,2.2,True,False
QRY-003896,2026-06-22 14:00,SESS-001549,VIS-01550,text,French,foreign,China,cultural_info,Star Land Hotel Bastos,Centre,neutral,4.1,True,False
QRY-003492,2026-06-22 14:32,SESS-001392,VIS-01393,text,French,domestic,South,booking_interest,Mont Febe & Golf Club,Centre,positive,3.3,True,False
QRY-001440,2026-06-22 14:59,SESS-000575,VIS-00576,voice_note,Pidgin,domestic,Adamawa,booking_interest,Rue des Artisans,West,neutral,3.1,False,False
QRY-004051,2026-06-22 15:27,SESS-001603,VIS-01604,text,English,foreign,USA,pricing,Hotel Ilomba,South,neutral,2.8,True,False
QRY-000500,2026-06-22 15:41,SESS-000211,VIS-00212,voice_note,English,foreign,Nigeria,pricing,Plage de Kribi (Tara Plage),South,positive,3.8,True,False
QRY-005773,2026-06-22 16:11,SESS-002308,VIS-02309,text,English,domestic,North,cultural_info,Rue des Artisans,West,positive,6.6,True,False
QRY-004443,2026-06-22 16:17,SESS-001749,VIS-01750,voice_note,English,foreign,Nigeria,pricing,Rue des Artisans,West,neutral,3.1,True,False
QRY-005903,2026-06-22 16:20,SESS-002365,VIS-02366,text,French,foreign,Nigeria,pricing,Musee National de Yaounde,Centre,negative,4.4,True,False
QRY-003967,2026-06-22 16:27,SESS-001568,VIS-01569,text,English,foreign,Belgium,cultural_info,L'Ovalie & La Fourchette,Littoral,positive,3.3,True,False
QRY-001137,2026-06-22 16:33,SESS-000451,VIS-00452,text,English,domestic,Adamawa,pricing,FINI Hotel Bobende,South West,neutral,1.5,True,False
QRY-005657,2026-06-22 16:59,SESS-002258,VIS-02259,text,French,domestic,Adamawa,opening_hours,Musee National de Yaounde,Centre,positive,4.8,True,False
QRY-002264,2026-06-22 17:02,SESS-000905,VIS-00906,text,English,domestic,North,pricing,Artisanal Village & Flower Market,Littoral,negative,3.0,True,False
QRY-000706,2026-06-22 17:15,SESS-000285,VIS-00286,text,English,domestic,Littoral,directions,West Region Gastronomy Spots,West,positive,4.5,True,False
QRY-004202,2026-06-22 17:32,SESS-001663,VIS-01664,voice_note,English,domestic,East,cultural_info,Down Beach Roasted Fish Sheds,South West,neutral,3.7,True,False
QRY-005170,2026-06-22 17:46,SESS-002050,VIS-02051,voice_note,Pidgin,foreign,Equatorial Guinea,directions,West Region Gastronomy Spots,West,positive,3.0,True,False
QRY-001130,2026-06-22 18:02,SESS-000446,VIS-00447,text,French,domestic,West,cultural_info,Pullman Douala Rabingha,Littoral,neutral,2.1,True,False
QRY-003793,2026-06-22 18:05,SESS-001513,VIS-01514,text,French,foreign,Gabon,cultural_info,Palais Royal de Foumban & Museum,West,neutral,2.1,True,False
QRY-002709,2026-06-22 18:43,SESS-001071,VIS-01072,voice_note,Pidgin,domestic,Centre,transport_fare,Chez Carimo / Lobe Shacks,South,positive,3.2,True,False
QRY-000286,2026-06-22 18:50,SESS-000128,VIS-00129,text,Pidgin,foreign,Chad,general_chat,,South West,neutral,2.7,True,False
QRY-005445,2026-06-22 19:17,SESS-002167,VIS-02168,text,English,domestic,Adamawa,general_chat,,North,neutral,2.4,True,False
QRY-000536,2026-06-22 19:35,SESS-000225,VIS-00226,text,Pidgin,domestic,Centre,opening_hours,Marche Sandaga & Deido Soya,Littoral,neutral,2.7,True,False
QRY-002870,2026-06-22 19:36,SESS-001133,VIS-01134,text,French,domestic,Far North,cultural_info,Chez Wou & La Salsa,Centre,neutral,4.4,True,False
QRY-001520,2026-06-22 20:12,SESS-000608,VIS-00609,text,English,domestic,North,transport_fare,FINI Hotel Bobende,South West,neutral,3.0,True,False
QRY-000731,2026-06-22 20:24,SESS-000291,VIS-00292,text,English,domestic,North,general_chat,,Far North,neutral,4.9,True,False
QRY-000334,2026-06-22 21:10,SESS-000150,VIS-00151,text,French,domestic,Littoral,pricing,Campo Ma'an National Park,South,neutral,3.0,True,False
QRY-004677,2026-06-22 21:13,SESS-001849,VIS-01850,text,French,domestic,Centre,directions,Bimbia Slave Trade Port,South West,positive,2.6,True,False
QRY-002476,2026-06-22 21:20,SESS-000991,VIS-00992,voice_note,English,domestic,South,opening_hours,Mvog-Betsi Zoo & Botanical Garden,Centre,positive,2.9,True,False
QRY-003664,2026-06-22 21:35,SESS-001454,VIS-01455,text,English,domestic,Far North,pricing,Limbe Botanic Garden,South West,positive,3.8,True,False
QRY-003720,2026-06-22 21:35,SESS-001478,VIS-01479,text,French,foreign,Gabon,opening_hours,Artisanal Village & Flower Market,Littoral,positive,3.3,True,False
QRY-001543,2026-06-22 21:36,SESS-000615,VIS-00616,voice_note,French,domestic,East,transport_fare,Rue des Artisans,West,neutral,4.9,True,False
QRY-002681,2026-06-22 21:49,SESS-001057,VIS-01058,voice_note,Pidgin,foreign,Chad,pricing,Chez Carimo / Lobe Shacks,South,neutral,2.1,True,False
QRY-003590,2026-06-22 21:53,SESS-001426,VIS-01427,text,English,domestic,South West,directions,Mvog-Betsi Zoo & Botanical Garden,Centre,positive,3.8,True,False
QRY-003937,2026-06-22 21:56,SESS-001562,VIS-01563,text,English,domestic,North West,opening_hours,Chutes d'Ekom Nkam,Littoral,positive,3.4,True,False
QRY-003607,2026-06-22 22:14,SESS-001435,VIS-01436,text,Pidgin,foreign,UK,directions,Musee National de Yaounde,Centre,positive,2.5,True,False
QRY-003288,2026-06-22 22:20,SESS-001316,VIS-01317,text,French,foreign,Gabon,transport_fare,Plage de Kribi (Tara Plage),South,positive,2.6,True,False
QRY-001640,2026-06-22 22:25,SESS-000655,VIS-00656,text,French,domestic,Centre,pricing,Chez Wou & La Salsa,Centre,neutral,2.7,True,False
QRY-000204,2026-06-22 22:29,SESS-000095,VIS-00096,text,French,foreign,South Africa,opening_hours,Mvog-Betsi Zoo & Botanical Garden,Centre,positive,2.9,True,False
QRY-001787,2026-06-22 22:35,SESS-000712,VIS-00713,voice_note,French,domestic,Adamawa,booking_interest,Mont Febe & Golf Club,Centre,neutral,3.2,True,False
QRY-006190,2026-06-23 06:15,SESS-002470,VIS-02471,voice_note,Pidgin,domestic,South,pricing,Musee Maritime de Douala,Littoral,positive,3.7,True,False
QRY-002011,2026-06-23 06:41,SESS-000800,VIS-00801,text,English,domestic,Littoral,directions,FINI Hotel Bobende,South West,neutral,4.0,True,False
QRY-001020,2026-06-23 06:44,SESS-000402,VIS-00403,text,French,domestic,North,transport_fare,Les Gites de Kribi,South,neutral,2.0,True,False
QRY-006000,2026-06-23 06:57,SESS-002402,VIS-02403,text,French,domestic,West,pricing,Chefferie de Bandjoun,West,neutral,3.7,True,False
QRY-002762,2026-06-23 07:07,SESS-001090,VIS-01091,text,Pidgin,domestic,North West,directions,Bimbia Slave Trade Port,South West,positive,3.1,True,False
QRY-004737,2026-06-23 07:26,SESS-001874,VIS-01875,voice_note,French,domestic,North West,cultural_info,Grand Batanga & Luma Museum,South,neutral,4.0,True,False
QRY-004655,2026-06-23 07:34,SESS-001840,VIS-01841,voice_note,French,foreign,China,directions,Hotel Zingana,West,positive,2.3,True,False
QRY-000870,2026-06-23 08:01,SESS-000342,VIS-00343,text,French,domestic,South,directions,Rue des Artisans,West,neutral,3.4,True,False
QRY-001306,2026-06-23 08:44,SESS-000512,VIS-00513,text,French,foreign,Nigeria,pricing,Grand Batanga & Luma Museum,South,neutral,2.1,True,False
QRY-001705,2026-06-23 08:45,SESS-000680,VIS-00681,text,French,domestic,Far North,directions,Hotel Ilomba,South,neutral,3.3,True,False
QRY-000377,2026-06-23 09:02,SESS-000165,VIS-00166,text,English,domestic,East,booking_interest,Palais des Rois Bell (Pagode),Littoral,neutral,4.8,True,False
QRY-005754,2026-06-23 09:08,SESS-002299,VIS-02300,text,Pidgin,domestic,North West,cultural_info,Chefferie de Bandjoun,West,neutral,1.7,True,False
QRY-003415,2026-06-23 09:22,SESS-001363,VIS-01364,text,French,domestic,North,booking_interest,Marche Sandaga & Deido Soya,Littoral,neutral,2.2,True,False
QRY-003753,2026-06-23 09:28,SESS-001496,VIS-01497,voice_note,French,domestic,East,transport_fare,Chez Wou & La Salsa,Centre,neutral,3.2,True,False
QRY-004224,2026-06-23 09:41,SESS-001668,VIS-01669,text,French,domestic,Littoral,cultural_info,Palais des Rois Bell (Pagode),Littoral,positive,1.5,True,False
QRY-000159,2026-06-23 09:57,SESS-000073,VIS-00074,text,English,domestic,East,transport_fare,Mvog-Betsi Zoo & Botanical Garden,Centre,positive,1.6,True,False
QRY-004033,2026-06-23 10:26,SESS-001594,VIS-01595,text,Pidgin,domestic,South West,opening_hours,Chez Carimo / Lobe Shacks,South,neutral,3.4,True,False
QRY-001200,2026-06-23 10:38,SESS-000474,VIS-00475,text,Pidgin,domestic,South West,opening_hours,Les Gites de Kribi,South,positive,4.5,True,False
QRY-004185,2026-06-23 10:39,SESS-001653,VIS-01654,text,French,foreign,France,general_chat,,North West,neutral,3.8,True,False
QRY-002961,2026-06-23 11:05,SESS-001168,VIS-01169,text,French,foreign,Equatorial Guinea,cultural_info,Artisanal Village & Flower Market,Littoral,neutral,2.8,True,False
QRY-000420,2026-06-23 11:17,SESS-000179,VIS-00180,text,Pidgin,domestic,North,opening_hours,Musee National de Yaounde,Centre,positive,4.1,True,False
QRY-002919,2026-06-23 11:21,SESS-001152,VIS-01153,voice_note,English,foreign,France,booking_interest,Pullman Douala Rabingha,Littoral,positive,3.0,True,False
QRY-005569,2026-06-23 11:24,SESS-002222,VIS-02223,text,French,domestic,Centre,transport_fare,Hotel Zingana,West,neutral,1.3,True,False
QRY-002564,2026-06-23 11:34,SESS-001024,VIS-01025,text,Pidgin,domestic,Centre,opening_hours,Rue des Artisans,West,positive,2.1,False,False
QRY-003342,2026-06-23 11:57,SESS-001340,VIS-01341,text,English,domestic,South,general_chat,,Littoral,positive,3.7,True,False
QRY-001667,2026-06-23 12:07,SESS-000666,VIS-00667,text,French,foreign,Germany,directions,Rue des Artisans,West,positive,2.6,True,False
QRY-004320,2026-06-23 12:22,SESS-001700,VIS-01701,text,French,foreign,Nigeria,opening_hours,Pullman Douala Rabingha,Littoral,negative,2.5,True,False
QRY-004177,2026-06-23 13:06,SESS-001650,VIS-01651,voice_note,French,foreign,Nigeria,opening_hours,Down Beach Roasted Fish Sheds,South West,positive,2.9,True,False
QRY-004176,2026-06-23 13:20,SESS-001649,VIS-01650,voice_note,English,domestic,Littoral,directions,FINI Hotel Bobende,South West,positive,4.3,True,False
QRY-005058,2026-06-23 13:38,SESS-002000,VIS-02001,text,English,domestic,Far North,pricing,Bimbia Slave Trade Port,South West,neutral,1.8,True,False
QRY-001005,2026-06-23 14:14,SESS-000396,VIS-00397,text,French,domestic,South West,pricing,FINI Hotel Bobende,South West,neutral,2.6,True,False
QRY-000036,2026-06-23 14:34,SESS-000014,VIS-00015,text,English,domestic,East,cultural_info,Chutes de la Lobe,South,neutral,2.5,True,False
QRY-002038,2026-06-23 14:55,SESS-000809,VIS-00810,text,French,foreign,Chad,cultural_info,Chez Carimo / Lobe Shacks,South,neutral,4.2,True,False
QRY-003998,2026-06-23 15:30,SESS-001584,VIS-01585,text,French,domestic,Centre,opening_hours,Bimbia Slave Trade Port,South West,positive,3.3,True,False
QRY-002081,2026-06-23 15:45,SESS-000829,VIS-00830,text,French,foreign,France,pricing,Musee Maritime de Douala,Littoral,neutral,5.1,True,False
QRY-000876,2026-06-23 16:03,SESS-000344,VIS-00345,text,French,domestic,West,booking_interest,Mont Febe & Golf Club,Centre,neutral,4.1,True,False
QRY-000527,2026-06-23 16:09,SESS-000221,VIS-00222,text,French,foreign,Equatorial Guinea,pricing,Rue des Artisans,West,neutral,1.8,True,False
QRY-005197,2026-06-23 16:33,SESS-002060,VIS-02061,text,English,domestic,South,opening_hours,Chutes de la Lobe,South,neutral,4.4,True,False
QRY-003177,2026-06-23 16:43,SESS-001268,VIS-01269,text,English,foreign,South Africa,pricing,Bimbia Slave Trade Port,South West,positive,2.0,True,False
QRY-000852,2026-06-23 16:51,SESS-000335,VIS-00336,text,English,domestic,South,cultural_info,Musee Maritime de Douala,Littoral,positive,3.0,True,False
QRY-000854,2026-06-23 16:56,SESS-000336,VIS-00337,text,French,foreign,UK,booking_interest,FINI Hotel Bobende,South West,neutral,4.6,True,False
QRY-003156,2026-06-23 17:12,SESS-001260,VIS-01261,text,English,foreign,USA,general_chat,,West,positive,3.0,True,False
QRY-002857,2026-06-23 17:13,SESS-001124,VIS-01125,voice_note,French,domestic,Littoral,pricing,Hilton Yaounde,Centre,positive,3.6,True,False
QRY-001000,2026-06-23 17:18,SESS-000394,VIS-00395,voice_note,English,foreign,Germany,pricing,Artisanal Village & Flower Market,Littoral,neutral,2.1,True,False
QRY-004650,2026-06-23 17:23,SESS-001837,VIS-01838,text,French,foreign,Nigeria,directions,Palais Royal de Foumban & Museum,West,negative,3.7,False,False
QRY-001544,2026-06-23 17:42,SESS-000616,VIS-00617,text,French,foreign,China,directions,Down Beach & Batoke Beach,South West,neutral,2.2,True,False
QRY-001762,2026-06-23 17:57,SESS-000704,VIS-00705,text,French,foreign,Germany,pricing,Krystal Palace Douala,Littoral,positive,2.2,True,False
QRY-002406,2026-06-23 17:58,SESS-000961,VIS-00962,text,French,foreign,China,directions,Limbe Wildlife Centre,South West,neutral,2.6,True,False
QRY-001740,2026-06-23 18:06,SESS-000696,VIS-00697,voice_note,English,domestic,Littoral,general_chat,,Adamawa,positive,4.0,True,False
QRY-005909,2026-06-23 18:10,SESS-002367,VIS-02368,text,English,domestic,Far North,pricing,Down Beach & Batoke Beach,South West,neutral,1.8,True,False
QRY-005612,2026-06-23 18:11,SESS-002237,VIS-02238,voice_note,French,domestic,West,booking_interest,Palais Royal de Foumban & Museum,West,neutral,2.7,True,False
QRY-006126,2026-06-23 18:49,SESS-002441,VIS-02442,voice_note,French,domestic,East,transport_fare,Mont Febe & Golf Club,Centre,positive,2.7,True,False
QRY-003162,2026-06-23 19:20,SESS-001264,VIS-01265,text,Pidgin,foreign,UK,pricing,Rue des Artisans,West,positive,3.9,True,False
QRY-005783,2026-06-23 19:50,SESS-002314,VIS-02315,text,French,foreign,Gabon,emergency_sos,Chutes de la Lobe,South,negative,1.5,True,True
QRY-003797,2026-06-23 19:54,SESS-001515,VIS-01516,voice_note,French,foreign,China,directions,West Region Gastronomy Spots,West,neutral,3.0,True,False
QRY-005521,2026-06-23 20:05,SESS-002198,VIS-02199,text,English,foreign,Equatorial Guinea,pricing,Chutes de la Lobe,South,positive,2.4,True,False
QRY-000509,2026-06-23 20:33,SESS-000214,VIS-00215,voice_note,Pidgin,foreign,Gabon,cultural_info,Pullman Douala Rabingha,Littoral,positive,2.5,True,False
QRY-000652,2026-06-23 21:15,SESS-000267,VIS-00268,text,French,foreign,France,cultural_info,L'Ovalie & La Fourchette,Littoral,positive,3.2,True,False
QRY-001725,2026-06-23 21:23,SESS-000688,VIS-00689,text,French,domestic,East,opening_hours,Mvog-Betsi Zoo & Botanical Garden,Centre,positive,3.7,True,False
QRY-003274,2026-06-23 21:56,SESS-001308,VIS-01309,text,French,domestic,South West,pricing,Mount Cameroon (Upper Farms),South West,positive,3.2,True,False
QRY-003951,2026-06-23 22:05,SESS-001565,VIS-01566,voice_note,English,foreign,Chad,pricing,FINI Hotel Bobende,South West,neutral,2.1,True,False
QRY-005489,2026-06-23 22:11,SESS-002183,VIS-02184,text,French,foreign,Canada,booking_interest,Chez Wou & La Salsa,Centre,positive,2.6,True,False
QRY-005239,2026-06-23 22:13,SESS-002078,VIS-02079,voice_note,English,domestic,North,pricing,Domaine du Petpenoun,West,positive,3.3,True,False
QRY-003001,2026-06-23 22:23,SESS-001183,VIS-01184,voice_note,French,domestic,Adamawa,directions,Grand Batanga & Luma Museum,South,neutral,2.4,True,False
QRY-005247,2026-06-23 22:26,SESS-002082,VIS-02083,text,French,foreign,Belgium,general_chat,,South,neutral,4.6,True,False
QRY-005424,2026-06-23 22:36,SESS-002157,VIS-02158,text,French,domestic,Far North,opening_hours,Mont Febe & Golf Club,Centre,positive,1.7,True,False
QRY-000021,2026-06-24 06:05,SESS-000009,VIS-00010,text,English,domestic,Littoral,cultural_info,Bimbia Slave Trade Port,South West,positive,2.5,True,False
QRY-004881,2026-06-24 06:12,SESS-001931,VIS-01932,voice_note,English,foreign,South Africa,cultural_info,Marche Sandaga & Deido Soya,Littoral,positive,3.7,True,False
QRY-000621,2026-06-24 06:15,SESS-000256,VIS-00257,text,English,foreign,Chad,booking_interest,L'Ovalie & La Fourchette,Littoral,positive,3.2,True,False
QRY-000253,2026-06-24 06:33,SESS-000116,VIS-00117,text,French,domestic,Littoral,pricing,Plage de Kribi (Tara Plage),South,positive,4.8,True,False
QRY-003560,2026-06-24 06:59,SESS-001414,VIS-01415,text,French,domestic,Littoral,pricing,Pullman Douala Rabingha,Littoral,neutral,2.1,True,False
QRY-005995,2026-06-24 07:07,SESS-002400,VIS-02401,voice_note,Pidgin,domestic,South West,pricing,Rue des Artisans,West,neutral,3.9,True,False
QRY-000661,2026-06-24 07:12,SESS-000271,VIS-00272,text,Pidgin,domestic,South,pricing,Grand Batanga & Luma Museum,South,positive,3.4,True,False
QRY-002519,2026-06-24 07:13,SESS-001002,VIS-01003,text,French,foreign,UK,opening_hours,L'Ovalie & La Fourchette,Littoral,positive,4.0,True,False
QRY-003228,2026-06-24 07:17,SESS-001291,VIS-01292,text,English,domestic,North West,cultural_info,Krystal Palace Douala,Littoral,positive,4.0,True,False
QRY-000666,2026-06-24 07:35,SESS-000272,VIS-00273,text,English,domestic,North West,pricing,Monument de la Reunification,Centre,neutral,2.8,True,False
QRY-003477,2026-06-24 07:53,SESS-001386,VIS-01387,text,French,domestic,North West,transport_fare,Grand Batanga & Luma Museum,South,neutral,2.7,True,False
QRY-001427,2026-06-24 08:12,SESS-000572,VIS-00573,text,Pidgin,domestic,South West,opening_hours,Chutes de la Lobe,South,neutral,3.1,True,False
QRY-000952,2026-06-24 08:18,SESS-000376,VIS-00377,voice_note,French,domestic,Centre,pricing,Pullman Douala Rabingha,Littoral,positive,2.2,True,False
QRY-002124,2026-06-24 08:29,SESS-000845,VIS-00846,text,French,foreign,USA,booking_interest,Down Beach & Batoke Beach,South West,positive,1.6,True,False
QRY-005947,2026-06-24 08:44,SESS-002384,VIS-02385,text,French,foreign,Equatorial Guinea,transport_fare,Palais des Rois Bell (Pagode),Littoral,positive,2.1,True,False
QRY-003847,2026-06-24 08:49,SESS-001534,VIS-01535,text,French,foreign,France,transport_fare,Monument de la Reunification,Centre,negative,3.5,True,False
QRY-002451,2026-06-24 08:50,SESS-000982,VIS-00983,text,English,domestic,North,booking_interest,L'Ovalie & La Fourchette,Littoral,positive,4.5,True,False
QRY-003173,2026-06-24 08:52,SESS-001266,VIS-01267,text,French,domestic,West,general_chat,,West,positive,3.1,True,False
QRY-005129,2026-06-24 09:17,SESS-002027,VIS-02028,text,English,domestic,North,general_chat,,South West,neutral,1.4,True,False
QRY-004893,2026-06-24 09:33,SESS-001936,VIS-01937,text,French,foreign,South Africa,opening_hours,Rue des Artisans,West,positive,3.3,True,False
QRY-000070,2026-06-24 09:35,SESS-000030,VIS-00031,text,French,foreign,UK,pricing,West Region Gastronomy Spots,West,neutral,2.1,True,False
QRY-002889,2026-06-24 10:45,SESS-001140,VIS-01141,text,French,domestic,Far North,booking_interest,Bimbia Slave Trade Port,South West,positive,2.5,True,False
QRY-002548,2026-06-24 10:53,SESS-001017,VIS-01018,voice_note,French,domestic,North West,transport_fare,Musee Maritime de Douala,Littoral,neutral,1.6,True,False
QRY-005305,2026-06-24 11:19,SESS-002107,VIS-02108,text,French,domestic,Adamawa,cultural_info,Limbe Botanic Garden,South West,positive,3.3,True,False
QRY-001042,2026-06-24 12:04,SESS-000411,VIS-00412,voice_note,English,foreign,China,transport_fare,Les Gites de Kribi,South,neutral,3.1,True,False
QRY-002566,2026-06-24 12:38,SESS-001024,VIS-01025,text,English,foreign,Gabon,general_chat,,West,positive,3.9,True,False
QRY-002644,2026-06-24 12:56,SESS-001047,VIS-01048,text,English,domestic,Littoral,booking_interest,Limbe Botanic Garden,South West,positive,5.5,True,False
QRY-002059,2026-06-24 13:12,SESS-000821,VIS-00822,text,Pidgin,foreign,UK,pricing,Chez Wou & La Salsa,Centre,neutral,2.7,True,False
QRY-005588,2026-06-24 13:59,SESS-002228,VIS-02229,text,English,foreign,Chad,general_chat,,Littoral,positive,2.5,True,False
QRY-006132,2026-06-24 14:30,SESS-002445,VIS-02446,text,French,domestic,Far North,opening_hours,Bimbia Slave Trade Port,South West,neutral,3.8,True,False
QRY-000336,2026-06-24 14:31,SESS-000150,VIS-00151,text,Pidgin,foreign,France,directions,Pullman Douala Rabingha,Littoral,positive,3.5,False,False
QRY-005756,2026-06-24 15:39,SESS-002300,VIS-02301,voice_note,English,domestic,South West,cultural_info,Mefou Primate Sanctuary,Centre,positive,4.7,True,False
QRY-004253,2026-06-24 16:22,SESS-001679,VIS-01680,text,French,domestic,South,transport_fare,Chez Wou & La Salsa,Centre,positive,3.7,True,False
QRY-004495,2026-06-24 17:00,SESS-001769,VIS-01770,text,English,domestic,Centre,directions,Campo Ma'an National Park,South,positive,3.2,True,False
QRY-006127,2026-06-24 17:30,SESS-002442,VIS-02443,voice_note,French,domestic,Far North,general_chat,,Centre,neutral,2.2,True,False
QRY-001831,2026-06-24 17:41,SESS-000728,VIS-00729,text,English,domestic,Littoral,cultural_info,Star Land Hotel Bastos,Centre,neutral,3.7,True,False
QRY-003974,2026-06-24 17:57,SESS-001572,VIS-01573,voice_note,French,domestic,North West,cultural_info,Chez Wou & La Salsa,Centre,neutral,3.0,True,False
QRY-003520,2026-06-24 18:01,SESS-001403,VIS-01404,text,French,foreign,Gabon,directions,Mount Cameroon (Upper Farms),South West,neutral,2.5,False,False
QRY-006157,2026-06-24 18:11,SESS-002457,VIS-02458,text,French,domestic,North West,cultural_info,Chutes d'Ekom Nkam,Littoral,positive,3.4,True,False
QRY-006011,2026-06-24 18:12,SESS-002404,VIS-02405,text,English,domestic,East,transport_fare,Monument de la Reunification,Centre,neutral,3.1,True,False
QRY-005484,2026-06-24 18:41,SESS-002182,VIS-02183,text,French,domestic,North,transport_fare,Musee National de Yaounde,Centre,positive,4.1,True,False
QRY-005590,2026-06-24 18:53,SESS-002228,VIS-02229,text,French,domestic,Centre,general_chat,,South,neutral,2.5,True,False
QRY-002743,2026-06-24 19:12,SESS-001083,VIS-01084,text,English,domestic,West,opening_hours,Grand Batanga & Luma Museum,South,neutral,3.5,True,False
QRY-001791,2026-06-24 19:16,SESS-000713,VIS-00714,voice_note,English,foreign,Canada,cultural_info,Star Land Hotel Bastos,Centre,neutral,3.8,True,False
QRY-000580,2026-06-24 19:17,SESS-000245,VIS-00246,text,English,foreign,Chad,directions,Chutes de la Lobe,South,positive,3.1,True,False
QRY-004711,2026-06-24 19:25,SESS-001865,VIS-01866,text,English,foreign,France,directions,L'Ovalie & La Fourchette,Littoral,neutral,1.0,True,False
QRY-002868,2026-06-24 19:37,SESS-001131,VIS-01132,voice_note,French,domestic,North,cultural_info,Bimbia Slave Trade Port,South West,neutral,4.1,True,False
QRY-005393,2026-06-24 19:37,SESS-002140,VIS-02141,text,French,domestic,North West,cultural_info,Down Beach Roasted Fish Sheds,South West,positive,2.4,True,False
QRY-002983,2026-06-24 20:11,SESS-001175,VIS-01176,text,French,foreign,France,pricing,Marche Sandaga & Deido Soya,Littoral,positive,4.1,True,False
QRY-000886,2026-06-24 20:27,SESS-000350,VIS-00351,text,French,foreign,France,booking_interest,Plage de Kribi (Tara Plage),South,neutral,4.5,True,False
QRY-002707,2026-06-24 20:38,SESS-001069,VIS-01070,text,Pidgin,foreign,USA,opening_hours,Artisanal Village & Flower Market,Littoral,positive,3.6,True,False
QRY-003806,2026-06-24 20:40,SESS-001519,VIS-01520,text,Pidgin,foreign,China,opening_hours,Hilton Yaounde,Centre,neutral,2.4,True,False
QRY-001604,2026-06-24 20:46,SESS-000636,VIS-00637,text,French,domestic,Adamawa,directions,Star Land Hotel Bastos,Centre,neutral,0.9,True,False
QRY-003513,2026-06-24 21:13,SESS-001400,VIS-01401,text,English,domestic,North West,opening_hours,Limbe Wildlife Centre,South West,positive,3.6,True,False
QRY-000758,2026-06-24 21:56,SESS-000300,VIS-00301,voice_note,Pidgin,domestic,Centre,cultural_info,Musee National de Yaounde,Centre,neutral,2.7,True,False
QRY-000161,2026-06-24 22:00,SESS-000074,VIS-00075,text,French,foreign,Equatorial Guinea,general_chat,,North,negative,3.8,True,False
QRY-002620,2026-06-24 22:05,SESS-001037,VIS-01038,voice_note,French,foreign,South Africa,pricing,Pullman Douala Rabingha,Littoral,neutral,3.6,True,False
QRY-002037,2026-06-24 22:05,SESS-000809,VIS-00810,text,French,foreign,Gabon,opening_hours,Down Beach & Batoke Beach,South West,negative,2.8,True,False
QRY-004060,2026-06-24 22:07,SESS-001605,VIS-01606,text,English,domestic,South,pricing,Limbe Wildlife Centre,South West,neutral,2.6,True,False
QRY-004260,2026-06-24 22:22,SESS-001681,VIS-01682,text,English,foreign,Germany,pricing,Mvog-Betsi Zoo & Botanical Garden,Centre,neutral,1.7,True,False
QRY-003317,2026-06-24 22:34,SESS-001327,VIS-01328,text,French,domestic,South West,pricing,Les Gites de Kribi,South,neutral,2.9,True,False
QRY-004085,2026-06-24 22:40,SESS-001616,VIS-01617,text,French,foreign,Gabon,booking_interest,Palais Royal de Foumban & Museum,West,positive,3.5,True,False
QRY-000238,2026-06-24 22:53,SESS-000109,VIS-00110,text,French,domestic,West,directions,Mefou Primate Sanctuary,Centre,positive,3.5,True,False
QRY-002832,2026-06-25 06:05,SESS-001113,VIS-01114,text,English,domestic,West,cultural_info,Hilton Yaounde,Centre,neutral,2.9,True,False
QRY-004022,2026-06-25 06:31,SESS-001591,VIS-01592,text,French,foreign,Nigeria,opening_hours,Grand Batanga & Luma Museum,South,neutral,3.5,True,False
QRY-001318,2026-06-25 06:33,SESS-000520,VIS-00521,text,French,domestic,North West,pricing,Krystal Palace Douala,Littoral,neutral,2.4,True,False
QRY-004214,2026-06-25 06:38,SESS-001667,VIS-01668,voice_note,French,foreign,Belgium,opening_hours,Marche Sandaga & Deido Soya,Littoral,neutral,2.7,True,False
QRY-004083,2026-06-25 07:18,SESS-001615,VIS-01616,text,French,domestic,South,directions,Les Gites de Kribi,South,neutral,3.8,True,False
QRY-001685,2026-06-25 08:05,SESS-000674,VIS-00675,text,English,domestic,South,directions,Hilton Yaounde,Centre,neutral,1.8,True,False
QRY-004535,2026-06-25 08:17,SESS-001790,VIS-01791,text,French,domestic,South,booking_interest,Musee Maritime de Douala,Littoral,positive,2.7,True,False
QRY-004451,2026-06-25 08:27,SESS-001752,VIS-01753,text,English,foreign,Chad,cultural_info,Star Land Hotel Bastos,Centre,positive,3.6,True,False
QRY-002792,2026-06-25 08:32,SESS-001100,VIS-01101,text,French,domestic,North West,transport_fare,Star Land Hotel Bastos,Centre,neutral,3.4,False,False
QRY-006087,2026-06-25 08:41,SESS-002428,VIS-02429,text,English,domestic,East,cultural_info,Monument de la Reunification,Centre,positive,4.3,False,False
QRY-006006,2026-06-25 08:46,SESS-002403,VIS-02404,text,Pidgin,foreign,Equatorial Guinea,transport_fare,Chez Carimo / Lobe Shacks,South,neutral,3.4,True,False
QRY-001695,2026-06-25 09:13,SESS-000677,VIS-00678,voice_note,English,foreign,Equatorial Guinea,opening_hours,Mont Febe & Golf Club,Centre,positive,3.4,True,False
QRY-003094,2026-06-25 09:22,SESS-001232,VIS-01233,text,French,foreign,China,cultural_info,Les Gites de Kribi,South,positive,3.3,True,False
QRY-001382,2026-06-25 09:53,SESS-000549,VIS-00550,text,French,foreign,Belgium,pricing,Star Land Hotel Bastos,Centre,positive,3.0,True,False
QRY-002426,2026-06-25 10:09,SESS-000968,VIS-00969,text,French,domestic,Littoral,cultural_info,Pullman Douala Rabingha,Littoral,positive,2.9,True,False
QRY-005379,2026-06-25 10:16,SESS-002136,VIS-02137,text,French,domestic,South West,booking_interest,Artisanal Village & Flower Market,Littoral,positive,5.0,True,False
QRY-004322,2026-06-25 10:28,SESS-001701,VIS-01702,voice_note,French,foreign,Canada,transport_fare,Mont Febe & Golf Club,Centre,neutral,3.4,False,False
QRY-002227,2026-06-25 10:45,SESS-000888,VIS-00889,text,Pidgin,foreign,Canada,opening_hours,West Region Gastronomy Spots,West,positive,4.1,True,False
QRY-002560,2026-06-25 11:08,SESS-001022,VIS-01023,text,French,domestic,East,cultural_info,Palais des Rois Bell (Pagode),Littoral,neutral,2.4,True,False
QRY-003833,2026-06-25 11:29,SESS-001532,VIS-01533,voice_note,Pidgin,domestic,West,cultural_info,Douala-Edea Wildlife Reserve,Littoral,positive,2.0,True,False
QRY-004778,2026-06-25 11:37,SESS-001888,VIS-01889,voice_note,French,domestic,East,cultural_info,Star Land Hotel Bastos,Centre,neutral,5.1,True,False
QRY-001599,2026-06-25 11:58,SESS-000634,VIS-00635,voice_note,French,foreign,South Africa,pricing,Marche Sandaga & Deido Soya,Littoral,neutral,3.0,True,False
QRY-005209,2026-06-25 12:42,SESS-002066,VIS-02067,voice_note,French,domestic,Far North,cultural_info,Limbe Botanic Garden,South West,positive,3.1,True,False
QRY-002308,2026-06-25 12:44,SESS-000920,VIS-00921,text,English,domestic,Centre,transport_fare,Chutes de la Lobe,South,neutral,3.7,True,False
QRY-000442,2026-06-25 12:54,SESS-000189,VIS-00190,text,French,domestic,Centre,pricing,Palais des Rois Bell (Pagode),Littoral,neutral,2.6,True,False
QRY-004985,2026-06-25 14:25,SESS-001967,VIS-01968,text,English,foreign,Belgium,cultural_info,Hilton Yaounde,Centre,positive,2.7,True,False
QRY-003064,2026-06-25 14:41,SESS-001215,VIS-01216,text,English,foreign,Equatorial Guinea,directions,Rue des Artisans,West,positive,3.9,True,False
QRY-005696,2026-06-25 14:50,SESS-002271,VIS-02272,text,English,domestic,South,opening_hours,Plage de Kribi (Tara Plage),South,neutral,3.1,True,False
QRY-003176,2026-06-25 15:18,SESS-001268,VIS-01269,voice_note,Pidgin,domestic,South,directions,FINI Hotel Bobende,South West,neutral,4.4,True,False
QRY-004798,2026-06-25 15:25,SESS-001895,VIS-01896,voice_note,French,foreign,UK,cultural_info,Hotel Zingana,West,positive,1.0,True,False
QRY-003131,2026-06-25 15:46,SESS-001249,VIS-01250,text,English,foreign,South Africa,opening_hours,Chez Wou & La Salsa,Centre,positive,3.8,True,False
QRY-003206,2026-06-25 15:50,SESS-001283,VIS-01284,voice_note,Pidgin,domestic,East,general_chat,,Centre,positive,5.0,True,False
QRY-004889,2026-06-25 16:05,SESS-001935,VIS-01936,text,French,foreign,USA,cultural_info,Limbe Wildlife Centre,South West,positive,2.4,True,False
QRY-000351,2026-06-25 16:21,SESS-000154,VIS-00155,text,English,domestic,Littoral,opening_hours,Hilton Yaounde,Centre,positive,2.8,True,False
QRY-001997,2026-06-25 16:40,SESS-000793,VIS-00794,text,French,domestic,Centre,directions,Plage de Kribi (Tara Plage),South,positive,3.0,True,False
QRY-002242,2026-06-25 16:54,SESS-000897,VIS-00898,voice_note,English,domestic,Adamawa,directions,Krystal Palace Douala,Littoral,neutral,2.5,True,False
QRY-002493,2026-06-25 17:03,SESS-000996,VIS-00997,voice_note,English,domestic,North West,pricing,Palais Royal de Foumban & Museum,West,neutral,1.9,True,False
QRY-002362,2026-06-25 17:11,SESS-000945,VIS-00946,text,English,domestic,South,general_chat,,Far North,neutral,2.9,True,False
QRY-000126,2026-06-25 17:13,SESS-000057,VIS-00058,voice_note,French,domestic,Littoral,transport_fare,Marche Sandaga & Deido Soya,Littoral,positive,1.6,True,False
QRY-005240,2026-06-25 17:17,SESS-002079,VIS-02080,text,French,domestic,Far North,directions,Monument de la Reunification,Centre,positive,2.1,True,False
QRY-004187,2026-06-25 17:43,SESS-001654,VIS-01655,text,Pidgin,domestic,Far North,booking_interest,Monument de la Reunification,Centre,neutral,2.3,True,False
QRY-004344,2026-06-25 17:48,SESS-001710,VIS-01711,text,Pidgin,domestic,Centre,general_chat,,East,positive,2.9,True,False
QRY-005573,2026-06-25 18:21,SESS-002222,VIS-02223,text,English,domestic,West,cultural_info,Rue des Artisans,West,neutral,2.3,True,False
QRY-004180,2026-06-25 18:47,SESS-001651,VIS-01652,text,French,foreign,Gabon,cultural_info,Chefferie de Bandjoun,West,negative,2.6,True,False
QRY-004904,2026-06-25 19:05,SESS-001940,VIS-01941,text,French,domestic,Centre,booking_interest,Chez Carimo / Lobe Shacks,South,neutral,3.1,True,False
QRY-002642,2026-06-25 19:10,SESS-001047,VIS-01048,text,Pidgin,foreign,Germany,pricing,Mount Cameroon (Upper Farms),South West,neutral,4.3,True,False
QRY-004839,2026-06-25 19:32,SESS-001911,VIS-01912,text,English,foreign,USA,opening_hours,Limbe Wildlife Centre,South West,positive,2.2,True,False
QRY-003172,2026-06-25 20:15,SESS-001266,VIS-01267,voice_note,English,domestic,Far North,pricing,Mont Febe & Golf Club,Centre,neutral,3.1,True,False
QRY-006193,2026-06-25 20:30,SESS-002472,VIS-02473,text,English,foreign,Germany,general_chat,,North West,negative,2.8,True,False
QRY-000004,2026-06-25 20:32,SESS-000003,VIS-00004,voice_note,French,domestic,Littoral,pricing,Marche Sandaga & Deido Soya,Littoral,neutral,3.5,True,False
QRY-002311,2026-06-25 20:39,SESS-000922,VIS-00923,voice_note,English,domestic,Far North,transport_fare,Down Beach & Batoke Beach,South West,positive,1.9,True,False
QRY-003567,2026-06-25 20:49,SESS-001418,VIS-01419,text,English,domestic,North West,booking_interest,Grand Batanga & Luma Museum,South,positive,2.5,True,False
QRY-001556,2026-06-25 20:55,SESS-000621,VIS-00622,text,English,domestic,East,cultural_info,Grand Batanga & Luma Museum,South,neutral,5.0,True,False
QRY-006074,2026-06-25 22:03,SESS-002421,VIS-02422,text,French,foreign,Belgium,pricing,Douala-Edea Wildlife Reserve,Littoral,positive,3.6,True,False
QRY-001445,2026-06-25 22:09,SESS-000577,VIS-00578,text,English,domestic,Adamawa,opening_hours,Hotel Ilomba,South,positive,3.5,True,False
QRY-001347,2026-06-25 22:39,SESS-000532,VIS-00533,text,French,domestic,Littoral,general_chat,,North West,neutral,2.7,True,False
QRY-004294,2026-06-25 22:53,SESS-001688,VIS-01689,text,English,domestic,Adamawa,cultural_info,Plage de Kribi (Tara Plage),South,positive,4.9,True,False
QRY-002814,2026-06-26 06:12,SESS-001107,VIS-01108,text,English,domestic,South,transport_fare,Mefou Primate Sanctuary,Centre,neutral,2.1,True,False
QRY-001402,2026-06-26 06:12,SESS-000558,VIS-00559,text,English,domestic,South West,booking_interest,Les Gites de Kribi,South,positive,1.6,True,False
QRY-005294,2026-06-26 06:22,SESS-002104,VIS-02105,voice_note,English,domestic,North,opening_hours,Palais Royal de Foumban & Museum,West,positive,2.5,True,False
QRY-002402,2026-06-26 06:34,SESS-000960,VIS-00961,text,English,foreign,Nigeria,booking_interest,Les Gites de Kribi,South,positive,3.1,True,False
QRY-000385,2026-06-26 06:39,SESS-000169,VIS-00170,voice_note,French,domestic,Littoral,pricing,Marche Sandaga & Deido Soya,Littoral,neutral,3.6,True,False
QRY-000827,2026-06-26 07:14,SESS-000325,VIS-00326,voice_note,French,domestic,East,transport_fare,Mont Febe & Golf Club,Centre,neutral,3.1,True,False
QRY-002001,2026-06-26 07:28,SESS-000795,VIS-00796,text,English,domestic,North,general_chat,,West,positive,3.5,True,False
QRY-004700,2026-06-26 07:32,SESS-001861,VIS-01862,text,French,foreign,France,cultural_info,Palais Royal de Foumban & Museum,West,neutral,2.7,False,False
QRY-004002,2026-06-26 07:41,SESS-001585,VIS-01586,text,Pidgin,domestic,Far North,transport_fare,Les Gites de Kribi,South,positive,2.1,True,False
QRY-003698,2026-06-26 07:46,SESS-001469,VIS-01470,voice_note,English,domestic,South,booking_interest,FINI Hotel Bobende,South West,positive,3.9,True,False
QRY-000828,2026-06-26 08:38,SESS-000326,VIS-00327,text,French,domestic,Far North,pricing,Down Beach & Batoke Beach,South West,neutral,3.6,True,False
QRY-005062,2026-06-26 08:38,SESS-002002,VIS-02003,text,French,domestic,Centre,opening_hours,Limbe Wildlife Centre,South West,neutral,2.0,True,False
QRY-005878,2026-06-26 08:49,SESS-002358,VIS-02359,text,English,domestic,Littoral,opening_hours,Chutes d'Ekom Nkam,Littoral,neutral,2.9,True,False
QRY-004017,2026-06-26 08:57,SESS-001588,VIS-01589,text,French,domestic,North West,booking_interest,Mont Febe & Golf Club,Centre,neutral,2.5,True,False
QRY-004277,2026-06-26 09:09,SESS-001685,VIS-01686,text,English,domestic,Adamawa,transport_fare,Chez Wou & La Salsa,Centre,neutral,2.4,True,False
QRY-005581,2026-06-26 09:21,SESS-002225,VIS-02226,text,French,domestic,Adamawa,directions,Musee National de Yaounde,Centre,neutral,4.1,True,False
QRY-004179,2026-06-26 09:47,SESS-001651,VIS-01652,text,French,domestic,North,cultural_info,Palais des Rois Bell (Pagode),Littoral,positive,3.5,True,False
QRY-001541,2026-06-26 09:57,SESS-000614,VIS-00615,text,English,foreign,South Africa,pricing,Pullman Douala Rabingha,Littoral,negative,2.8,True,False
QRY-003235,2026-06-26 10:03,SESS-001296,VIS-01297,text,French,foreign,Germany,transport_fare,Down Beach Roasted Fish Sheds,South West,neutral,1.6,True,False
QRY-000066,2026-06-26 10:22,SESS-000028,VIS-00029,text,English,foreign,USA,opening_hours,Chutes de la Lobe,South,neutral,2.4,True,False
QRY-003500,2026-06-26 10:26,SESS-001397,VIS-01398,text,English,domestic,Far North,transport_fare,Douala-Edea Wildlife Reserve,Littoral,neutral,2.6,True,False
QRY-000090,2026-06-26 11:02,SESS-000039,VIS-00040,voice_note,English,domestic,North,opening_hours,Down Beach & Batoke Beach,South West,negative,4.3,True,False
QRY-003943,2026-06-26 11:20,SESS-001564,VIS-01565,text,French,domestic,Littoral,transport_fare,Down Beach & Batoke Beach,South West,neutral,2.0,True,False
QRY-001737,2026-06-26 11:43,SESS-000694,VIS-00695,voice_note,French,domestic,South West,opening_hours,Palais des Rois Bell (Pagode),Littoral,neutral,2.4,True,False
QRY-003006,2026-06-26 11:43,SESS-001184,VIS-01185,voice_note,English,foreign,Chad,opening_hours,Marche Sandaga & Deido Soya,Littoral,positive,3.6,True,False
QRY-002861,2026-06-26 11:49,SESS-001128,VIS-01129,text,Pidgin,domestic,West,cultural_info,Musee National de Yaounde,Centre,neutral,2.5,True,False
QRY-004526,2026-06-26 12:11,SESS-001786,VIS-01787,text,Pidgin,domestic,Centre,cultural_info,Down Beach & Batoke Beach,South West,neutral,3.9,True,False
QRY-005287,2026-06-26 12:15,SESS-002100,VIS-02101,text,French,foreign,Germany,directions,Limbe Wildlife Centre,South West,neutral,2.5,True,False
QRY-001483,2026-06-26 12:39,SESS-000596,VIS-00597,voice_note,French,foreign,USA,pricing,Rue des Artisans,West,negative,1.9,True,False
QRY-001250,2026-06-26 12:47,SESS-000498,VIS-00499,text,English,domestic,Far North,opening_hours,Artisanal Village & Flower Market,Littoral,positive,2.5,True,False
QRY-005915,2026-06-26 12:49,SESS-002372,VIS-02373,text,Pidgin,domestic,Littoral,directions,Domaine du Petpenoun,West,neutral,3.1,True,False
QRY-002314,2026-06-26 12:55,SESS-000924,VIS-00925,voice_note,English,foreign,Belgium,booking_interest,FINI Hotel Bobende,South West,neutral,3.7,True,False
QRY-005819,2026-06-26 13:00,SESS-002332,VIS-02333,voice_note,French,foreign,South Africa,cultural_info,Mvog-Betsi Zoo & Botanical Garden,Centre,neutral,2.6,True,False
QRY-005377,2026-06-26 13:35,SESS-002136,VIS-02137,voice_note,French,foreign,Equatorial Guinea,directions,Domaine du Petpenoun,West,negative,5.5,True,False
QRY-001594,2026-06-26 13:40,SESS-000632,VIS-00633,text,French,domestic,Centre,pricing,Rue des Artisans,West,positive,2.9,True,False
QRY-004075,2026-06-26 13:41,SESS-001613,VIS-01614,text,French,domestic,Littoral,pricing,Mvog-Betsi Zoo & Botanical Garden,Centre,positive,2.8,True,False
QRY-004272,2026-06-26 13:50,SESS-001685,VIS-01686,text,French,domestic,East,directions,FINI Hotel Bobende,South West,negative,4.4,True,False
QRY-003771,2026-06-26 13:55,SESS-001503,VIS-01504,text,Pidgin,domestic,North West,transport_fare,Musee National de Yaounde,Centre,neutral,4.8,True,False
QRY-004841,2026-06-26 14:12,SESS-001912,VIS-01913,voice_note,English,foreign,USA,booking_interest,Krystal Palace Douala,Littoral,positive,2.0,True,False
QRY-002761,2026-06-26 14:38,SESS-001090,VIS-01091,text,French,domestic,West,cultural_info,Krystal Palace Douala,Littoral,positive,2.8,True,False
QRY-002293,2026-06-26 14:52,SESS-000913,VIS-00914,text,French,domestic,North,opening_hours,Seme Beach Hotel,South West,neutral,1.1,True,False
QRY-001392,2026-06-26 15:28,SESS-000553,VIS-00554,text,English,foreign,Equatorial Guinea,general_chat,,South,positive,4.4,True,False
QRY-004626,2026-06-26 15:40,SESS-001827,VIS-01828,text,French,foreign,Gabon,directions,Limbe Wildlife Centre,South West,positive,3.3,True,False
QRY-005276,2026-06-26 15:47,SESS-002095,VIS-02096,text,French,foreign,Belgium,opening_hours,Hotel Zingana,West,neutral,2.5,True,False
QRY-005164,2026-06-26 16:23,SESS-002047,VIS-02048,text,French,domestic,Adamawa,cultural_info,Chutes de la Lobe,South,positive,3.4,True,False
QRY-004789,2026-06-26 16:29,SESS-001891,VIS-01892,text,English,foreign,Germany,transport_fare,Down Beach Roasted Fish Sheds,South West,neutral,2.6,True,False
QRY-004486,2026-06-26 16:30,SESS-001764,VIS-01765,text,Pidgin,foreign,China,opening_hours,Chutes de la Lobe,South,neutral,5.0,True,False
QRY-004336,2026-06-26 16:53,SESS-001707,VIS-01708,voice_note,English,foreign,South Africa,opening_hours,Palais des Rois Bell (Pagode),Littoral,positive,3.9,True,False
QRY-002624,2026-06-26 17:04,SESS-001039,VIS-01040,text,French,domestic,North West,pricing,Bimbia Slave Trade Port,South West,positive,3.7,True,False
QRY-005618,2026-06-26 18:01,SESS-002238,VIS-02239,text,French,domestic,South,general_chat,,South,positive,2.3,True,False
QRY-004423,2026-06-26 18:02,SESS-001740,VIS-01741,text,French,foreign,Germany,transport_fare,Marche Sandaga & Deido Soya,Littoral,negative,4.5,True,False
QRY-005767,2026-06-26 18:17,SESS-002305,VIS-02306,text,English,foreign,South Africa,opening_hours,Pullman Douala Rabingha,Littoral,positive,3.2,True,False
QRY-002930,2026-06-26 18:22,SESS-001156,VIS-01157,voice_note,French,foreign,France,opening_hours,Mont Febe & Golf Club,Centre,neutral,3.2,True,False
QRY-005196,2026-06-26 18:23,SESS-002060,VIS-02061,text,French,domestic,Littoral,transport_fare,Chutes de la Lobe,South,positive,3.5,True,False
QRY-000375,2026-06-26 18:30,SESS-000164,VIS-00165,text,French,foreign,USA,opening_hours,Krystal Palace Douala,Littoral,neutral,4.8,True,False
QRY-005676,2026-06-26 19:03,SESS-002263,VIS-02264,voice_note,French,foreign,USA,opening_hours,Down Beach Roasted Fish Sheds,South West,neutral,5.0,True,False
QRY-002046,2026-06-26 19:31,SESS-000814,VIS-00815,text,French,domestic,Centre,pricing,Domaine du Petpenoun,West,positive,2.9,True,False
QRY-004627,2026-06-26 19:35,SESS-001828,VIS-01829,text,English,foreign,UK,directions,Krystal Palace Douala,Littoral,positive,3.7,True,False
QRY-001881,2026-06-26 19:50,SESS-000749,VIS-00750,text,French,foreign,Belgium,directions,Down Beach & Batoke Beach,South West,neutral,5.8,True,False
QRY-005838,2026-06-26 19:50,SESS-002339,VIS-02340,text,English,domestic,North West,pricing,Hotel Ilomba,South,neutral,3.4,True,False
QRY-006144,2026-06-26 20:00,SESS-002452,VIS-02453,text,English,domestic,East,directions,Rue des Artisans,West,positive,4.7,True,False
QRY-003357,2026-06-26 20:06,SESS-001344,VIS-01345,voice_note,French,foreign,UK,booking_interest,Palais des Rois Bell (Pagode),Littoral,positive,3.5,True,False
QRY-003512,2026-06-26 20:22,SESS-001400,VIS-01401,voice_note,French,domestic,South,transport_fare,Artisanal Village & Flower Market,Littoral,negative,4.5,True,False
QRY-003089,2026-06-26 20:33,SESS-001228,VIS-01229,text,English,domestic,Littoral,cultural_info,Mefou Primate Sanctuary,Centre,positive,3.2,True,False
QRY-005396,2026-06-26 20:35,SESS-002141,VIS-02142,text,French,domestic,Littoral,transport_fare,Down Beach & Batoke Beach,South West,neutral,3.8,True,False
QRY-004774,2026-06-26 20:42,SESS-001886,VIS-01887,text,French,domestic,West,transport_fare,Down Beach & Batoke Beach,South West,neutral,3.8,True,False
QRY-004724,2026-06-26 20:56,SESS-001867,VIS-01868,voice_note,French,domestic,South West,cultural_info,Les Gites de Kribi,South,positive,2.5,True,False
QRY-001755,2026-06-26 21:14,SESS-000700,VIS-00701,text,English,domestic,East,booking_interest,Grand Batanga & Luma Museum,South,positive,4.0,True,False
QRY-001782,2026-06-26 22:11,SESS-000711,VIS-00712,text,English,domestic,West,transport_fare,Les Gites de Kribi,South,positive,1.4,True,False
QRY-001987,2026-06-26 22:44,SESS-000789,VIS-00790,text,English,domestic,Littoral,general_chat,,Adamawa,positive,4.4,True,False
QRY-001965,2026-06-26 22:52,SESS-000785,VIS-00786,text,French,domestic,South West,transport_fare,Chez Carimo / Lobe Shacks,South,neutral,4.0,True,False
QRY-000725,2026-06-27 06:01,SESS-000289,VIS-00290,text,Pidgin,domestic,South,opening_hours,Palais Royal de Foumban & Museum,West,positive,2.5,True,False
QRY-000254,2026-06-27 06:10,SESS-000116,VIS-00117,voice_note,English,foreign,Belgium,opening_hours,Grand Batanga & Luma Museum,South,neutral,4.2,True,False
QRY-000032,2026-06-27 06:40,SESS-000012,VIS-00013,text,English,domestic,North West,cultural_info,Monument de la Reunification,Centre,neutral,4.8,True,False
QRY-004648,2026-06-27 06:56,SESS-001837,VIS-01838,text,French,domestic,Far North,opening_hours,Plage de Kribi (Tara Plage),South,neutral,4.6,True,False
QRY-000349,2026-06-27 07:04,SESS-000153,VIS-00154,text,French,domestic,West,pricing,Pullman Douala Rabingha,Littoral,negative,3.7,True,False
QRY-002516,2026-06-27 07:07,SESS-001002,VIS-01003,text,French,domestic,North West,directions,Musee Maritime de Douala,Littoral,neutral,1.8,True,False
QRY-002418,2026-06-27 07:07,SESS-000964,VIS-00965,voice_note,French,foreign,Equatorial Guinea,cultural_info,Palais Royal de Foumban & Museum,West,neutral,2.5,True,False
QRY-003785,2026-06-27 07:45,SESS-001509,VIS-01510,text,French,domestic,Centre,pricing,Mount Cameroon (Upper Farms),South West,neutral,3.1,True,False
QRY-005258,2026-06-27 07:55,SESS-002088,VIS-02089,text,English,foreign,Germany,opening_hours,Les Gites de Kribi,South,neutral,3.5,True,False
QRY-003015,2026-06-27 08:06,SESS-001187,VIS-01188,text,Pidgin,domestic,Far North,general_chat,,East,positive,4.3,True,False
QRY-003163,2026-06-27 08:48,SESS-001264,VIS-01265,text,Pidgin,foreign,UK,directions,Rue des Artisans,West,positive,3.3,True,False
QRY-000519,2026-06-27 09:08,SESS-000219,VIS-00220,text,French,foreign,Belgium,transport_fare,Limbe Wildlife Centre,South West,positive,2.3,True,False
QRY-001026,2026-06-27 09:37,SESS-000406,VIS-00407,text,French,domestic,Adamawa,directions,Chez Carimo / Lobe Shacks,South,neutral,3.4,True,False
QRY-005631,2026-06-27 09:39,SESS-002244,VIS-02245,text,French,domestic,North West,opening_hours,Hotel Zingana,West,positive,4.2,True,False
QRY-000617,2026-06-27 09:42,SESS-000255,VIS-00256,text,English,domestic,North West,opening_hours,Palais des Rois Bell (Pagode),Littoral,positive,2.8,True,False
QRY-004898,2026-06-27 09:43,SESS-001938,VIS-01939,text,English,domestic,East,transport_fare,Star Land Hotel Bastos,Centre,neutral,3.0,True,False
QRY-002871,2026-06-27 10:08,SESS-001134,VIS-01135,voice_note,French,foreign,Germany,emergency_sos,Palais Royal de Foumban & Museum,West,negative,0.9,True,True
QRY-005407,2026-06-27 10:31,SESS-002145,VIS-02146,text,English,domestic,West,pricing,Plage de Kribi (Tara Plage),South,positive,2.8,True,False
QRY-004284,2026-06-27 10:37,SESS-001685,VIS-01686,text,English,foreign,UK,cultural_info,Limbe Botanic Garden,South West,neutral,3.0,True,False
QRY-001901,2026-06-27 10:58,SESS-000757,VIS-00758,voice_note,Pidgin,domestic,Centre,cultural_info,Chutes d'Ekom Nkam,Littoral,positive,1.9,True,False
QRY-003475,2026-06-27 11:07,SESS-001385,VIS-01386,text,French,foreign,France,general_chat,,Adamawa,neutral,3.8,True,False
QRY-004594,2026-06-27 11:37,SESS-001815,VIS-01816,voice_note,English,foreign,Chad,pricing,Krystal Palace Douala,Littoral,positive,4.7,True,False
QRY-004414,2026-06-27 11:59,SESS-001739,VIS-01740,text,Pidgin,domestic,North,general_chat,,Centre,neutral,4.3,True,False
QRY-000919,2026-06-27 12:01,SESS-000363,VIS-00364,text,French,domestic,North West,directions,Pullman Douala Rabingha,Littoral,negative,3.7,True,False
QRY-001806,2026-06-27 12:08,SESS-000720,VIS-00721,text,French,foreign,Canada,cultural_info,Star Land Hotel Bastos,Centre,neutral,1.5,True,False
QRY-006130,2026-06-27 12:48,SESS-002444,VIS-02445,text,English,foreign,UK,general_chat,,South West,neutral,3.6,True,False
QRY-004962,2026-06-27 12:49,SESS-001959,VIS-01960,voice_note,French,domestic,Far North,cultural_info,Mvog-Betsi Zoo & Botanical Garden,Centre,neutral,0.8,True,False
QRY-001838,2026-06-27 12:57,SESS-000733,VIS-00734,text,English,domestic,North West,transport_fare,Artisanal Village & Flower Market,Littoral,neutral,3.5,True,False
QRY-004018,2026-06-27 13:07,SESS-001588,VIS-01589,text,French,foreign,South Africa,opening_hours,Marche Sandaga & Deido Soya,Littoral,neutral,2.5,True,False
QRY-003544,2026-06-27 13:14,SESS-001410,VIS-01411,text,English,domestic,Adamawa,directions,Bimbia Slave Trade Port,South West,positive,3.9,True,False
QRY-001932,2026-06-27 14:11,SESS-000772,VIS-00773,voice_note,English,foreign,China,cultural_info,Limbe Botanic Garden,South West,neutral,3.2,True,False
QRY-006040,2026-06-27 14:19,SESS-002410,VIS-02411,text,French,domestic,East,general_chat,,West,neutral,3.6,True,False
QRY-004743,2026-06-27 14:37,SESS-001875,VIS-01876,text,French,domestic,Far North,opening_hours,Mefou Primate Sanctuary,Centre,neutral,3.1,True,False
QRY-005862,2026-06-27 14:40,SESS-002352,VIS-02353,text,French,foreign,Chad,directions,Down Beach Roasted Fish Sheds,South West,neutral,3.2,True,False
QRY-003178,2026-06-27 14:57,SESS-001269,VIS-01270,text,Pidgin,domestic,South,pricing,Musee National de Yaounde,Centre,positive,1.8,True,False
QRY-002623,2026-06-27 15:21,SESS-001038,VIS-01039,text,French,domestic,Adamawa,directions,West Region Gastronomy Spots,West,positive,3.1,True,False
QRY-004242,2026-06-27 16:24,SESS-001677,VIS-01678,text,Pidgin,foreign,UK,pricing,Hilton Yaounde,Centre,neutral,5.5,False,False
QRY-000190,2026-06-27 16:31,SESS-000086,VIS-00087,voice_note,French,domestic,West,general_chat,,Far North,neutral,2.7,True,False
QRY-003205,2026-06-27 16:38,SESS-001282,VIS-01283,text,Pidgin,foreign,South Africa,directions,Marche Sandaga & Deido Soya,Littoral,positive,1.5,True,False
QRY-004493,2026-06-27 16:40,SESS-001768,VIS-01769,text,French,foreign,USA,directions,Palais Royal de Foumban & Museum,West,neutral,3.4,True,False
QRY-002756,2026-06-27 17:21,SESS-001087,VIS-01088,text,French,domestic,Far North,pricing,Musee National de Yaounde,Centre,neutral,3.5,True,False
QRY-001938,2026-06-27 17:26,SESS-000774,VIS-00775,text,Pidgin,domestic,Adamawa,transport_fare,Mount Cameroon (Upper Farms),South West,neutral,3.3,True,False
QRY-005192,2026-06-27 17:31,SESS-002058,VIS-02059,text,English,domestic,South West,general_chat,,Far North,negative,2.8,True,False
QRY-002550,2026-06-27 17:35,SESS-001018,VIS-01019,voice_note,French,domestic,Centre,booking_interest,Marche Sandaga & Deido Soya,Littoral,neutral,3.6,True,False
QRY-005617,2026-06-27 17:43,SESS-002237,VIS-02238,text,Pidgin,domestic,Centre,cultural_info,Grand Batanga & Luma Museum,South,neutral,2.3,True,False
QRY-003832,2026-06-27 17:46,SESS-001531,VIS-01532,text,French,domestic,Littoral,cultural_info,Chez Wou & La Salsa,Centre,neutral,3.9,True,False
QRY-003431,2026-06-27 18:17,SESS-001369,VIS-01370,text,English,domestic,East,general_chat,,West,neutral,2.7,True,False
QRY-006024,2026-06-27 18:52,SESS-002408,VIS-02409,text,French,domestic,North West,opening_hours,Chez Wou & La Salsa,Centre,positive,3.8,True,False
QRY-001722,2026-06-27 19:00,SESS-000688,VIS-00689,text,English,domestic,East,cultural_info,Star Land Hotel Bastos,Centre,negative,4.3,True,False
QRY-003295,2026-06-27 19:03,SESS-001318,VIS-01319,voice_note,English,domestic,North,opening_hours,Palais Royal de Foumban & Museum,West,neutral,3.2,True,False
QRY-001660,2026-06-27 19:17,SESS-000664,VIS-00665,text,French,domestic,South,general_chat,,Littoral,negative,3.4,True,False
QRY-002540,2026-06-27 19:29,SESS-001014,VIS-01015,text,English,foreign,South Africa,cultural_info,West Region Gastronomy Spots,West,neutral,3.9,True,False
QRY-003986,2026-06-27 19:29,SESS-001578,VIS-01579,voice_note,French,foreign,UK,opening_hours,Pullman Douala Rabingha,Littoral,positive,3.3,True,False
QRY-002203,2026-06-27 19:32,SESS-000875,VIS-00876,text,French,foreign,USA,pricing,Rue des Artisans,West,neutral,3.2,True,False
QRY-002232,2026-06-27 19:35,SESS-000892,VIS-00893,voice_note,French,domestic,South West,directions,Domaine du Petpenoun,West,positive,2.9,True,False
QRY-004106,2026-06-27 19:50,SESS-001624,VIS-01625,text,French,domestic,East,cultural_info,Domaine du Petpenoun,West,positive,2.7,True,False
QRY-005328,2026-06-27 19:59,SESS-002117,VIS-02118,voice_note,English,foreign,UK,opening_hours,L'Ovalie & La Fourchette,Littoral,neutral,2.7,True,False
QRY-001649,2026-06-27 20:01,SESS-000657,VIS-00658,voice_note,French,domestic,West,pricing,Mvog-Betsi Zoo & Botanical Garden,Centre,neutral,3.0,True,False
QRY-003841,2026-06-27 20:03,SESS-001534,VIS-01535,text,French,foreign,Nigeria,pricing,Monument de la Reunification,Centre,neutral,3.3,True,False
QRY-001486,2026-06-27 20:15,SESS-000596,VIS-00597,text,French,domestic,South West,pricing,Seme Beach Hotel,South West,neutral,2.1,True,False
QRY-001281,2026-06-27 20:46,SESS-000506,VIS-00507,text,French,foreign,South Africa,directions,Chez Wou & La Salsa,Centre,neutral,1.9,True,False
QRY-004615,2026-06-27 20:48,SESS-001825,VIS-01826,text,French,domestic,Adamawa,cultural_info,Chutes de la Lobe,South,neutral,3.3,True,False
QRY-000879,2026-06-27 20:56,SESS-000345,VIS-00346,text,English,domestic,East,pricing,Artisanal Village & Flower Market,Littoral,positive,3.8,True,False
QRY-001182,2026-06-27 20:58,SESS-000464,VIS-00465,text,Pidgin,domestic,Adamawa,booking_interest,Chez Carimo / Lobe Shacks,South,neutral,2.1,True,False
QRY-005539,2026-06-27 21:00,SESS-002206,VIS-02207,text,English,foreign,Gabon,opening_hours,Artisanal Village & Flower Market,Littoral,neutral,3.0,False,False
QRY-003153,2026-06-27 21:05,SESS-001259,VIS-01260,text,French,domestic,North,pricing,Chez Carimo / Lobe Shacks,South,neutral,2.8,True,False
QRY-005855,2026-06-27 21:07,SESS-002348,VIS-02349,text,English,domestic,North West,opening_hours,Star Land Hotel Bastos,Centre,neutral,2.3,True,False
QRY-006064,2026-06-27 21:27,SESS-002418,VIS-02419,voice_note,French,foreign,Gabon,pricing,Chez Carimo / Lobe Shacks,South,positive,2.2,True,False
QRY-004958,2026-06-27 21:32,SESS-001958,VIS-01959,voice_note,English,domestic,Far North,directions,Chez Carimo / Lobe Shacks,South,positive,3.4,True,False
QRY-001728,2026-06-27 21:55,SESS-000690,VIS-00691,text,French,domestic,South,pricing,Pullman Douala Rabingha,Littoral,negative,1.4,True,False
QRY-002166,2026-06-27 22:20,SESS-000864,VIS-00865,text,English,domestic,Centre,directions,Chez Carimo / Lobe Shacks,South,neutral,2.5,True,False
QRY-002637,2026-06-27 22:23,SESS-001045,VIS-01046,voice_note,English,foreign,France,pricing,Krystal Palace Douala,Littoral,positive,2.1,True,False
QRY-003989,2026-06-27 22:55,SESS-001580,VIS-01581,text,French,domestic,North West,pricing,Hotel Ilomba,South,neutral,3.4,True,False
QRY-000189,2026-06-28 06:07,SESS-000085,VIS-00086,voice_note,French,foreign,Belgium,transport_fare,Mont Febe & Golf Club,Centre,positive,2.7,True,False
QRY-000844,2026-06-28 06:11,SESS-000331,VIS-00332,voice_note,French,domestic,North West,general_chat,,North West,positive,4.6,True,False
QRY-004722,2026-06-28 06:30,SESS-001866,VIS-01867,text,French,domestic,North West,booking_interest,Grand Batanga & Luma Museum,South,neutral,5.4,True,False
QRY-003764,2026-06-28 06:31,SESS-001501,VIS-01502,text,Pidgin,foreign,Nigeria,general_chat,,Adamawa,neutral,4.0,True,False
QRY-002482,2026-06-28 06:46,SESS-000992,VIS-00993,text,French,domestic,South,directions,Down Beach Roasted Fish Sheds,South West,positive,3.8,True,False
QRY-001207,2026-06-28 06:46,SESS-000477,VIS-00478,text,English,domestic,Littoral,directions,Artisanal Village & Flower Market,Littoral,positive,2.9,True,False
QRY-000964,2026-06-28 07:12,SESS-000381,VIS-00382,text,English,domestic,East,transport_fare,Plage de Kribi (Tara Plage),South,neutral,2.9,True,False
QRY-003892,2026-06-28 07:13,SESS-001549,VIS-01550,voice_note,English,domestic,Littoral,directions,Limbe Botanic Garden,South West,neutral,1.9,True,False
QRY-000242,2026-06-28 07:22,SESS-000111,VIS-00112,text,English,domestic,Centre,pricing,Hotel Ilomba,South,neutral,3.9,True,False
QRY-003554,2026-06-28 07:24,SESS-001413,VIS-01414,voice_note,French,domestic,South,directions,Bimbia Slave Trade Port,South West,positive,3.6,True,False
QRY-000775,2026-06-28 07:32,SESS-000309,VIS-00310,voice_note,English,domestic,Littoral,cultural_info,Chutes d'Ekom Nkam,Littoral,positive,2.5,True,False
QRY-004349,2026-06-28 07:42,SESS-001713,VIS-01714,voice_note,Pidgin,foreign,UK,transport_fare,Rue des Artisans,West,negative,3.3,True,False
QRY-000767,2026-06-28 07:52,SESS-000306,VIS-00307,text,French,domestic,West,general_chat,,East,neutral,1.9,True,False
QRY-001989,2026-06-28 07:53,SESS-000789,VIS-00790,text,French,domestic,West,booking_interest,Marche Sandaga & Deido Soya,Littoral,positive,1.6,True,False
QRY-002429,2026-06-28 07:53,SESS-000968,VIS-00969,text,French,domestic,North,directions,Limbe Botanic Garden,South West,neutral,3.6,True,False
QRY-000523,2026-06-28 08:06,SESS-000220,VIS-00221,voice_note,French,foreign,Belgium,transport_fare,Chez Carimo / Lobe Shacks,South,positive,4.6,True,False
QRY-004152,2026-06-28 09:39,SESS-001641,VIS-01642,voice_note,French,domestic,South,cultural_info,Plage de Kribi (Tara Plage),South,positive,2.7,True,False
QRY-004787,2026-06-28 09:46,SESS-001890,VIS-01891,text,English,foreign,Belgium,directions,Rue des Artisans,West,neutral,4.6,True,False
QRY-002235,2026-06-28 10:02,SESS-000893,VIS-00894,text,French,foreign,Nigeria,opening_hours,Pullman Douala Rabingha,Littoral,positive,5.1,True,False
QRY-000990,2026-06-28 10:15,SESS-000391,VIS-00392,text,French,domestic,Far North,booking_interest,FINI Hotel Bobende,South West,neutral,4.8,True,False
QRY-002544,2026-06-28 10:26,SESS-001015,VIS-01016,text,French,domestic,Littoral,transport_fare,West Region Gastronomy Spots,West,neutral,2.8,True,False
QRY-005949,2026-06-28 10:47,SESS-002384,VIS-02385,text,French,domestic,North,opening_hours,FINI Hotel Bobende,South West,neutral,2.0,True,False
QRY-000013,2026-06-28 10:49,SESS-000006,VIS-00007,text,English,domestic,East,cultural_info,Limbe Wildlife Centre,South West,neutral,3.1,True,False
QRY-001956,2026-06-28 11:27,SESS-000782,VIS-00783,voice_note,French,domestic,South,cultural_info,West Region Gastronomy Spots,West,positive,3.0,True,False
QRY-004368,2026-06-28 11:36,SESS-001719,VIS-01720,voice_note,French,domestic,Centre,general_chat,,Adamawa,neutral,2.9,True,False
QRY-004175,2026-06-28 11:49,SESS-001649,VIS-01650,text,English,domestic,Centre,cultural_info,Grand Batanga & Luma Museum,South,neutral,3.9,True,False
QRY-001473,2026-06-28 11:54,SESS-000591,VIS-00592,text,English,domestic,Adamawa,pricing,Plage de Kribi (Tara Plage),South,neutral,3.4,True,False
QRY-003891,2026-06-28 12:04,SESS-001548,VIS-01549,text,Pidgin,domestic,Adamawa,directions,Hotel Ilomba,South,neutral,2.0,True,False
QRY-001628,2026-06-28 12:07,SESS-000646,VIS-00647,text,French,foreign,France,booking_interest,Artisanal Village & Flower Market,Littoral,neutral,2.8,True,False
QRY-002680,2026-06-28 12:28,SESS-001057,VIS-01058,text,French,domestic,South,opening_hours,Pullman Douala Rabingha,Littoral,positive,2.2,True,False
QRY-001708,2026-06-28 12:42,SESS-000682,VIS-00683,text,Pidgin,foreign,Germany,opening_hours,Monument de la Reunification,Centre,positive,4.2,True,False
QRY-003074,2026-06-28 12:58,SESS-001222,VIS-01223,text,French,domestic,Far North,booking_interest,Campo Ma'an National Park,South,neutral,1.6,True,False
QRY-002504,2026-06-28 13:05,SESS-000998,VIS-00999,text,French,domestic,South,general_chat,,Littoral,neutral,3.5,True,False
QRY-002356,2026-06-28 13:27,SESS-000942,VIS-00943,voice_note,English,domestic,East,directions,Down Beach & Batoke Beach,South West,positive,5.7,False,False
QRY-002146,2026-06-28 13:49,SESS-000853,VIS-00854,text,Pidgin,foreign,Nigeria,opening_hours,Musee National de Yaounde,Centre,positive,4.9,True,False
QRY-000853,2026-06-28 13:51,SESS-000335,VIS-00336,voice_note,French,domestic,Littoral,cultural_info,Hotel Ilomba,South,positive,3.8,True,False
QRY-000151,2026-06-28 14:05,SESS-000070,VIS-00071,text,French,domestic,North West,cultural_info,Hotel Ilomba,South,positive,3.7,True,False
QRY-000547,2026-06-28 14:25,SESS-000228,VIS-00229,text,French,foreign,USA,general_chat,,South,positive,2.8,True,False
QRY-005057,2026-06-28 14:28,SESS-001999,VIS-02000,text,French,foreign,Equatorial Guinea,directions,Hotel Zingana,West,positive,1.3,True,False
QRY-001629,2026-06-28 14:32,SESS-000647,VIS-00648,text,French,domestic,Littoral,transport_fare,Chez Wou & La Salsa,Centre,negative,3.3,True,False
QRY-003863,2026-06-28 14:36,SESS-001540,VIS-01541,voice_note,English,foreign,Belgium,directions,Marche Sandaga & Deido Soya,Littoral,neutral,2.7,True,False
QRY-000531,2026-06-28 14:37,SESS-000222,VIS-00223,voice_note,French,foreign,Equatorial Guinea,cultural_info,Palais Royal de Foumban & Museum,West,positive,1.9,True,False
QRY-002142,2026-06-28 14:41,SESS-000850,VIS-00851,text,French,domestic,East,transport_fare,Hilton Yaounde,Centre,neutral,4.0,True,False
QRY-000901,2026-06-28 14:45,SESS-000357,VIS-00358,text,French,foreign,UK,directions,Palais des Rois Bell (Pagode),Littoral,neutral,3.5,True,False
QRY-005807,2026-06-28 15:19,SESS-002325,VIS-02326,text,French,foreign,Equatorial Guinea,cultural_info,Les Gites de Kribi,South,neutral,2.9,True,False
QRY-005632,2026-06-28 15:41,SESS-002245,VIS-02246,text,English,domestic,Adamawa,pricing,Musee National de Yaounde,Centre,positive,4.7,True,False
QRY-003263,2026-06-28 15:58,SESS-001305,VIS-01306,voice_note,English,foreign,Germany,opening_hours,Seme Beach Hotel,South West,negative,1.5,True,False
QRY-004390,2026-06-28 16:04,SESS-001728,VIS-01729,text,English,foreign,Equatorial Guinea,opening_hours,Palais des Rois Bell (Pagode),Littoral,neutral,3.6,True,False
QRY-004182,2026-06-28 16:18,SESS-001652,VIS-01653,text,English,domestic,North,booking_interest,L'Ovalie & La Fourchette,Littoral,neutral,5.1,True,False
QRY-003154,2026-06-28 16:21,SESS-001259,VIS-01260,text,Pidgin,foreign,Nigeria,opening_hours,Hilton Yaounde,Centre,neutral,2.7,True,False
QRY-002986,2026-06-28 16:29,SESS-001177,VIS-01178,voice_note,English,foreign,Canada,directions,Palais des Rois Bell (Pagode),Littoral,positive,4.1,True,False
QRY-006032,2026-06-28 16:32,SESS-002408,VIS-02409,voice_note,Pidgin,domestic,North,cultural_info,Palais Royal de Foumban & Museum,West,neutral,2.7,True,False
QRY-006078,2026-06-28 16:39,SESS-002424,VIS-02425,voice_note,French,domestic,Littoral,cultural_info,Palais Royal de Foumban & Museum,West,positive,4.3,True,False
QRY-005187,2026-06-28 16:48,SESS-002056,VIS-02057,voice_note,French,foreign,Canada,booking_interest,Domaine du Petpenoun,West,positive,4.2,False,False
QRY-002711,2026-06-28 17:05,SESS-001072,VIS-01073,text,English,domestic,South,general_chat,,South West,neutral,0.8,True,False
QRY-005374,2026-06-28 17:11,SESS-002135,VIS-02136,text,English,domestic,North West,opening_hours,Hilton Yaounde,Centre,positive,3.2,True,False
QRY-003656,2026-06-28 17:51,SESS-001451,VIS-01452,text,French,foreign,Nigeria,pricing,Limbe Botanic Garden,South West,neutral,3.5,True,False
QRY-004514,2026-06-28 17:59,SESS-001778,VIS-01779,text,French,foreign,Gabon,general_chat,,West,positive,2.7,True,False
QRY-002363,2026-06-28 18:05,SESS-000945,VIS-00946,voice_note,French,domestic,Far North,directions,Musee National de Yaounde,Centre,positive,3.4,True,False
QRY-004107,2026-06-28 18:12,SESS-001624,VIS-01625,text,English,domestic,South West,directions,Down Beach & Batoke Beach,South West,neutral,5.5,True,False
QRY-001062,2026-06-28 18:16,SESS-000419,VIS-00420,voice_note,English,domestic,North,pricing,Limbe Botanic Garden,South West,neutral,2.5,True,False
QRY-005365,2026-06-28 18:51,SESS-002135,VIS-02136,text,French,foreign,South Africa,booking_interest,Down Beach & Batoke Beach,South West,neutral,2.9,True,False
QRY-004673,2026-06-28 20:05,SESS-001848,VIS-01849,voice_note,French,foreign,Canada,general_chat,,South,positive,2.7,True,False
QRY-005125,2026-06-28 20:14,SESS-002025,VIS-02026,text,French,domestic,South,pricing,Monument de la Reunification,Centre,positive,3.4,True,False
QRY-004056,2026-06-28 20:14,SESS-001603,VIS-01604,voice_note,English,domestic,North,transport_fare,Rue des Artisans,West,negative,3.1,True,False
QRY-003817,2026-06-28 21:02,SESS-001522,VIS-01523,text,French,domestic,Centre,directions,Hotel Ilomba,South,neutral,3.6,True,False
QRY-003924,2026-06-28 21:25,SESS-001559,VIS-01560,text,French,foreign,Canada,general_chat,,Adamawa,positive,3.8,True,False
QRY-005642,2026-06-28 22:17,SESS-002250,VIS-02251,voice_note,French,domestic,South,opening_hours,Mefou Primate Sanctuary,Centre,neutral,1.1,True,False
QRY-003581,2026-06-28 22:40,SESS-001424,VIS-01425,text,French,foreign,China,opening_hours,Limbe Wildlife Centre,South West,neutral,2.2,True,False
QRY-004522,2026-06-29 06:03,SESS-001785,VIS-01786,text,English,domestic,Littoral,pricing,Mefou Primate Sanctuary,Centre,positive,4.5,True,False
QRY-002073,2026-06-29 06:17,SESS-000826,VIS-00827,text,English,foreign,Germany,general_chat,,West,positive,4.4,True,False
QRY-004142,2026-06-29 06:34,SESS-001636,VIS-01637,voice_note,French,domestic,Littoral,booking_interest,Palais Royal de Foumban & Museum,West,neutral,3.1,True,False
QRY-001014,2026-06-29 06:50,SESS-000401,VIS-00402,voice_note,French,domestic,North West,directions,Star Land Hotel Bastos,Centre,negative,1.4,True,False
QRY-002874,2026-06-29 06:57,SESS-001134,VIS-01135,voice_note,French,foreign,Canada,directions,Marche Sandaga & Deido Soya,Littoral,positive,4.9,True,False
QRY-002813,2026-06-29 07:02,SESS-001106,VIS-01107,text,French,domestic,North West,directions,Mefou Primate Sanctuary,Centre,neutral,2.0,True,False
QRY-002368,2026-06-29 07:12,SESS-000946,VIS-00947,text,French,foreign,UK,booking_interest,Palais Royal de Foumban & Museum,West,positive,4.8,True,False
QRY-001131,2026-06-29 07:41,SESS-000446,VIS-00447,text,French,domestic,North,booking_interest,Artisanal Village & Flower Market,Littoral,positive,2.2,True,False
QRY-004090,2026-06-29 07:54,SESS-001618,VIS-01619,text,English,foreign,Nigeria,cultural_info,Musee Maritime de Douala,Littoral,positive,1.5,True,False
QRY-000361,2026-06-29 08:02,SESS-000159,VIS-00160,text,French,foreign,Gabon,directions,Artisanal Village & Flower Market,Littoral,neutral,2.3,True,False
QRY-004876,2026-06-29 08:08,SESS-001928,VIS-01929,text,English,domestic,Adamawa,cultural_info,Musee Maritime de Douala,Littoral,neutral,3.6,True,False
QRY-004466,2026-06-29 08:11,SESS-001756,VIS-01757,text,English,domestic,South,opening_hours,Hotel Ilomba,South,positive,1.2,True,False
QRY-002651,2026-06-29 08:21,SESS-001050,VIS-01051,text,French,domestic,East,directions,Rue des Artisans,West,neutral,2.8,True,False
QRY-000686,2026-06-29 08:49,SESS-000277,VIS-00278,text,French,domestic,North West,opening_hours,Hilton Yaounde,Centre,positive,3.4,True,False
QRY-000041,2026-06-29 08:56,SESS-000016,VIS-00017,text,Pidgin,foreign,Equatorial Guinea,pricing,Mefou Primate Sanctuary,Centre,neutral,3.3,True,False
QRY-003563,2026-06-29 08:58,SESS-001416,VIS-01417,text,French,domestic,South West,cultural_info,Krystal Palace Douala,Littoral,positive,1.2,True,False
QRY-003442,2026-06-29 09:29,SESS-001372,VIS-01373,text,English,domestic,West,general_chat,,Littoral,neutral,1.3,True,False
QRY-001692,2026-06-29 09:34,SESS-000677,VIS-00678,text,French,foreign,Gabon,booking_interest,Domaine du Petpenoun,West,positive,3.3,True,False
QRY-003620,2026-06-29 09:35,SESS-001438,VIS-01439,text,French,foreign,USA,transport_fare,Chez Carimo / Lobe Shacks,South,neutral,4.0,True,False
QRY-001554,2026-06-29 09:55,SESS-000620,VIS-00621,voice_note,English,domestic,Adamawa,transport_fare,Chez Carimo / Lobe Shacks,South,neutral,1.7,True,False
QRY-002030,2026-06-29 10:02,SESS-000806,VIS-00807,text,French,foreign,UK,opening_hours,Mont Febe & Golf Club,Centre,neutral,3.5,True,False
QRY-001330,2026-06-29 10:06,SESS-000528,VIS-00529,text,French,domestic,Far North,general_chat,,Adamawa,positive,2.4,True,False
QRY-002281,2026-06-29 10:24,SESS-000909,VIS-00910,text,English,domestic,North West,opening_hours,L'Ovalie & La Fourchette,Littoral,neutral,4.2,True,False
QRY-004882,2026-06-29 10:57,SESS-001932,VIS-01933,text,English,domestic,East,pricing,Palais des Rois Bell (Pagode),Littoral,neutral,3.5,True,False
QRY-001874,2026-06-29 11:15,SESS-000745,VIS-00746,text,French,foreign,Gabon,directions,Mont Febe & Golf Club,Centre,positive,3.7,True,False
QRY-002412,2026-06-29 11:24,SESS-000963,VIS-00964,text,French,foreign,China,pricing,Les Gites de Kribi,South,positive,2.5,False,False
QRY-004418,2026-06-29 11:37,SESS-001739,VIS-01740,voice_note,Pidgin,domestic,West,cultural_info,Rue des Artisans,West,neutral,2.6,True,False
QRY-002354,2026-06-29 11:46,SESS-000941,VIS-00942,voice_note,Pidgin,domestic,North West,pricing,Monument de la Reunification,Centre,positive,1.8,True,False
QRY-002428,2026-06-29 12:22,SESS-000968,VIS-00969,voice_note,French,domestic,Centre,directions,Pullman Douala Rabingha,Littoral,positive,3.5,True,False
QRY-002562,2026-06-29 12:32,SESS-001022,VIS-01023,voice_note,French,domestic,North,cultural_info,Chutes de la Lobe,South,neutral,3.0,True,False
QRY-002320,2026-06-29 12:53,SESS-000926,VIS-00927,text,French,domestic,Littoral,cultural_info,Hilton Yaounde,Centre,neutral,4.9,True,False
QRY-005580,2026-06-29 13:18,SESS-002224,VIS-02225,text,English,domestic,East,directions,Mvog-Betsi Zoo & Botanical Garden,Centre,neutral,2.8,True,False
QRY-003763,2026-06-29 13:28,SESS-001501,VIS-01502,text,French,domestic,West,pricing,Bimbia Slave Trade Port,South West,positive,4.3,True,False
QRY-003418,2026-06-29 13:37,SESS-001364,VIS-01365,text,French,foreign,Nigeria,cultural_info,Limbe Wildlife Centre,South West,neutral,4.6,True,False
QRY-003931,2026-06-29 13:53,SESS-001562,VIS-01563,voice_note,English,domestic,North,booking_interest,Hotel Ilomba,South,positive,3.0,True,False
QRY-002812,2026-06-29 14:06,SESS-001106,VIS-01107,text,English,domestic,Far North,opening_hours,Artisanal Village & Flower Market,Littoral,neutral,3.1,True,False
QRY-000565,2026-06-29 14:06,SESS-000239,VIS-00240,voice_note,French,domestic,Centre,booking_interest,Artisanal Village & Flower Market,Littoral,neutral,3.3,True,False
QRY-004661,2026-06-29 14:16,SESS-001843,VIS-01844,text,English,domestic,Adamawa,general_chat,,South,positive,2.8,True,False
QRY-001570,2026-06-29 14:29,SESS-000623,VIS-00624,text,Pidgin,foreign,Equatorial Guinea,booking_interest,Bimbia Slave Trade Port,South West,neutral,2.7,True,False
QRY-005309,2026-06-29 14:30,SESS-002108,VIS-02109,text,French,domestic,Centre,cultural_info,Rue des Artisans,West,neutral,3.8,True,False
QRY-001641,2026-06-29 14:55,SESS-000655,VIS-00656,text,French,foreign,Germany,cultural_info,Musee Maritime de Douala,Littoral,positive,1.7,True,False
QRY-003527,2026-06-29 15:44,SESS-001404,VIS-01405,voice_note,English,domestic,East,booking_interest,Grand Batanga & Luma Museum,South,positive,4.5,True,False
QRY-003115,2026-06-29 16:25,SESS-001242,VIS-01243,text,French,foreign,China,transport_fare,Mount Cameroon (Upper Farms),South West,positive,3.4,False,False
QRY-002836,2026-06-29 16:35,SESS-001116,VIS-01117,voice_note,English,domestic,West,pricing,Limbe Botanic Garden,South West,neutral,2.6,True,False
QRY-006039,2026-06-29 16:45,SESS-002410,VIS-02411,text,Pidgin,domestic,Centre,emergency_sos,Down Beach & Batoke Beach,South West,negative,1.3,True,True
QRY-001895,2026-06-29 16:48,SESS-000756,VIS-00757,voice_note,English,domestic,Far North,directions,Hotel Ilomba,South,neutral,2.8,True,False
QRY-003204,2026-06-29 16:57,SESS-001282,VIS-01283,text,English,foreign,Canada,transport_fare,Chutes de la Lobe,South,negative,2.7,True,False
QRY-000808,2026-06-29 16:58,SESS-000319,VIS-00320,text,French,foreign,Nigeria,directions,Grand Batanga & Luma Museum,South,neutral,3.6,True,False
QRY-004145,2026-06-29 17:03,SESS-001636,VIS-01637,text,French,domestic,Centre,cultural_info,Bimbia Slave Trade Port,South West,neutral,2.8,True,False
QRY-000287,2026-06-29 17:06,SESS-000129,VIS-00130,text,French,domestic,North West,booking_interest,Bimbia Slave Trade Port,South West,positive,3.7,True,False
QRY-001303,2026-06-29 17:11,SESS-000511,VIS-00512,text,French,domestic,Littoral,transport_fare,Star Land Hotel Bastos,Centre,positive,2.0,True,False
QRY-000268,2026-06-29 17:16,SESS-000122,VIS-00123,text,Pidgin,foreign,Equatorial Guinea,pricing,Palais Royal de Foumban & Museum,West,positive,2.7,True,False
QRY-000622,2026-06-29 17:19,SESS-000257,VIS-00258,text,French,foreign,Nigeria,directions,Pullman Douala Rabingha,Littoral,neutral,2.5,True,False
QRY-000716,2026-06-29 17:38,SESS-000286,VIS-00287,text,Pidgin,domestic,Adamawa,general_chat,,North West,neutral,5.1,True,False
QRY-002672,2026-06-29 17:51,SESS-001053,VIS-01054,text,Pidgin,domestic,Far North,directions,Pullman Douala Rabingha,Littoral,neutral,4.2,True,False
QRY-002427,2026-06-29 17:53,SESS-000968,VIS-00969,voice_note,French,foreign,South Africa,cultural_info,Seme Beach Hotel,South West,positive,4.3,True,False
QRY-004433,2026-06-29 17:58,SESS-001744,VIS-01745,text,English,domestic,Adamawa,opening_hours,Chutes de la Lobe,South,positive,1.0,True,False
QRY-004967,2026-06-29 18:14,SESS-001960,VIS-01961,text,Pidgin,domestic,West,booking_interest,Palais Royal de Foumban & Museum,West,neutral,2.0,True,False
QRY-003186,2026-06-29 18:19,SESS-001272,VIS-01273,voice_note,Pidgin,foreign,UK,general_chat,,Centre,positive,1.2,True,False
QRY-000624,2026-06-29 18:28,SESS-000257,VIS-00258,voice_note,English,foreign,China,cultural_info,Krystal Palace Douala,Littoral,positive,3.2,True,False
QRY-004024,2026-06-29 18:34,SESS-001593,VIS-01594,voice_note,English,domestic,East,general_chat,,South West,neutral,3.0,True,False
QRY-001195,2026-06-29 18:47,SESS-000472,VIS-00473,text,French,domestic,North,transport_fare,West Region Gastronomy Spots,West,negative,2.0,True,False
QRY-001584,2026-06-29 19:29,SESS-000627,VIS-00628,voice_note,English,domestic,South,transport_fare,Limbe Wildlife Centre,South West,neutral,3.3,True,False
QRY-004855,2026-06-29 19:46,SESS-001916,VIS-01917,text,French,domestic,Littoral,opening_hours,Hilton Yaounde,Centre,positive,3.4,True,False
QRY-001721,2026-06-29 20:26,SESS-000688,VIS-00689,text,French,domestic,East,booking_interest,Chutes d'Ekom Nkam,Littoral,positive,3.3,True,False
QRY-002471,2026-06-29 20:46,SESS-000989,VIS-00990,text,French,domestic,Centre,opening_hours,Chutes de la Lobe,South,positive,3.7,True,False
QRY-001930,2026-06-29 20:54,SESS-000770,VIS-00771,text,English,foreign,Canada,directions,Chutes de la Lobe,South,neutral,3.9,True,False
QRY-002521,2026-06-29 21:22,SESS-001004,VIS-01005,text,English,foreign,USA,transport_fare,Mefou Primate Sanctuary,Centre,neutral,2.4,True,False
QRY-003646,2026-06-29 21:34,SESS-001447,VIS-01448,text,French,domestic,East,pricing,Les Gites de Kribi,South,neutral,1.7,True,False
QRY-004691,2026-06-29 21:42,SESS-001854,VIS-01855,text,French,domestic,West,opening_hours,Limbe Botanic Garden,South West,neutral,3.1,True,False
QRY-001661,2026-06-29 21:49,SESS-000664,VIS-00665,text,French,foreign,UK,directions,Grand Batanga & Luma Museum,South,neutral,4.2,True,False
QRY-005785,2026-06-29 22:08,SESS-002314,VIS-02315,text,English,foreign,France,pricing,Chez Wou & La Salsa,Centre,neutral,4.5,True,False
QRY-003963,2026-06-29 22:21,SESS-001567,VIS-01568,text,English,foreign,Gabon,cultural_info,Limbe Wildlife Centre,South West,negative,3.5,True,False
QRY-000492,2026-06-29 22:31,SESS-000207,VIS-00208,voice_note,English,domestic,North,directions,Chez Wou & La Salsa,Centre,neutral,3.3,True,False
QRY-004713,2026-06-29 22:59,SESS-001865,VIS-01866,text,French,domestic,South West,general_chat,,South,neutral,4.4,False,False
QRY-005723,2026-06-30 06:01,SESS-002283,VIS-02284,text,French,domestic,Littoral,transport_fare,Down Beach Roasted Fish Sheds,South West,positive,3.4,True,False
QRY-002742,2026-06-30 06:23,SESS-001082,VIS-01083,text,English,foreign,France,opening_hours,Mont Febe & Golf Club,Centre,neutral,2.7,False,False
QRY-003960,2026-06-30 06:29,SESS-001567,VIS-01568,voice_note,Pidgin,foreign,Germany,booking_interest,Palais des Rois Bell (Pagode),Littoral,negative,2.2,True,False
QRY-001498,2026-06-30 06:41,SESS-000599,VIS-00600,voice_note,French,domestic,Adamawa,cultural_info,FINI Hotel Bobende,South West,positive,4.4,True,False
QRY-003116,2026-06-30 06:58,SESS-001243,VIS-01244,text,Pidgin,domestic,Littoral,directions,Palais Royal de Foumban & Museum,West,positive,4.3,True,False
QRY-003534,2026-06-30 07:47,SESS-001405,VIS-01406,voice_note,English,foreign,UK,directions,Chez Carimo / Lobe Shacks,South,positive,3.4,True,False
QRY-005385,2026-06-30 07:50,SESS-002137,VIS-02138,voice_note,French,foreign,Canada,opening_hours,Seme Beach Hotel,South West,positive,2.5,True,False
QRY-000669,2026-06-30 08:04,SESS-000272,VIS-00273,text,Pidgin,domestic,Centre,cultural_info,Artisanal Village & Flower Market,Littoral,neutral,5.9,True,False
QRY-003057,2026-06-30 08:08,SESS-001210,VIS-01211,text,French,domestic,South West,cultural_info,Palais Royal de Foumban & Museum,West,positive,2.7,True,False
QRY-001743,2026-06-30 08:14,SESS-000698,VIS-00699,text,French,domestic,Far North,pricing,Plage de Kribi (Tara Plage),South,positive,5.3,True,False
QRY-003491,2026-06-30 08:55,SESS-001391,VIS-01392,voice_note,Pidgin,domestic,Centre,transport_fare,Down Beach Roasted Fish Sheds,South West,positive,2.0,True,False
QRY-003165,2026-06-30 09:30,SESS-001265,VIS-01266,text,French,domestic,East,cultural_info,Bimbia Slave Trade Port,South West,positive,4.8,True,False
QRY-003748,2026-06-30 09:43,SESS-001493,VIS-01494,text,English,domestic,Centre,pricing,Limbe Wildlife Centre,South West,positive,3.2,True,False
QRY-005957,2026-06-30 09:54,SESS-002389,VIS-02390,text,English,foreign,Nigeria,opening_hours,Plage de Kribi (Tara Plage),South,positive,1.8,True,False
QRY-001362,2026-06-30 10:00,SESS-000539,VIS-00540,text,French,foreign,UK,cultural_info,Musee Maritime de Douala,Littoral,neutral,5.0,True,False
QRY-004649,2026-06-30 10:23,SESS-001837,VIS-01838,text,English,foreign,Germany,opening_hours,Rue des Artisans,West,neutral,3.3,True,False
QRY-003549,2026-06-30 10:43,SESS-001411,VIS-01412,text,French,foreign,Belgium,directions,Down Beach Roasted Fish Sheds,South West,positive,2.0,False,False
QRY-004800,2026-06-30 10:55,SESS-001896,VIS-01897,voice_note,French,foreign,Belgium,opening_hours,FINI Hotel Bobende,South West,neutral,4.7,True,False
QRY-000654,2026-06-30 11:08,SESS-000269,VIS-00270,text,English,domestic,South,pricing,Down Beach & Batoke Beach,South West,negative,4.0,True,False
QRY-005246,2026-06-30 11:29,SESS-002081,VIS-02082,text,English,domestic,North West,pricing,Palais Royal de Foumban & Museum,West,positive,2.9,True,False
QRY-005772,2026-06-30 11:50,SESS-002307,VIS-02308,text,French,foreign,Nigeria,opening_hours,Rue des Artisans,West,neutral,2.7,True,False
QRY-002251,2026-06-30 11:55,SESS-000900,VIS-00901,text,French,domestic,Adamawa,opening_hours,Monument de la Reunification,Centre,positive,3.5,True,False
QRY-002716,2026-06-30 12:09,SESS-001075,VIS-01076,text,French,foreign,USA,cultural_info,Krystal Palace Douala,Littoral,neutral,2.2,True,False
QRY-006005,2026-06-30 12:58,SESS-002403,VIS-02404,text,English,foreign,China,pricing,L'Ovalie & La Fourchette,Littoral,negative,3.5,True,False
QRY-000829,2026-06-30 13:04,SESS-000326,VIS-00327,text,English,domestic,North,booking_interest,Hilton Yaounde,Centre,positive,4.1,True,False
QRY-003968,2026-06-30 13:22,SESS-001569,VIS-01570,voice_note,French,foreign,Equatorial Guinea,directions,Down Beach Roasted Fish Sheds,South West,neutral,2.6,True,False
QRY-004164,2026-06-30 13:34,SESS-001646,VIS-01647,voice_note,French,domestic,East,cultural_info,Grand Batanga & Luma Museum,South,neutral,3.4,True,False
QRY-004645,2026-06-30 13:35,SESS-001836,VIS-01837,text,English,domestic,North West,opening_hours,Krystal Palace Douala,Littoral,positive,2.4,True,False
QRY-002198,2026-06-30 14:19,SESS-000873,VIS-00874,voice_note,French,domestic,Littoral,directions,Chez Wou & La Salsa,Centre,positive,3.8,True,False
QRY-004843,2026-06-30 14:32,SESS-001912,VIS-01913,text,English,domestic,Adamawa,cultural_info,Grand Batanga & Luma Museum,South,positive,3.5,True,False
QRY-002202,2026-06-30 15:08,SESS-000875,VIS-00876,text,French,domestic,Centre,transport_fare,Hotel Zingana,West,neutral,3.1,True,False
QRY-000134,2026-06-30 15:31,SESS-000061,VIS-00062,text,French,domestic,West,opening_hours,Limbe Wildlife Centre,South West,positive,3.8,True,False
QRY-003033,2026-06-30 16:10,SESS-001196,VIS-01197,text,French,domestic,Adamawa,pricing,Down Beach & Batoke Beach,South West,positive,4.4,True,False
QRY-000763,2026-06-30 16:11,SESS-000304,VIS-00305,text,French,foreign,Gabon,cultural_info,Chutes d'Ekom Nkam,Littoral,neutral,2.6,True,False
QRY-000610,2026-06-30 16:11,SESS-000254,VIS-00255,voice_note,French,domestic,Far North,pricing,Hotel Zingana,West,positive,3.8,False,False
QRY-004162,2026-06-30 16:25,SESS-001645,VIS-01646,text,French,domestic,South,transport_fare,Palais Royal de Foumban & Museum,West,positive,3.8,True,False
QRY-003546,2026-06-30 16:50,SESS-001411,VIS-01412,voice_note,Pidgin,domestic,Far North,pricing,Artisanal Village & Flower Market,Littoral,positive,1.9,True,False
QRY-003450,2026-06-30 16:53,SESS-001375,VIS-01376,voice_note,English,domestic,East,directions,L'Ovalie & La Fourchette,Littoral,neutral,1.3,True,False
QRY-003125,2026-06-30 17:14,SESS-001246,VIS-01247,text,French,foreign,USA,general_chat,,Centre,positive,2.5,True,False
QRY-000662,2026-06-30 17:52,SESS-000271,VIS-00272,text,French,domestic,Littoral,opening_hours,Krystal Palace Douala,Littoral,neutral,1.1,True,False
QRY-001656,2026-06-30 17:54,SESS-000662,VIS-00663,text,French,foreign,UK,pricing,Down Beach & Batoke Beach,South West,negative,3.7,True,False
QRY-004635,2026-06-30 18:23,SESS-001832,VIS-01833,text,French,domestic,North West,directions,Musee National de Yaounde,Centre,neutral,1.0,True,False
QRY-000634,2026-06-30 18:29,SESS-000261,VIS-00262,text,French,domestic,North West,directions,Rue des Artisans,West,positive,3.7,True,False
QRY-006158,2026-06-30 18:32,SESS-002458,VIS-02459,text,French,domestic,South West,cultural_info,Hotel Ilomba,South,positive,3.7,True,False
QRY-004268,2026-06-30 18:50,SESS-001684,VIS-01685,text,English,foreign,Nigeria,transport_fare,Bimbia Slave Trade Port,South West,neutral,2.8,True,False
QRY-002396,2026-06-30 19:09,SESS-000959,VIS-00960,text,French,foreign,UK,pricing,Down Beach Roasted Fish Sheds,South West,neutral,3.8,True,False
QRY-004317,2026-06-30 19:17,SESS-001699,VIS-01700,text,French,domestic,North,directions,Mvog-Betsi Zoo & Botanical Garden,Centre,neutral,5.2,True,False
QRY-005450,2026-06-30 19:17,SESS-002168,VIS-02169,text,French,foreign,Nigeria,transport_fare,Grand Batanga & Luma Museum,South,positive,4.5,True,False
QRY-004461,2026-06-30 19:44,SESS-001754,VIS-01755,text,Pidgin,foreign,France,pricing,Musee Maritime de Douala,Littoral,neutral,4.1,True,False
QRY-003404,2026-06-30 19:50,SESS-001361,VIS-01362,text,English,domestic,North West,transport_fare,Pullman Douala Rabingha,Littoral,positive,2.5,True,False
QRY-001829,2026-06-30 19:55,SESS-000728,VIS-00729,text,Pidgin,foreign,UK,pricing,West Region Gastronomy Spots,West,positive,2.5,True,False
QRY-004388,2026-06-30 20:10,SESS-001728,VIS-01729,voice_note,French,foreign,Germany,pricing,Mefou Primate Sanctuary,Centre,neutral,2.4,True,False
QRY-002878,2026-06-30 20:12,SESS-001136,VIS-01137,text,English,domestic,South West,opening_hours,Mvog-Betsi Zoo & Botanical Garden,Centre,positive,3.9,True,False
QRY-005199,2026-06-30 20:13,SESS-002061,VIS-02062,text,French,domestic,Littoral,cultural_info,Pullman Douala Rabingha,Littoral,positive,5.1,True,False
QRY-001814,2026-06-30 20:15,SESS-000722,VIS-00723,text,English,foreign,South Africa,directions,Star Land Hotel Bastos,Centre,neutral,3.1,True,False
QRY-001280,2026-06-30 20:32,SESS-000506,VIS-00507,text,Pidgin,domestic,Far North,directions,Mont Febe & Golf Club,Centre,neutral,2.9,True,False
QRY-000012,2026-06-30 20:48,SESS-000006,VIS-00007,voice_note,French,domestic,South,cultural_info,Hotel Ilomba,South,positive,2.0,True,False
QRY-003866,2026-06-30 21:06,SESS-001541,VIS-01542,text,French,domestic,North,directions,West Region Gastronomy Spots,West,positive,3.8,True,False
QRY-001588,2026-06-30 21:15,SESS-000628,VIS-00629,text,French,foreign,China,directions,Down Beach Roasted Fish Sheds,South West,neutral,3.0,True,False
QRY-005055,2026-06-30 21:21,SESS-001998,VIS-01999,text,Pidgin,foreign,USA,cultural_info,Krystal Palace Douala,Littoral,positive,3.6,True,False
QRY-005542,2026-06-30 21:21,SESS-002209,VIS-02210,voice_note,French,foreign,Belgium,pricing,Chez Wou & La Salsa,Centre,positive,4.0,True,False
QRY-004278,2026-06-30 21:29,SESS-001685,VIS-01686,text,French,foreign,China,pricing,Palais des Rois Bell (Pagode),Littoral,positive,3.1,True,False
QRY-005986,2026-06-30 21:31,SESS-002399,VIS-02400,voice_note,English,domestic,South West,opening_hours,Artisanal Village & Flower Market,Littoral,positive,3.0,True,False
QRY-000932,2026-06-30 22:15,SESS-000370,VIS-00371,text,French,foreign,Germany,directions,Plage de Kribi (Tara Plage),South,neutral,2.4,True,False
QRY-002593,2026-06-30 22:17,SESS-001032,VIS-01033,text,Pidgin,foreign,South Africa,cultural_info,Campo Ma'an National Park,South,positive,3.1,True,False
QRY-004869,2026-06-30 22:35,SESS-001924,VIS-01925,text,English,foreign,South Africa,directions,Chutes de la Lobe,South,positive,2.2,True,False
QRY-003888,2026-06-30 22:51,SESS-001548,VIS-01549,text,Pidgin,foreign,Belgium,transport_fare,Krystal Palace Douala,Littoral,neutral,5.2,True,False
QRY-003700,2026-07-01 06:04,SESS-001471,VIS-01472,text,English,foreign,Nigeria,directions,Bimbia Slave Trade Port,South West,positive,4.0,True,False
QRY-003623,2026-07-01 06:25,SESS-001439,VIS-01440,text,French,domestic,South,pricing,Star Land Hotel Bastos,Centre,positive,2.9,True,False
QRY-004477,2026-07-01 06:46,SESS-001758,VIS-01759,text,English,foreign,UK,opening_hours,Limbe Botanic Garden,South West,neutral,1.8,True,False
QRY-005313,2026-07-01 07:03,SESS-002111,VIS-02112,text,French,foreign,Nigeria,pricing,FINI Hotel Bobende,South West,negative,2.1,True,False
QRY-005764,2026-07-01 07:12,SESS-002304,VIS-02305,voice_note,French,foreign,China,directions,Krystal Palace Douala,Littoral,positive,3.9,True,False
QRY-000979,2026-07-01 07:34,SESS-000388,VIS-00389,text,French,domestic,Adamawa,transport_fare,Domaine du Petpenoun,West,negative,3.2,True,False
QRY-001105,2026-07-01 08:20,SESS-000433,VIS-00434,text,French,domestic,Far North,directions,Mont Febe & Golf Club,Centre,neutral,3.1,True,False
QRY-004440,2026-07-01 09:12,SESS-001747,VIS-01748,text,English,foreign,Chad,cultural_info,Plage de Kribi (Tara Plage),South,positive,4.8,True,False
QRY-001370,2026-07-01 09:19,SESS-000542,VIS-00543,voice_note,Pidgin,domestic,Far North,cultural_info,Chez Wou & La Salsa,Centre,neutral,4.0,True,False
QRY-001610,2026-07-01 09:24,SESS-000637,VIS-00638,text,French,domestic,North,cultural_info,Bimbia Slave Trade Port,South West,neutral,3.6,True,False
QRY-004943,2026-07-01 10:00,SESS-001953,VIS-01954,voice_note,English,domestic,West,pricing,Plage de Kribi (Tara Plage),South,neutral,2.6,True,False
QRY-000658,2026-07-01 10:15,SESS-000270,VIS-00271,text,French,domestic,West,opening_hours,Grand Batanga & Luma Museum,South,positive,2.5,True,False
QRY-001978,2026-07-01 10:17,SESS-000786,VIS-00787,text,English,domestic,South,pricing,Mvog-Betsi Zoo & Botanical Garden,Centre,neutral,3.6,True,False
QRY-005543,2026-07-01 10:27,SESS-002210,VIS-02211,text,French,domestic,North West,directions,Pullman Douala Rabingha,Littoral,positive,3.3,True,False
QRY-003985,2026-07-01 10:28,SESS-001577,VIS-01578,text,French,domestic,South,pricing,Rue des Artisans,West,neutral,3.0,True,False
QRY-005124,2026-07-01 10:47,SESS-002025,VIS-02026,text,English,foreign,Canada,pricing,Chutes de la Lobe,South,neutral,3.1,True,False
QRY-002255,2026-07-01 11:01,SESS-000900,VIS-00901,text,French,domestic,North West,emergency_sos,L'Ovalie & La Fourchette,Littoral,negative,0.8,False,True
QRY-002579,2026-07-01 11:12,SESS-001028,VIS-01029,voice_note,Pidgin,foreign,Belgium,directions,Bimbia Slave Trade Port,South West,positive,2.9,True,False
QRY-001693,2026-07-01 11:31,SESS-000677,VIS-00678,voice_note,English,foreign,Chad,opening_hours,Monument de la Reunification,Centre,positive,3.2,True,False
QRY-001075,2026-07-01 11:58,SESS-000425,VIS-00426,text,Pidgin,domestic,South West,opening_hours,Musee Maritime de Douala,Littoral,positive,3.1,True,False
QRY-005550,2026-07-01 12:08,SESS-002214,VIS-02215,text,Pidgin,domestic,Adamawa,booking_interest,L'Ovalie & La Fourchette,Littoral,positive,4.5,True,False
QRY-004508,2026-07-01 12:09,SESS-001774,VIS-01775,text,French,domestic,West,directions,Limbe Botanic Garden,South West,positive,4.4,True,False
QRY-005563,2026-07-01 12:18,SESS-002219,VIS-02220,text,French,domestic,Far North,pricing,Palais Royal de Foumban & Museum,West,positive,3.8,True,False
QRY-001887,2026-07-01 12:28,SESS-000753,VIS-00754,text,French,foreign,Equatorial Guinea,pricing,Marche Sandaga & Deido Soya,Littoral,positive,2.2,True,False
QRY-003672,2026-07-01 12:31,SESS-001456,VIS-01457,voice_note,English,domestic,South West,pricing,Limbe Botanic Garden,South West,positive,3.1,True,False
QRY-006114,2026-07-01 12:47,SESS-002438,VIS-02439,text,English,domestic,North,booking_interest,Grand Batanga & Luma Museum,South,positive,2.9,True,False
QRY-004331,2026-07-01 13:12,SESS-001704,VIS-01705,text,English,domestic,Centre,transport_fare,Krystal Palace Douala,Littoral,neutral,4.2,True,False
QRY-004064,2026-07-01 13:28,SESS-001609,VIS-01610,voice_note,English,domestic,Adamawa,pricing,West Region Gastronomy Spots,West,neutral,1.7,True,False
QRY-002092,2026-07-01 13:44,SESS-000832,VIS-00833,text,French,domestic,Adamawa,opening_hours,Plage de Kribi (Tara Plage),South,positive,2.4,True,False
QRY-004696,2026-07-01 13:48,SESS-001858,VIS-01859,text,French,domestic,Centre,opening_hours,Mvog-Betsi Zoo & Botanical Garden,Centre,positive,2.8,True,False
QRY-004401,2026-07-01 13:59,SESS-001732,VIS-01733,text,English,domestic,Littoral,transport_fare,Plage de Kribi (Tara Plage),South,neutral,2.0,True,False
QRY-004261,2026-07-01 14:19,SESS-001682,VIS-01683,text,Pidgin,foreign,USA,booking_interest,Mefou Primate Sanctuary,Centre,neutral,1.4,True,False
QRY-004873,2026-07-01 14:28,SESS-001925,VIS-01926,text,French,domestic,East,general_chat,,East,neutral,2.7,True,False
QRY-003061,2026-07-01 14:33,SESS-001212,VIS-01213,text,English,foreign,USA,pricing,Chutes de la Lobe,South,negative,1.9,True,False
QRY-001022,2026-07-01 14:50,SESS-000403,VIS-00404,voice_note,English,domestic,Littoral,directions,Hilton Yaounde,Centre,neutral,3.0,True,False
QRY-000409,2026-07-01 15:00,SESS-000177,VIS-00178,voice_note,English,foreign,Equatorial Guinea,transport_fare,Musee National de Yaounde,Centre,positive,2.5,True,False
QRY-004099,2026-07-01 15:22,SESS-001622,VIS-01623,text,French,domestic,Adamawa,booking_interest,Marche Sandaga & Deido Soya,Littoral,positive,3.7,True,False
QRY-001807,2026-07-01 15:25,SESS-000720,VIS-00721,text,French,domestic,South,booking_interest,Hotel Ilomba,South,neutral,3.2,True,False
QRY-005570,2026-07-01 15:26,SESS-002222,VIS-02223,voice_note,French,foreign,China,directions,Grand Batanga & Luma Museum,South,positive,4.4,True,False
QRY-002304,2026-07-01 15:36,SESS-000918,VIS-00919,voice_note,English,domestic,East,directions,L'Ovalie & La Fourchette,Littoral,neutral,3.6,True,False
QRY-004225,2026-07-01 16:14,SESS-001669,VIS-01670,voice_note,French,domestic,North West,directions,Musee Maritime de Douala,Littoral,neutral,1.4,True,False
QRY-005094,2026-07-01 17:12,SESS-002013,VIS-02014,text,French,domestic,Adamawa,pricing,Krystal Palace Douala,Littoral,positive,2.8,True,False
QRY-001228,2026-07-01 17:13,SESS-000488,VIS-00489,text,English,foreign,Nigeria,cultural_info,Rue des Artisans,West,neutral,2.5,True,False
QRY-000756,2026-07-01 17:25,SESS-000299,VIS-00300,voice_note,French,foreign,Canada,general_chat,,Centre,neutral,1.8,True,False
QRY-001007,2026-07-01 17:28,SESS-000396,VIS-00397,text,Pidgin,domestic,West,general_chat,,South West,positive,3.3,True,False
QRY-001164,2026-07-01 17:42,SESS-000459,VIS-00460,text,English,domestic,Centre,opening_hours,Rue des Artisans,West,neutral,1.3,True,False
QRY-004531,2026-07-01 17:49,SESS-001788,VIS-01789,voice_note,French,domestic,Far North,opening_hours,Plage de Kribi (Tara Plage),South,neutral,2.4,True,False
QRY-002417,2026-07-01 18:14,SESS-000963,VIS-00964,text,French,domestic,Centre,pricing,Palais Royal de Foumban & Museum,West,negative,3.0,True,False
QRY-005561,2026-07-01 18:16,SESS-002218,VIS-02219,text,Pidgin,domestic,North,transport_fare,Artisanal Village & Flower Market,Littoral,neutral,5.7,True,False
QRY-000363,2026-07-01 19:02,SESS-000160,VIS-00161,voice_note,Pidgin,domestic,South,cultural_info,Marche Sandaga & Deido Soya,Littoral,neutral,3.7,True,False
QRY-001506,2026-07-01 19:19,SESS-000603,VIS-00604,text,French,foreign,China,opening_hours,Domaine du Petpenoun,West,positive,2.8,True,False
QRY-001927,2026-07-01 19:24,SESS-000768,VIS-00769,text,Pidgin,domestic,North West,cultural_info,Palais des Rois Bell (Pagode),Littoral,neutral,1.1,True,False
QRY-002787,2026-07-01 19:24,SESS-001098,VIS-01099,text,English,domestic,Adamawa,pricing,Les Gites de Kribi,South,neutral,2.0,True,False
QRY-000556,2026-07-01 19:30,SESS-000234,VIS-00235,voice_note,English,domestic,Littoral,general_chat,,Adamawa,positive,2.3,True,False
QRY-005701,2026-07-01 19:33,SESS-002273,VIS-02274,voice_note,French,foreign,France,emergency_sos,Down Beach & Batoke Beach,South West,negative,0.8,True,True
QRY-000529,2026-07-01 19:52,SESS-000221,VIS-00222,text,French,domestic,Far North,transport_fare,Palais Royal de Foumban & Museum,West,neutral,4.7,True,False
QRY-000977,2026-07-01 20:06,SESS-000386,VIS-00387,text,English,domestic,North West,transport_fare,Monument de la Reunification,Centre,neutral,4.1,True,False
QRY-003286,2026-07-01 20:08,SESS-001316,VIS-01317,text,French,domestic,Littoral,general_chat,,Far North,neutral,4.6,True,False
QRY-002498,2026-07-01 20:34,SESS-000997,VIS-00998,text,English,domestic,South,cultural_info,Chez Carimo / Lobe Shacks,South,neutral,6.5,True,False
QRY-001144,2026-07-01 20:50,SESS-000453,VIS-00454,text,English,domestic,South,transport_fare,Les Gites de Kribi,South,negative,2.1,True,False
QRY-005308,2026-07-01 21:17,SESS-002108,VIS-02109,text,French,domestic,East,transport_fare,FINI Hotel Bobende,South West,positive,4.1,True,False
QRY-000856,2026-07-01 21:25,SESS-000337,VIS-00338,text,French,domestic,West,pricing,Limbe Botanic Garden,South West,neutral,3.1,True,False
QRY-005639,2026-07-01 21:34,SESS-002250,VIS-02251,voice_note,French,foreign,Germany,pricing,Marche Sandaga & Deido Soya,Littoral,positive,4.8,True,False
QRY-004688,2026-07-01 21:45,SESS-001853,VIS-01854,text,French,domestic,South,pricing,Down Beach Roasted Fish Sheds,South West,positive,3.8,True,False
QRY-003702,2026-07-01 21:52,SESS-001472,VIS-01473,text,French,foreign,France,directions,Plage de Kribi (Tara Plage),South,neutral,2.1,True,False
QRY-005173,2026-07-01 22:18,SESS-002052,VIS-02053,text,French,foreign,France,booking_interest,Artisanal Village & Flower Market,Littoral,neutral,4.0,True,False
QRY-002300,2026-07-02 06:17,SESS-000915,VIS-00916,voice_note,English,foreign,Belgium,transport_fare,Down Beach Roasted Fish Sheds,South West,neutral,4.1,True,False
QRY-004847,2026-07-02 06:50,SESS-001912,VIS-01913,text,French,domestic,Centre,opening_hours,Limbe Wildlife Centre,South West,neutral,4.2,True,False
QRY-004121,2026-07-02 06:56,SESS-001629,VIS-01630,text,English,domestic,Far North,transport_fare,Monument de la Reunification,Centre,neutral,3.7,True,False
QRY-004547,2026-07-02 07:05,SESS-001793,VIS-01794,text,English,domestic,South,general_chat,,West,neutral,3.6,True,False
QRY-001284,2026-07-02 07:21,SESS-000507,VIS-00508,text,French,domestic,Centre,directions,Palais Royal de Foumban & Museum,West,neutral,3.0,True,False
QRY-004271,2026-07-02 07:22,SESS-001685,VIS-01686,voice_note,French,domestic,Far North,pricing,FINI Hotel Bobende,South West,neutral,2.9,True,False
QRY-000482,2026-07-02 07:33,SESS-000204,VIS-00205,voice_note,French,domestic,Adamawa,directions,Limbe Botanic Garden,South West,neutral,4.2,True,False
QRY-005134,2026-07-02 07:37,SESS-002030,VIS-02031,text,English,foreign,Belgium,pricing,Hotel Ilomba,South,neutral,3.2,True,False
QRY-006094,2026-07-02 07:43,SESS-002432,VIS-02433,text,English,foreign,USA,opening_hours,Plage de Kribi (Tara Plage),South,neutral,3.2,True,False
QRY-004030,2026-07-02 07:53,SESS-001594,VIS-01595,text,English,domestic,Far North,pricing,Hotel Ilomba,South,neutral,4.8,True,False
QRY-001720,2026-07-02 07:53,SESS-000688,VIS-00689,text,Pidgin,domestic,South West,directions,Artisanal Village & Flower Market,Littoral,negative,2.6,True,False
QRY-001670,2026-07-02 08:27,SESS-000667,VIS-00668,text,Pidgin,domestic,Far North,opening_hours,Limbe Botanic Garden,South West,neutral,4.1,True,False
QRY-001839,2026-07-02 08:35,SESS-000733,VIS-00734,text,French,domestic,Adamawa,general_chat,,West,positive,3.5,True,False
QRY-003250,2026-07-02 08:36,SESS-001302,VIS-01303,voice_note,English,domestic,South West,transport_fare,L'Ovalie & La Fourchette,Littoral,neutral,4.0,True,False
QRY-001992,2026-07-02 08:44,SESS-000791,VIS-00792,voice_note,English,domestic,East,pricing,Les Gites de Kribi,South,neutral,3.6,True,False
QRY-005060,2026-07-02 08:46,SESS-002001,VIS-02002,text,English,domestic,North,cultural_info,FINI Hotel Bobende,South West,neutral,2.9,False,False
QRY-001795,2026-07-02 09:18,SESS-000715,VIS-00716,text,French,domestic,North,cultural_info,Douala-Edea Wildlife Reserve,Littoral,positive,3.3,True,False
QRY-000481,2026-07-02 09:20,SESS-000204,VIS-00205,text,French,domestic,South,pricing,Chez Wou & La Salsa,Centre,neutral,3.0,True,False
QRY-001038,2026-07-02 09:31,SESS-000411,VIS-00412,text,French,domestic,Far North,booking_interest,Star Land Hotel Bastos,Centre,positive,3.3,True,False
QRY-002183,2026-07-02 09:36,SESS-000869,VIS-00870,voice_note,French,domestic,North West,directions,Krystal Palace Douala,Littoral,positive,5.1,True,False
QRY-001562,2026-07-02 09:53,SESS-000621,VIS-00622,voice_note,French,domestic,West,pricing,Plage de Kribi (Tara Plage),South,neutral,1.9,True,False
QRY-005366,2026-07-02 10:01,SESS-002135,VIS-02136,text,French,domestic,Far North,booking_interest,Down Beach Roasted Fish Sheds,South West,neutral,2.5,True,False
QRY-004954,2026-07-02 10:07,SESS-001956,VIS-01957,text,English,foreign,Canada,cultural_info,Down Beach & Batoke Beach,South West,neutral,4.3,True,False
QRY-002211,2026-07-02 10:17,SESS-000879,VIS-00880,text,French,domestic,North West,opening_hours,Limbe Wildlife Centre,South West,neutral,1.9,True,False
QRY-001167,2026-07-02 10:22,SESS-000460,VIS-00461,text,English,domestic,North,pricing,Monument de la Reunification,Centre,negative,3.3,True,False
QRY-006055,2026-07-02 11:35,SESS-002415,VIS-02416,text,French,domestic,Centre,directions,Marche Sandaga & Deido Soya,Littoral,positive,1.7,True,False
QRY-004086,2026-07-02 11:37,SESS-001617,VIS-01618,text,French,domestic,Centre,pricing,Chez Wou & La Salsa,Centre,neutral,3.6,True,False
QRY-003596,2026-07-02 11:47,SESS-001429,VIS-01430,text,French,domestic,Centre,opening_hours,Palais Royal de Foumban & Museum,West,neutral,2.5,True,False
QRY-001414,2026-07-02 11:49,SESS-000565,VIS-00566,text,French,foreign,USA,general_chat,,Far North,negative,3.7,True,False
QRY-005093,2026-07-02 11:51,SESS-002012,VIS-02013,text,English,foreign,Nigeria,opening_hours,Hilton Yaounde,Centre,neutral,2.5,True,False
QRY-005486,2026-07-02 11:55,SESS-002182,VIS-02183,voice_note,French,foreign,Equatorial Guinea,cultural_info,Monument de la Reunification,Centre,neutral,3.7,True,False
QRY-005230,2026-07-02 11:57,SESS-002073,VIS-02074,voice_note,English,foreign,Chad,general_chat,,North West,positive,3.0,True,False
QRY-002854,2026-07-02 12:21,SESS-001122,VIS-01123,text,French,domestic,Littoral,pricing,Domaine du Petpenoun,West,neutral,4.5,True,False
QRY-003675,2026-07-02 12:29,SESS-001457,VIS-01458,text,English,foreign,Germany,cultural_info,Grand Batanga & Luma Museum,South,positive,4.1,True,False
QRY-003197,2026-07-02 13:01,SESS-001278,VIS-01279,text,French,domestic,Littoral,transport_fare,Plage de Kribi (Tara Plage),South,positive,3.4,True,False
QRY-005607,2026-07-02 13:04,SESS-002234,VIS-02235,text,English,domestic,North,cultural_info,Bimbia Slave Trade Port,South West,positive,4.2,True,False
QRY-003807,2026-07-02 13:05,SESS-001519,VIS-01520,text,English,domestic,North West,directions,Mount Cameroon (Upper Farms),South West,neutral,2.5,True,False
QRY-004622,2026-07-02 13:47,SESS-001826,VIS-01827,voice_note,Pidgin,domestic,South,pricing,West Region Gastronomy Spots,West,neutral,2.3,True,False
QRY-003279,2026-07-02 13:51,SESS-001311,VIS-01312,text,English,domestic,Far North,cultural_info,Chez Wou & La Salsa,Centre,positive,2.8,True,False
QRY-003482,2026-07-02 14:11,SESS-001389,VIS-01390,text,French,domestic,South West,opening_hours,FINI Hotel Bobende,South West,negative,1.1,True,False
QRY-001511,2026-07-02 14:14,SESS-000606,VIS-00607,text,English,foreign,Belgium,opening_hours,Grand Batanga & Luma Museum,South,positive,3.2,True,False
QRY-004387,2026-07-02 14:15,SESS-001728,VIS-01729,text,English,domestic,Far North,general_chat,,Littoral,positive,4.1,True,False
QRY-003481,2026-07-02 14:41,SESS-001388,VIS-01389,voice_note,French,domestic,West,transport_fare,Grand Batanga & Luma Museum,South,negative,3.0,True,False
QRY-003658,2026-07-02 14:47,SESS-001451,VIS-01452,voice_note,English,foreign,China,cultural_info,Chez Wou & La Salsa,Centre,neutral,3.6,True,False
QRY-000072,2026-07-02 14:54,SESS-000030,VIS-00031,text,French,domestic,West,transport_fare,Hilton Yaounde,Centre,neutral,2.1,True,False
QRY-002946,2026-07-02 15:12,SESS-001162,VIS-01163,text,French,domestic,Far North,general_chat,,South,neutral,2.9,True,False
QRY-004119,2026-07-02 15:32,SESS-001628,VIS-01629,text,English,foreign,Chad,general_chat,,Littoral,neutral,1.8,True,False
QRY-004757,2026-07-02 15:55,SESS-001882,VIS-01883,text,French,foreign,Belgium,pricing,Palais Royal de Foumban & Museum,West,positive,3.1,True,False
QRY-001386,2026-07-02 16:10,SESS-000552,VIS-00553,text,French,domestic,Littoral,directions,Marche Sandaga & Deido Soya,Littoral,neutral,3.1,True,False
QRY-000641,2026-07-02 16:13,SESS-000262,VIS-00263,text,Pidgin,foreign,Germany,cultural_info,Star Land Hotel Bastos,Centre,positive,4.4,True,False
QRY-002694,2026-07-02 16:29,SESS-001063,VIS-01064,text,French,domestic,Littoral,cultural_info,Plage de Kribi (Tara Plage),South,positive,3.2,True,False
QRY-004115,2026-07-02 17:15,SESS-001627,VIS-01628,text,French,domestic,Far North,opening_hours,Star Land Hotel Bastos,Centre,positive,2.0,True,False
QRY-004669,2026-07-02 17:16,SESS-001847,VIS-01848,voice_note,English,foreign,South Africa,cultural_info,L'Ovalie & La Fourchette,Littoral,positive,4.6,True,False
QRY-005103,2026-07-02 17:37,SESS-002017,VIS-02018,text,French,foreign,Canada,directions,Palais des Rois Bell (Pagode),Littoral,positive,4.3,True,False
QRY-002375,2026-07-02 17:45,SESS-000950,VIS-00951,text,English,domestic,West,directions,FINI Hotel Bobende,South West,positive,4.3,True,False
QRY-001113,2026-07-02 17:52,SESS-000437,VIS-00438,voice_note,French,foreign,Germany,booking_interest,Douala-Edea Wildlife Reserve,Littoral,positive,3.0,False,False
QRY-000005,2026-07-02 17:54,SESS-000003,VIS-00004,text,Pidgin,foreign,Canada,pricing,Artisanal Village & Flower Market,Littoral,positive,1.9,True,False
QRY-002233,2026-07-02 18:09,SESS-000892,VIS-00893,voice_note,French,foreign,China,transport_fare,L'Ovalie & La Fourchette,Littoral,positive,3.0,True,False
QRY-000839,2026-07-02 18:12,SESS-000330,VIS-00331,text,French,foreign,Gabon,transport_fare,Mefou Primate Sanctuary,Centre,positive,2.2,True,False
QRY-000395,2026-07-02 18:14,SESS-000172,VIS-00173,text,English,foreign,Germany,pricing,L'Ovalie & La Fourchette,Littoral,neutral,3.2,True,False
QRY-003651,2026-07-02 18:24,SESS-001449,VIS-01450,text,French,domestic,North,pricing,Rue des Artisans,West,negative,3.1,True,False
QRY-005758,2026-07-02 18:29,SESS-002301,VIS-02302,text,English,domestic,West,opening_hours,Mont Febe & Golf Club,Centre,neutral,3.7,True,False
QRY-002337,2026-07-02 18:42,SESS-000932,VIS-00933,text,French,foreign,USA,booking_interest,Chez Carimo / Lobe Shacks,South,positive,3.0,True,False
QRY-002391,2026-07-02 18:56,SESS-000956,VIS-00957,text,English,domestic,West,cultural_info,Musee Maritime de Douala,Littoral,neutral,5.7,True,False
QRY-003297,2026-07-02 19:26,SESS-001320,VIS-01321,text,French,foreign,Nigeria,directions,Chutes d'Ekom Nkam,Littoral,neutral,4.1,True,False
QRY-001103,2026-07-02 19:52,SESS-000432,VIS-00433,text,French,foreign,UK,transport_fare,Hotel Zingana,West,negative,5.2,True,False
QRY-004879,2026-07-02 20:09,SESS-001930,VIS-01931,text,French,domestic,Adamawa,cultural_info,Limbe Botanic Garden,South West,neutral,3.9,True,False
QRY-000260,2026-07-02 20:12,SESS-000118,VIS-00119,text,English,foreign,Gabon,pricing,Plage de Kribi (Tara Plage),South,neutral,2.4,True,False
QRY-001820,2026-07-02 20:18,SESS-000726,VIS-00727,text,French,domestic,North,pricing,Limbe Botanic Garden,South West,neutral,2.6,True,False
QRY-006108,2026-07-02 20:39,SESS-002437,VIS-02438,text,French,foreign,UK,general_chat,,South,neutral,1.1,True,False
QRY-004216,2026-07-02 21:03,SESS-001668,VIS-01669,voice_note,English,domestic,Far North,general_chat,,Centre,neutral,3.4,True,False
QRY-004467,2026-07-02 21:05,SESS-001756,VIS-01757,voice_note,English,domestic,South,pricing,Chez Wou & La Salsa,Centre,positive,2.3,True,False
QRY-001494,2026-07-02 21:22,SESS-000598,VIS-00599,text,English,domestic,North West,cultural_info,Bimbia Slave Trade Port,South West,positive,4.0,True,False
QRY-001374,2026-07-02 21:29,SESS-000545,VIS-00546,text,English,domestic,East,booking_interest,Mount Cameroon (Upper Farms),South West,negative,3.3,True,False
QRY-004862,2026-07-02 21:43,SESS-001922,VIS-01923,voice_note,French,domestic,Far North,pricing,Mvog-Betsi Zoo & Botanical Garden,Centre,positive,3.1,True,False
QRY-004076,2026-07-02 21:45,SESS-001613,VIS-01614,text,French,foreign,USA,cultural_info,Down Beach Roasted Fish Sheds,South West,neutral,4.6,True,False
QRY-002378,2026-07-02 21:46,SESS-000951,VIS-00952,text,French,domestic,Far North,pricing,Down Beach & Batoke Beach,South West,neutral,1.8,True,False
QRY-001923,2026-07-02 22:08,SESS-000767,VIS-00768,voice_note,French,foreign,Gabon,pricing,Palais Royal de Foumban & Museum,West,positive,4.2,True,False
QRY-000969,2026-07-02 22:10,SESS-000383,VIS-00384,text,French,foreign,Chad,pricing,Artisanal Village & Flower Market,Littoral,positive,3.3,True,False
QRY-003524,2026-07-02 22:33,SESS-001404,VIS-01405,text,French,domestic,Adamawa,transport_fare,Star Land Hotel Bastos,Centre,positive,3.0,True,False
QRY-003719,2026-07-02 22:41,SESS-001478,VIS-01479,voice_note,English,foreign,USA,directions,L'Ovalie & La Fourchette,Littoral,neutral,3.0,True,False
QRY-001203,2026-07-02 22:44,SESS-000475,VIS-00476,text,English,foreign,USA,general_chat,,South West,positive,3.8,True,False
QRY-002891,2026-07-02 22:50,SESS-001140,VIS-01141,text,French,foreign,France,pricing,Limbe Botanic Garden,South West,positive,2.6,True,False
QRY-005004,2026-07-03 06:21,SESS-001976,VIS-01977,text,English,domestic,West,pricing,Mvog-Betsi Zoo & Botanical Garden,Centre,positive,3.8,True,False
QRY-004750,2026-07-03 06:26,SESS-001877,VIS-01878,text,French,foreign,Nigeria,directions,Grand Batanga & Luma Museum,South,neutral,3.2,True,False
QRY-001176,2026-07-03 06:32,SESS-000462,VIS-00463,text,English,domestic,East,general_chat,,North West,neutral,3.2,True,False
QRY-003112,2026-07-03 06:40,SESS-001240,VIS-01241,text,French,domestic,Littoral,booking_interest,Down Beach & Batoke Beach,South West,positive,3.0,True,False
QRY-000637,2026-07-03 06:47,SESS-000261,VIS-00262,text,French,foreign,Gabon,general_chat,,South West,positive,2.3,True,False
QRY-003723,2026-07-03 07:13,SESS-001479,VIS-01480,text,English,domestic,Littoral,cultural_info,Down Beach Roasted Fish Sheds,South West,neutral,2.8,True,False
QRY-006185,2026-07-03 07:16,SESS-002467,VIS-02468,voice_note,French,foreign,USA,transport_fare,Palais des Rois Bell (Pagode),Littoral,neutral,2.6,True,False
QRY-001028,2026-07-03 07:25,SESS-000406,VIS-00407,text,Pidgin,domestic,North West,directions,Palais des Rois Bell (Pagode),Littoral,positive,2.6,True,False
QRY-004463,2026-07-03 07:36,SESS-001754,VIS-01755,voice_note,English,domestic,East,cultural_info,Musee Maritime de Douala,Littoral,positive,4.2,True,False
QRY-005778,2026-07-03 07:37,SESS-002311,VIS-02312,text,Pidgin,domestic,South West,transport_fare,Monument de la Reunification,Centre,neutral,2.8,True,False
QRY-000830,2026-07-03 07:39,SESS-000327,VIS-00328,text,French,foreign,South Africa,pricing,Seme Beach Hotel,South West,positive,2.7,True,False
QRY-000342,2026-07-03 08:10,SESS-000152,VIS-00153,text,French,foreign,South Africa,pricing,L'Ovalie & La Fourchette,Littoral,neutral,1.8,True,False
QRY-004286,2026-07-03 08:44,SESS-001686,VIS-01687,text,French,domestic,South West,cultural_info,Mont Febe & Golf Club,Centre,neutral,2.5,True,False
QRY-000773,2026-07-03 08:52,SESS-000308,VIS-00309,text,French,foreign,Nigeria,pricing,Limbe Wildlife Centre,South West,positive,3.1,True,False
QRY-004849,2026-07-03 09:27,SESS-001913,VIS-01914,voice_note,French,domestic,Far North,pricing,Mvog-Betsi Zoo & Botanical Garden,Centre,positive,4.0,True,False
QRY-005829,2026-07-03 09:34,SESS-002335,VIS-02336,text,French,foreign,Canada,pricing,Hotel Ilomba,South,neutral,3.3,True,False
QRY-002995,2026-07-03 09:40,SESS-001182,VIS-01183,voice_note,French,domestic,West,pricing,Marche Sandaga & Deido Soya,Littoral,positive,3.2,True,False
QRY-000746,2026-07-03 09:46,SESS-000294,VIS-00295,text,French,foreign,UK,cultural_info,Krystal Palace Douala,Littoral,neutral,1.9,True,False
QRY-004936,2026-07-03 09:50,SESS-001951,VIS-01952,voice_note,French,domestic,North West,opening_hours,Krystal Palace Douala,Littoral,neutral,3.3,True,False
QRY-004460,2026-07-03 10:14,SESS-001754,VIS-01755,text,Pidgin,domestic,North,opening_hours,Hotel Zingana,West,positive,3.3,True,False
QRY-001441,2026-07-03 10:26,SESS-000576,VIS-00577,text,French,domestic,Centre,cultural_info,Mont Febe & Golf Club,Centre,positive,1.5,False,False
QRY-002754,2026-07-03 11:49,SESS-001087,VIS-01088,voice_note,French,domestic,North West,cultural_info,Hotel Zingana,West,neutral,4.6,True,False
QRY-000198,2026-07-03 11:54,SESS-000091,VIS-00092,text,French,domestic,West,cultural_info,Marche Sandaga & Deido Soya,Littoral,positive,3.7,True,False
QRY-004976,2026-07-03 12:03,SESS-001963,VIS-01964,text,French,domestic,North West,cultural_info,Hotel Ilomba,South,neutral,2.9,True,False
QRY-001784,2026-07-03 12:25,SESS-000712,VIS-00713,text,French,domestic,North,pricing,Seme Beach Hotel,South West,neutral,4.9,True,False
QRY-002695,2026-07-03 12:33,SESS-001063,VIS-01064,voice_note,English,foreign,China,transport_fare,Monument de la Reunification,Centre,positive,2.7,True,False
QRY-005565,2026-07-03 12:41,SESS-002220,VIS-02221,text,English,domestic,Far North,cultural_info,Down Beach & Batoke Beach,South West,positive,2.5,True,False
QRY-006119,2026-07-03 12:42,SESS-002440,VIS-02441,voice_note,English,domestic,South,transport_fare,Campo Ma'an National Park,South,negative,4.2,True,False
QRY-004439,2026-07-03 12:46,SESS-001746,VIS-01747,text,French,domestic,Far North,general_chat,,Far North,positive,2.5,True,False
QRY-003721,2026-07-03 13:41,SESS-001478,VIS-01479,voice_note,English,foreign,Nigeria,directions,Musee National de Yaounde,Centre,neutral,3.5,True,False
QRY-006156,2026-07-03 13:46,SESS-002456,VIS-02457,text,French,foreign,Germany,general_chat,,South West,neutral,2.3,True,False
QRY-000169,2026-07-03 13:54,SESS-000079,VIS-00080,text,English,domestic,South West,pricing,Grand Batanga & Luma Museum,South,positive,2.4,False,False
QRY-002879,2026-07-03 14:15,SESS-001137,VIS-01138,text,Pidgin,domestic,Centre,cultural_info,Marche Sandaga & Deido Soya,Littoral,neutral,3.2,True,False
QRY-005876,2026-07-03 14:20,SESS-002357,VIS-02358,text,French,domestic,East,pricing,Mont Febe & Golf Club,Centre,neutral,3.0,True,False
QRY-004641,2026-07-03 14:21,SESS-001834,VIS-01835,voice_note,English,foreign,Germany,pricing,Chez Carimo / Lobe Shacks,South,positive,4.7,True,False
QRY-001442,2026-07-03 14:35,SESS-000577,VIS-00578,text,English,domestic,North West,transport_fare,Palais des Rois Bell (Pagode),Littoral,positive,4.4,True,False
QRY-001727,2026-07-03 15:07,SESS-000690,VIS-00691,text,English,domestic,South,cultural_info,Marche Sandaga & Deido Soya,Littoral,positive,4.1,True,False
QRY-005256,2026-07-03 15:11,SESS-002087,VIS-02088,text,Pidgin,domestic,East,pricing,Krystal Palace Douala,Littoral,negative,2.8,True,False
QRY-004088,2026-07-03 15:14,SESS-001617,VIS-01618,text,French,domestic,West,transport_fare,L'Ovalie & La Fourchette,Littoral,neutral,3.0,True,False
QRY-004167,2026-07-03 15:17,SESS-001646,VIS-01647,text,French,domestic,South West,directions,Marche Sandaga & Deido Soya,Littoral,negative,2.2,True,False
QRY-003566,2026-07-03 15:29,SESS-001417,VIS-01418,voice_note,English,foreign,Nigeria,opening_hours,Chutes de la Lobe,South,neutral,1.2,True,False
QRY-000530,2026-07-03 15:49,SESS-000221,VIS-00222,text,English,foreign,Equatorial Guinea,transport_fare,Marche Sandaga & Deido Soya,Littoral,negative,3.4,True,False
QRY-003827,2026-07-03 16:14,SESS-001526,VIS-01527,voice_note,English,foreign,Canada,opening_hours,Les Gites de Kribi,South,positive,3.0,True,False
QRY-001505,2026-07-03 16:21,SESS-000603,VIS-00604,text,Pidgin,foreign,Gabon,booking_interest,Musee National de Yaounde,Centre,neutral,1.6,True,False
QRY-004748,2026-07-03 16:37,SESS-001876,VIS-01877,text,French,domestic,Adamawa,pricing,Hotel Ilomba,South,neutral,3.9,True,False
QRY-003097,2026-07-03 16:43,SESS-001233,VIS-01234,text,English,domestic,South West,pricing,Marche Sandaga & Deido Soya,Littoral,positive,3.7,True,False
QRY-005474,2026-07-03 16:52,SESS-002178,VIS-02179,text,English,domestic,North,cultural_info,Douala-Edea Wildlife Reserve,Littoral,neutral,3.0,True,False
QRY-000269,2026-07-03 17:23,SESS-000122,VIS-00123,text,French,foreign,Nigeria,directions,Down Beach & Batoke Beach,South West,positive,3.5,True,False
QRY-000607,2026-07-03 18:16,SESS-000254,VIS-00255,voice_note,French,domestic,East,transport_fare,Monument de la Reunification,Centre,neutral,2.5,True,False
QRY-001933,2026-07-03 18:43,SESS-000772,VIS-00773,text,English,domestic,South West,cultural_info,Musee National de Yaounde,Centre,positive,2.3,True,False
QRY-000011,2026-07-03 18:50,SESS-000005,VIS-00006,text,English,foreign,France,pricing,Monument de la Reunification,Centre,neutral,3.3,True,False
QRY-005890,2026-07-03 19:41,SESS-002363,VIS-02364,text,French,foreign,UK,pricing,Star Land Hotel Bastos,Centre,positive,3.7,True,False
QRY-003602,2026-07-03 19:49,SESS-001432,VIS-01433,text,English,foreign,Belgium,general_chat,,Adamawa,neutral,2.7,True,False
QRY-005620,2026-07-03 19:55,SESS-002239,VIS-02240,text,English,domestic,Centre,general_chat,,West,neutral,4.9,True,False
QRY-001091,2026-07-03 20:16,SESS-000429,VIS-00430,voice_note,Pidgin,foreign,Nigeria,cultural_info,Plage de Kribi (Tara Plage),South,positive,2.0,True,False
QRY-006097,2026-07-03 20:35,SESS-002432,VIS-02433,text,French,foreign,UK,opening_hours,Pullman Douala Rabingha,Littoral,positive,3.5,True,False
QRY-002035,2026-07-03 21:07,SESS-000809,VIS-00810,text,French,foreign,Chad,directions,Chez Wou & La Salsa,Centre,neutral,3.1,True,False
QRY-003300,2026-07-03 21:12,SESS-001321,VIS-01322,text,Pidgin,foreign,China,cultural_info,Monument de la Reunification,Centre,positive,4.8,True,False
QRY-001949,2026-07-03 21:22,SESS-000778,VIS-00779,text,French,domestic,Littoral,transport_fare,Rue des Artisans,West,neutral,3.4,True,False
QRY-000659,2026-07-03 21:28,SESS-000270,VIS-00271,text,Pidgin,domestic,North,transport_fare,Palais Royal de Foumban & Museum,West,positive,4.2,True,False
QRY-003595,2026-07-03 21:29,SESS-001429,VIS-01430,voice_note,French,domestic,East,directions,Limbe Wildlife Centre,South West,positive,2.5,True,False
QRY-003022,2026-07-03 21:40,SESS-001192,VIS-01193,text,French,domestic,Far North,emergency_sos,Chez Wou & La Salsa,Centre,negative,1.0,True,True
QRY-003323,2026-07-03 21:47,SESS-001331,VIS-01332,text,French,domestic,Littoral,general_chat,,South West,neutral,4.2,True,False
QRY-003949,2026-07-03 21:56,SESS-001565,VIS-01566,text,English,domestic,Adamawa,cultural_info,Limbe Wildlife Centre,South West,positive,4.3,True,False
QRY-001804,2026-07-03 21:58,SESS-000719,VIS-00720,text,French,foreign,Gabon,directions,Monument de la Reunification,Centre,neutral,2.9,True,False
QRY-005863,2026-07-03 22:12,SESS-002352,VIS-02353,voice_note,English,domestic,Centre,cultural_info,Hilton Yaounde,Centre,positive,3.5,True,False
QRY-000922,2026-07-03 22:29,SESS-000365,VIS-00366,text,French,foreign,USA,cultural_info,Chutes de la Lobe,South,positive,4.4,True,False
QRY-000498,2026-07-03 22:36,SESS-000210,VIS-00211,text,English,foreign,Belgium,emergency_sos,Monument de la Reunification,Centre,negative,0.8,True,True
QRY-001984,2026-07-03 22:38,SESS-000788,VIS-00789,text,French,foreign,Equatorial Guinea,cultural_info,Down Beach & Batoke Beach,South West,positive,2.3,True,False
QRY-004192,2026-07-03 22:54,SESS-001657,VIS-01658,text,English,domestic,North West,pricing,Bimbia Slave Trade Port,South West,negative,5.3,True,False
QRY-002863,2026-07-04 06:08,SESS-001129,VIS-01130,text,French,foreign,South Africa,opening_hours,Hilton Yaounde,Centre,neutral,4.1,True,False
QRY-005253,2026-07-04 07:26,SESS-002087,VIS-02088,voice_note,French,foreign,Germany,opening_hours,Mvog-Betsi Zoo & Botanical Garden,Centre,neutral,4.3,True,False
QRY-000095,2026-07-04 07:37,SESS-000042,VIS-00043,text,French,domestic,Far North,opening_hours,Hotel Ilomba,South,neutral,4.0,True,False
QRY-003077,2026-07-04 07:37,SESS-001223,VIS-01224,text,French,foreign,UK,pricing,Chutes de la Lobe,South,positive,3.0,True,False
QRY-001590,2026-07-04 07:40,SESS-000629,VIS-00630,text,English,foreign,USA,general_chat,,South,positive,3.3,True,False
QRY-003307,2026-07-04 07:43,SESS-001323,VIS-01324,text,French,domestic,South,opening_hours,Plage de Kribi (Tara Plage),South,neutral,5.8,True,False
QRY-001197,2026-07-04 08:19,SESS-000473,VIS-00474,text,English,foreign,Gabon,transport_fare,Down Beach & Batoke Beach,South West,positive,3.1,True,False
QRY-005597,2026-07-04 08:38,SESS-002229,VIS-02230,text,Pidgin,domestic,East,transport_fare,Chez Carimo / Lobe Shacks,South,negative,3.2,True,False
QRY-001046,2026-07-04 08:43,SESS-000411,VIS-00412,voice_note,French,domestic,South,pricing,Star Land Hotel Bastos,Centre,neutral,3.1,True,False
QRY-004902,2026-07-04 08:59,SESS-001939,VIS-01940,text,French,domestic,Littoral,emergency_sos,Limbe Botanic Garden,South West,negative,1.6,True,True
QRY-005423,2026-07-04 09:05,SESS-002156,VIS-02157,text,English,domestic,Centre,cultural_info,Monument de la Reunification,Centre,neutral,2.8,True,False
QRY-005554,2026-07-04 09:11,SESS-002215,VIS-02216,voice_note,French,domestic,West,transport_fare,Krystal Palace Douala,Littoral,neutral,3.8,True,False
QRY-003543,2026-07-04 09:21,SESS-001410,VIS-01411,text,French,domestic,South,booking_interest,Rue des Artisans,West,positive,1.2,True,False
QRY-005488,2026-07-04 09:37,SESS-002183,VIS-02184,text,English,foreign,Belgium,pricing,Chefferie de Bandjoun,West,positive,5.5,True,False
QRY-005487,2026-07-04 10:03,SESS-002182,VIS-02183,voice_note,French,domestic,North,pricing,Bimbia Slave Trade Port,South West,positive,2.4,True,False
QRY-004447,2026-07-04 10:08,SESS-001750,VIS-01751,voice_note,English,domestic,Adamawa,booking_interest,Plage de Kribi (Tara Plage),South,neutral,4.4,True,False
QRY-001559,2026-07-04 10:43,SESS-000621,VIS-00622,voice_note,English,domestic,Far North,pricing,Limbe Wildlife Centre,South West,neutral,3.2,True,False
QRY-000833,2026-07-04 10:51,SESS-000329,VIS-00330,text,English,foreign,UK,cultural_info,Down Beach Roasted Fish Sheds,South West,positive,3.0,True,False
QRY-001546,2026-07-04 10:52,SESS-000617,VIS-00618,text,French,domestic,South,general_chat,,Centre,positive,2.3,True,False
QRY-000700,2026-07-04 11:44,SESS-000281,VIS-00282,text,English,domestic,Littoral,pricing,West Region Gastronomy Spots,West,positive,2.0,True,False
QRY-002645,2026-07-04 11:45,SESS-001047,VIS-01048,text,English,domestic,South,cultural_info,Pullman Douala Rabingha,Littoral,neutral,3.9,True,False
QRY-004728,2026-07-04 11:56,SESS-001869,VIS-01870,text,English,foreign,Equatorial Guinea,transport_fare,Artisanal Village & Flower Market,Littoral,neutral,3.0,True,False
QRY-002778,2026-07-04 12:35,SESS-001097,VIS-01098,text,English,domestic,South,transport_fare,Mvog-Betsi Zoo & Botanical Garden,Centre,neutral,3.7,True,False
QRY-001361,2026-07-04 13:02,SESS-000538,VIS-00539,voice_note,Pidgin,domestic,Littoral,general_chat,,Far North,positive,4.6,True,False
QRY-005556,2026-07-04 13:15,SESS-002217,VIS-02218,text,English,domestic,South,general_chat,,North West,neutral,4.9,True,False
QRY-000216,2026-07-04 14:08,SESS-000102,VIS-00103,text,English,domestic,Adamawa,transport_fare,FINI Hotel Bobende,South West,positive,2.2,True,False
QRY-003338,2026-07-04 14:15,SESS-001338,VIS-01339,text,French,domestic,North,opening_hours,Pullman Douala Rabingha,Littoral,neutral,2.5,True,False
QRY-000341,2026-07-04 14:33,SESS-000151,VIS-00152,text,French,domestic,South West,booking_interest,Chez Wou & La Salsa,Centre,neutral,3.0,True,False
QRY-003950,2026-07-04 14:36,SESS-001565,VIS-01566,text,English,foreign,Equatorial Guinea,general_chat,,West,neutral,3.9,True,False
QRY-001591,2026-07-04 14:36,SESS-000630,VIS-00631,text,English,foreign,Nigeria,booking_interest,Musee Maritime de Douala,Littoral,positive,4.2,True,False
QRY-004371,2026-07-04 14:43,SESS-001721,VIS-01722,voice_note,French,domestic,Adamawa,cultural_info,L'Ovalie & La Fourchette,Littoral,neutral,3.2,True,False
QRY-000931,2026-07-04 14:48,SESS-000370,VIS-00371,text,English,domestic,North,pricing,Palais Royal de Foumban & Museum,West,neutral,2.6,True,False
QRY-004382,2026-07-04 14:49,SESS-001727,VIS-01728,text,Pidgin,foreign,Chad,cultural_info,Palais Royal de Foumban & Museum,West,positive,3.2,True,False
QRY-003552,2026-07-04 14:51,SESS-001412,VIS-01413,text,French,domestic,North,cultural_info,Grand Batanga & Luma Museum,South,neutral,3.8,True,False
QRY-003774,2026-07-04 15:21,SESS-001505,VIS-01506,voice_note,French,foreign,Canada,pricing,Grand Batanga & Luma Museum,South,positive,3.7,True,False
QRY-001311,2026-07-04 16:07,SESS-000515,VIS-00516,voice_note,English,domestic,North,transport_fare,Hilton Yaounde,Centre,neutral,4.1,True,False
QRY-002057,2026-07-04 16:08,SESS-000819,VIS-00820,voice_note,English,domestic,Centre,cultural_info,Palais Royal de Foumban & Museum,West,neutral,3.0,True,False
QRY-002982,2026-07-04 16:09,SESS-001174,VIS-01175,text,French,foreign,Germany,cultural_info,Down Beach & Batoke Beach,South West,positive,2.6,True,False
QRY-005566,2026-07-04 16:13,SESS-002220,VIS-02221,text,French,foreign,Gabon,cultural_info,Chefferie de Bandjoun,West,neutral,2.9,True,False
QRY-005206,2026-07-04 16:19,SESS-002065,VIS-02066,text,French,domestic,North,pricing,Down Beach Roasted Fish Sheds,South West,positive,4.0,False,False
QRY-002665,2026-07-04 16:25,SESS-001053,VIS-01054,text,French,domestic,Littoral,pricing,Mount Cameroon (Upper Farms),South West,neutral,3.3,True,False
QRY-000055,2026-07-04 16:25,SESS-000022,VIS-00023,text,English,domestic,South West,pricing,Palais des Rois Bell (Pagode),Littoral,neutral,1.9,True,False
QRY-002048,2026-07-04 17:14,SESS-000814,VIS-00815,voice_note,English,domestic,North West,cultural_info,Seme Beach Hotel,South West,neutral,3.9,True,False
QRY-004510,2026-07-04 17:16,SESS-001775,VIS-01776,voice_note,French,domestic,South,cultural_info,Grand Batanga & Luma Museum,South,neutral,4.3,True,False
QRY-004605,2026-07-04 17:23,SESS-001821,VIS-01822,text,French,domestic,Littoral,transport_fare,Domaine du Petpenoun,West,neutral,3.0,True,False
QRY-005848,2026-07-04 17:39,SESS-002346,VIS-02347,text,French,domestic,North,general_chat,,Littoral,positive,3.5,True,False
QRY-004527,2026-07-04 17:49,SESS-001787,VIS-01788,text,Pidgin,foreign,Nigeria,directions,Musee National de Yaounde,Centre,positive,3.2,True,False
QRY-002570,2026-07-04 18:04,SESS-001026,VIS-01027,text,French,foreign,Nigeria,transport_fare,Marche Sandaga & Deido Soya,Littoral,neutral,2.4,True,False
QRY-000212,2026-07-04 18:11,SESS-000099,VIS-00100,text,French,domestic,West,cultural_info,Rue des Artisans,West,positive,2.7,True,False
QRY-004340,2026-07-04 18:24,SESS-001708,VIS-01709,text,Pidgin,foreign,Chad,pricing,Rue des Artisans,West,positive,4.3,True,False
QRY-004155,2026-07-04 18:31,SESS-001642,VIS-01643,text,Pidgin,domestic,South West,directions,Musee National de Yaounde,Centre,neutral,2.5,True,False
QRY-002765,2026-07-04 18:35,SESS-001091,VIS-01092,text,French,foreign,Germany,opening_hours,Chutes de la Lobe,South,positive,5.1,False,False
QRY-004892,2026-07-04 18:46,SESS-001936,VIS-01937,text,English,domestic,North West,opening_hours,Pullman Douala Rabingha,Littoral,positive,3.9,True,False
QRY-004067,2026-07-04 18:46,SESS-001609,VIS-01610,text,French,domestic,East,transport_fare,Rue des Artisans,West,positive,3.9,True,False
QRY-000884,2026-07-04 19:06,SESS-000349,VIS-00350,text,English,foreign,Chad,directions,Plage de Kribi (Tara Plage),South,positive,5.1,True,False
QRY-001077,2026-07-04 19:12,SESS-000425,VIS-00426,text,French,foreign,Nigeria,pricing,Star Land Hotel Bastos,Centre,negative,3.1,True,False
QRY-001491,2026-07-04 19:35,SESS-000597,VIS-00598,text,Pidgin,domestic,Adamawa,pricing,FINI Hotel Bobende,South West,neutral,3.8,True,False
QRY-000584,2026-07-04 19:46,SESS-000246,VIS-00247,text,English,foreign,UK,cultural_info,Chez Wou & La Salsa,Centre,positive,1.0,True,False
QRY-000691,2026-07-04 20:24,SESS-000279,VIS-00280,voice_note,French,domestic,Far North,pricing,Mount Cameroon (Upper Farms),South West,positive,3.2,True,False
QRY-006010,2026-07-04 20:24,SESS-002404,VIS-02405,text,French,foreign,UK,transport_fare,Hilton Yaounde,Centre,negative,3.4,True,False
QRY-004539,2026-07-04 21:55,SESS-001791,VIS-01792,text,English,foreign,Equatorial Guinea,pricing,Pullman Douala Rabingha,Littoral,positive,2.6,True,False
QRY-003168,2026-07-04 22:02,SESS-001265,VIS-01266,text,French,foreign,South Africa,general_chat,,North West,positive,4.5,True,False
QRY-000538,2026-07-04 22:08,SESS-000225,VIS-00226,text,French,foreign,South Africa,cultural_info,Palais des Rois Bell (Pagode),Littoral,positive,3.1,True,False
QRY-004362,2026-07-04 22:10,SESS-001715,VIS-01716,text,English,domestic,Adamawa,booking_interest,L'Ovalie & La Fourchette,Littoral,positive,3.0,True,False
QRY-001333,2026-07-04 22:16,SESS-000529,VIS-00530,text,French,domestic,South West,transport_fare,Hotel Ilomba,South,neutral,1.9,True,False
QRY-000510,2026-07-04 22:22,SESS-000214,VIS-00215,text,English,domestic,South West,directions,Campo Ma'an National Park,South,positive,2.8,True,False
QRY-003905,2026-07-04 22:30,SESS-001552,VIS-01553,text,French,domestic,Centre,transport_fare,Limbe Wildlife Centre,South West,neutral,2.0,True,False
QRY-000382,2026-07-04 22:45,SESS-000169,VIS-00170,text,French,foreign,South Africa,pricing,Limbe Botanic Garden,South West,positive,2.7,True,False
QRY-002144,2026-07-04 22:59,SESS-000851,VIS-00852,voice_note,French,foreign,Chad,booking_interest,Mefou Primate Sanctuary,Centre,neutral,2.5,True,False
QRY-005006,2026-07-05 06:02,SESS-001978,VIS-01979,text,French,foreign,Chad,booking_interest,Les Gites de Kribi,South,positive,1.9,True,False
QRY-002313,2026-07-05 06:11,SESS-000923,VIS-00924,voice_note,English,domestic,North,opening_hours,Plage de Kribi (Tara Plage),South,neutral,4.5,True,False
QRY-002987,2026-07-05 06:13,SESS-001178,VIS-01179,text,English,domestic,South West,directions,Palais Royal de Foumban & Museum,West,positive,5.0,True,False
QRY-003260,2026-07-05 06:41,SESS-001303,VIS-01304,text,Pidgin,domestic,Littoral,opening_hours,Palais des Rois Bell (Pagode),Littoral,neutral,3.0,True,False
QRY-003359,2026-07-05 07:02,SESS-001345,VIS-01346,text,French,foreign,UK,cultural_info,Seme Beach Hotel,South West,positive,3.7,True,False
QRY-003519,2026-07-05 07:23,SESS-001402,VIS-01403,voice_note,French,domestic,East,transport_fare,Limbe Wildlife Centre,South West,negative,4.3,True,False
QRY-002120,2026-07-05 07:39,SESS-000842,VIS-00843,text,English,domestic,East,opening_hours,West Region Gastronomy Spots,West,neutral,3.2,True,False
QRY-001761,2026-07-05 07:46,SESS-000703,VIS-00704,text,English,domestic,North West,transport_fare,Musee Maritime de Douala,Littoral,neutral,4.2,True,False
QRY-000157,2026-07-05 07:49,SESS-000072,VIS-00073,text,English,foreign,China,pricing,Down Beach & Batoke Beach,South West,neutral,3.1,True,False
QRY-001879,2026-07-05 07:54,SESS-000749,VIS-00750,text,Pidgin,domestic,North,booking_interest,Hilton Yaounde,Centre,positive,4.5,True,False
QRY-000401,2026-07-05 08:00,SESS-000175,VIS-00176,text,French,domestic,Adamawa,cultural_info,West Region Gastronomy Spots,West,neutral,2.1,True,False
QRY-000981,2026-07-05 08:51,SESS-000389,VIS-00390,text,French,foreign,France,opening_hours,Down Beach Roasted Fish Sheds,South West,positive,4.0,True,False
QRY-004173,2026-07-05 09:09,SESS-001648,VIS-01649,text,Pidgin,domestic,South,booking_interest,L'Ovalie & La Fourchette,Littoral,neutral,4.4,True,False
QRY-004005,2026-07-05 09:25,SESS-001586,VIS-01587,text,English,domestic,South West,directions,Hilton Yaounde,Centre,neutral,4.7,True,False
QRY-000255,2026-07-05 09:50,SESS-000116,VIS-00117,text,French,foreign,China,directions,Mvog-Betsi Zoo & Botanical Garden,Centre,positive,2.0,True,False
QRY-002639,2026-07-05 09:57,SESS-001046,VIS-01047,text,French,domestic,West,transport_fare,Limbe Wildlife Centre,South West,positive,2.7,True,False
QRY-004590,2026-07-05 10:11,SESS-001813,VIS-01814,voice_note,English,domestic,West,pricing,Chez Carimo / Lobe Shacks,South,positive,3.6,True,False
QRY-001606,2026-07-05 10:19,SESS-000636,VIS-00637,text,French,foreign,Belgium,cultural_info,Plage de Kribi (Tara Plage),South,negative,3.8,True,False
QRY-002657,2026-07-05 10:40,SESS-001051,VIS-01052,text,Pidgin,foreign,China,booking_interest,Plage de Kribi (Tara Plage),South,positive,3.2,True,False
QRY-001882,2026-07-05 10:59,SESS-000750,VIS-00751,text,French,domestic,North West,opening_hours,Palais Royal de Foumban & Museum,West,positive,1.7,True,False
QRY-003740,2026-07-05 11:04,SESS-001487,VIS-01488,text,Pidgin,foreign,Belgium,cultural_info,Mvog-Betsi Zoo & Botanical Garden,Centre,negative,3.7,True,False
QRY-005378,2026-07-05 11:15,SESS-002136,VIS-02137,text,French,domestic,Littoral,pricing,Krystal Palace Douala,Littoral,neutral,2.9,True,False
QRY-000231,2026-07-05 11:15,SESS-000108,VIS-00109,voice_note,French,foreign,Nigeria,pricing,Rue des Artisans,West,positive,3.4,True,False
QRY-001301,2026-07-05 11:23,SESS-000511,VIS-00512,voice_note,French,domestic,East,directions,Down Beach & Batoke Beach,South West,neutral,3.9,True,False
QRY-004805,2026-07-05 11:25,SESS-001899,VIS-01900,voice_note,English,foreign,Chad,directions,Plage de Kribi (Tara Plage),South,positive,2.9,True,False
QRY-000765,2026-07-05 11:51,SESS-000305,VIS-00306,text,English,domestic,Far North,general_chat,,East,neutral,2.8,True,False
QRY-001132,2026-07-05 11:59,SESS-000447,VIS-00448,voice_note,English,foreign,Canada,opening_hours,Artisanal Village & Flower Market,Littoral,positive,3.5,True,False
QRY-005127,2026-07-05 12:12,SESS-002026,VIS-02027,voice_note,French,domestic,Far North,opening_hours,Mefou Primate Sanctuary,Centre,neutral,3.2,True,False
QRY-005505,2026-07-05 13:03,SESS-002190,VIS-02191,voice_note,French,foreign,Germany,booking_interest,Limbe Botanic Garden,South West,neutral,3.0,True,False
QRY-003538,2026-07-05 13:18,SESS-001407,VIS-01408,text,English,foreign,Gabon,emergency_sos,Mont Febe & Golf Club,Centre,negative,1.7,True,True
QRY-005300,2026-07-05 13:38,SESS-002106,VIS-02107,text,Pidgin,domestic,Centre,general_chat,,East,positive,3.1,True,False
QRY-001232,2026-07-05 13:59,SESS-000489,VIS-00490,text,Pidgin,domestic,Adamawa,opening_hours,Krystal Palace Douala,Littoral,positive,2.3,True,False
QRY-003166,2026-07-05 14:08,SESS-001265,VIS-01266,text,English,domestic,Centre,pricing,Mont Febe & Golf Club,Centre,positive,3.8,True,False
QRY-004008,2026-07-05 14:16,SESS-001586,VIS-01587,voice_note,French,domestic,South West,cultural_info,Bimbia Slave Trade Port,South West,positive,1.8,True,False
QRY-003159,2026-07-05 14:21,SESS-001263,VIS-01264,text,French,domestic,North West,general_chat,,Centre,neutral,3.9,True,False
QRY-000730,2026-07-05 14:26,SESS-000291,VIS-00292,text,English,foreign,Germany,directions,Down Beach Roasted Fish Sheds,South West,positive,3.7,True,False
QRY-002602,2026-07-05 15:05,SESS-001034,VIS-01035,text,French,domestic,South,pricing,Mont Febe & Golf Club,Centre,neutral,3.3,True,False
QRY-001843,2026-07-05 15:17,SESS-000735,VIS-00736,text,Pidgin,domestic,Adamawa,transport_fare,Monument de la Reunification,Centre,neutral,5.7,True,False
QRY-000790,2026-07-05 15:36,SESS-000311,VIS-00312,text,English,domestic,Littoral,pricing,Mont Febe & Golf Club,Centre,neutral,4.1,True,False
QRY-001771,2026-07-05 15:48,SESS-000708,VIS-00709,text,English,foreign,South Africa,cultural_info,Pullman Douala Rabingha,Littoral,neutral,4.0,True,False
QRY-003612,2026-07-05 15:54,SESS-001435,VIS-01436,voice_note,English,foreign,South Africa,transport_fare,Mount Cameroon (Upper Farms),South West,positive,1.6,True,False
QRY-005059,2026-07-05 15:57,SESS-002001,VIS-02002,text,French,foreign,Nigeria,transport_fare,Les Gites de Kribi,South,neutral,3.5,True,False
QRY-004491,2026-07-05 16:06,SESS-001766,VIS-01767,text,Pidgin,foreign,Germany,cultural_info,Limbe Wildlife Centre,South West,positive,3.1,True,False
QRY-005517,2026-07-05 16:09,SESS-002196,VIS-02197,voice_note,English,domestic,Adamawa,cultural_info,Musee National de Yaounde,Centre,negative,3.1,True,False
QRY-004007,2026-07-05 16:23,SESS-001586,VIS-01587,text,English,foreign,China,pricing,Limbe Wildlife Centre,South West,neutral,1.8,True,False
QRY-003547,2026-07-05 16:55,SESS-001411,VIS-01412,text,French,domestic,Littoral,directions,Musee National de Yaounde,Centre,neutral,2.1,True,False
QRY-004000,2026-07-05 16:57,SESS-001584,VIS-01585,text,English,foreign,Equatorial Guinea,cultural_info,Rue des Artisans,West,neutral,3.4,True,False
QRY-003654,2026-07-05 17:02,SESS-001450,VIS-01451,text,Pidgin,foreign,South Africa,booking_interest,Artisanal Village & Flower Market,Littoral,neutral,3.0,True,False
QRY-005436,2026-07-05 17:05,SESS-002162,VIS-02163,text,French,foreign,Chad,directions,Pullman Douala Rabingha,Littoral,positive,0.8,True,False
QRY-004701,2026-07-05 17:07,SESS-001861,VIS-01862,text,Pidgin,foreign,South Africa,transport_fare,Krystal Palace Douala,Littoral,neutral,2.2,True,False
QRY-005831,2026-07-05 17:14,SESS-002336,VIS-02337,text,French,foreign,Canada,booking_interest,Campo Ma'an National Park,South,neutral,2.9,True,False
QRY-003816,2026-07-05 17:49,SESS-001522,VIS-01523,text,English,domestic,West,booking_interest,L'Ovalie & La Fourchette,Littoral,neutral,4.7,True,False
QRY-005364,2026-07-05 17:55,SESS-002135,VIS-02136,text,French,domestic,Far North,pricing,Plage de Kribi (Tara Plage),South,positive,2.3,True,False
QRY-001095,2026-07-05 17:59,SESS-000431,VIS-00432,text,French,foreign,China,cultural_info,Palais des Rois Bell (Pagode),Littoral,neutral,2.9,True,False
QRY-002766,2026-07-05 18:07,SESS-001092,VIS-01093,text,French,domestic,North,cultural_info,Grand Batanga & Luma Museum,South,positive,4.7,True,False
QRY-005159,2026-07-05 18:34,SESS-002044,VIS-02045,text,French,domestic,East,booking_interest,Palais Royal de Foumban & Museum,West,neutral,3.9,True,False
QRY-006001,2026-07-05 18:57,SESS-002402,VIS-02403,voice_note,French,foreign,Equatorial Guinea,pricing,Limbe Wildlife Centre,South West,negative,3.8,True,False
QRY-003890,2026-07-05 19:17,SESS-001548,VIS-01549,text,French,foreign,Canada,general_chat,,Littoral,neutral,4.4,True,False
QRY-005165,2026-07-05 19:42,SESS-002047,VIS-02048,text,English,foreign,Gabon,pricing,Rue des Artisans,West,neutral,2.8,False,False
QRY-004788,2026-07-05 19:58,SESS-001891,VIS-01892,voice_note,French,domestic,Far North,booking_interest,Monument de la Reunification,Centre,positive,0.8,True,False
QRY-004733,2026-07-05 20:04,SESS-001870,VIS-01871,text,French,foreign,Belgium,opening_hours,Musee Maritime de Douala,Littoral,neutral,4.7,True,False
QRY-004464,2026-07-05 20:22,SESS-001755,VIS-01756,voice_note,Pidgin,domestic,North West,general_chat,,South,neutral,2.2,True,False
QRY-002661,2026-07-05 20:47,SESS-001052,VIS-01053,text,French,foreign,China,transport_fare,Musee Maritime de Douala,Littoral,neutral,3.9,True,False
QRY-001418,2026-07-05 21:13,SESS-000568,VIS-00569,text,Pidgin,domestic,Littoral,cultural_info,Palais Royal de Foumban & Museum,West,positive,2.8,True,False
QRY-001612,2026-07-05 21:14,SESS-000639,VIS-00640,text,English,domestic,Littoral,directions,Mount Cameroon (Upper Farms),South West,positive,2.4,True,False
QRY-003330,2026-07-05 21:21,SESS-001335,VIS-01336,text,English,domestic,Adamawa,general_chat,,Far North,positive,5.3,True,False
QRY-000894,2026-07-05 21:23,SESS-000354,VIS-00355,voice_note,French,foreign,China,directions,Bimbia Slave Trade Port,South West,positive,3.4,True,False
QRY-004035,2026-07-05 21:42,SESS-001594,VIS-01595,text,French,domestic,Centre,pricing,Mvog-Betsi Zoo & Botanical Garden,Centre,neutral,3.2,True,False
QRY-000871,2026-07-05 22:07,SESS-000342,VIS-00343,voice_note,English,domestic,South West,booking_interest,Limbe Botanic Garden,South West,neutral,3.8,True,False
QRY-001854,2026-07-05 22:41,SESS-000738,VIS-00739,text,French,domestic,East,booking_interest,Mount Cameroon (Upper Farms),South West,neutral,3.8,True,False
QRY-000865,2026-07-05 22:45,SESS-000340,VIS-00341,text,French,domestic,West,pricing,Campo Ma'an National Park,South,neutral,2.9,True,False
QRY-002205,2026-07-05 22:57,SESS-000876,VIS-00877,text,English,domestic,Centre,booking_interest,Chutes d'Ekom Nkam,Littoral,positive,3.2,True,False
QRY-001287,2026-07-06 06:12,SESS-000507,VIS-00508,text,English,domestic,North West,pricing,Chez Wou & La Salsa,Centre,neutral,3.8,True,False
QRY-005326,2026-07-06 06:13,SESS-002116,VIS-02117,text,English,domestic,Centre,general_chat,,Centre,positive,1.9,True,False
QRY-004795,2026-07-06 06:31,SESS-001894,VIS-01895,text,French,domestic,North West,directions,Monument de la Reunification,Centre,positive,5.2,True,False
QRY-003830,2026-07-06 06:57,SESS-001529,VIS-01530,voice_note,English,foreign,China,booking_interest,Mefou Primate Sanctuary,Centre,positive,4.2,True,False
QRY-003495,2026-07-06 07:23,SESS-001394,VIS-01395,text,Pidgin,domestic,South,general_chat,,Centre,neutral,4.6,True,False
QRY-005761,2026-07-06 07:25,SESS-002303,VIS-02304,text,Pidgin,domestic,Far North,transport_fare,Hilton Yaounde,Centre,positive,4.3,True,False
QRY-005188,2026-07-06 07:27,SESS-002056,VIS-02057,voice_note,Pidgin,domestic,South,directions,Limbe Botanic Garden,South West,negative,2.1,True,False
QRY-003701,2026-07-06 07:42,SESS-001472,VIS-01473,text,French,foreign,Belgium,cultural_info,FINI Hotel Bobende,South West,neutral,3.6,True,False
QRY-005416,2026-07-06 07:44,SESS-002153,VIS-02154,voice_note,French,foreign,Chad,emergency_sos,Hilton Yaounde,Centre,negative,3.6,True,True
QRY-003668,2026-07-06 07:54,SESS-001455,VIS-01456,text,French,foreign,Equatorial Guinea,opening_hours,Limbe Botanic Garden,South West,neutral,3.3,True,False
QRY-003724,2026-07-06 08:00,SESS-001480,VIS-01481,text,English,foreign,France,transport_fare,Chutes de la Lobe,South,positive,3.5,True,False
QRY-000893,2026-07-06 08:51,SESS-000353,VIS-00354,voice_note,English,foreign,Gabon,booking_interest,Down Beach Roasted Fish Sheds,South West,neutral,3.3,True,False
QRY-004877,2026-07-06 09:47,SESS-001929,VIS-01930,text,French,foreign,China,transport_fare,Musee Maritime de Douala,Littoral,neutral,2.9,True,False
QRY-002344,2026-07-06 10:35,SESS-000935,VIS-00936,voice_note,French,foreign,Nigeria,directions,Grand Batanga & Luma Museum,South,positive,2.9,True,False
QRY-001645,2026-07-06 10:44,SESS-000656,VIS-00657,text,French,foreign,South Africa,cultural_info,Mvog-Betsi Zoo & Botanical Garden,Centre,positive,3.6,True,False
QRY-004908,2026-07-06 11:40,SESS-001941,VIS-01942,voice_note,Pidgin,domestic,South West,pricing,Marche Sandaga & Deido Soya,Littoral,neutral,2.7,True,False
QRY-000106,2026-07-06 11:42,SESS-000049,VIS-00050,text,French,domestic,North West,opening_hours,Mount Cameroon (Upper Farms),South West,neutral,2.4,True,False
QRY-002474,2026-07-06 12:06,SESS-000989,VIS-00990,text,English,domestic,Littoral,emergency_sos,Palais des Rois Bell (Pagode),Littoral,negative,1.3,True,True
QRY-002106,2026-07-06 12:09,SESS-000837,VIS-00838,text,English,domestic,Far North,booking_interest,Hilton Yaounde,Centre,positive,2.3,True,False
QRY-002687,2026-07-06 12:20,SESS-001058,VIS-01059,text,French,foreign,South Africa,cultural_info,Krystal Palace Douala,Littoral,positive,4.2,True,False
QRY-002741,2026-07-06 12:29,SESS-001082,VIS-01083,text,English,domestic,Centre,opening_hours,Pullman Douala Rabingha,Littoral,positive,3.7,True,False
QRY-001572,2026-07-06 12:39,SESS-000623,VIS-00624,voice_note,French,domestic,West,pricing,Plage de Kribi (Tara Plage),South,neutral,4.7,True,False
QRY-001155,2026-07-06 12:43,SESS-000458,VIS-00459,text,French,domestic,Littoral,directions,Chez Carimo / Lobe Shacks,South,positive,1.6,True,False
QRY-005518,2026-07-06 12:47,SESS-002196,VIS-02197,text,French,domestic,North West,cultural_info,Chutes de la Lobe,South,positive,4.2,True,False
QRY-005157,2026-07-06 13:26,SESS-002043,VIS-02044,text,English,domestic,Far North,directions,Plage de Kribi (Tara Plage),South,neutral,3.9,True,False
QRY-005109,2026-07-06 13:38,SESS-002018,VIS-02019,text,French,domestic,West,cultural_info,L'Ovalie & La Fourchette,Littoral,positive,1.5,True,False
QRY-004944,2026-07-06 13:44,SESS-001953,VIS-01954,text,English,domestic,South West,emergency_sos,Mount Cameroon (Upper Farms),South West,negative,1.9,True,True
QRY-005948,2026-07-06 14:06,SESS-002384,VIS-02385,text,English,domestic,Far North,opening_hours,Pullman Douala Rabingha,Littoral,neutral,3.2,True,False
QRY-000603,2026-07-06 14:20,SESS-000252,VIS-00253,text,English,domestic,Adamawa,opening_hours,Chutes de la Lobe,South,neutral,3.1,True,False
QRY-003712,2026-07-06 14:22,SESS-001476,VIS-01477,text,French,foreign,Chad,directions,Musee National de Yaounde,Centre,positive,3.0,True,False
QRY-005172,2026-07-06 14:47,SESS-002051,VIS-02052,text,French,domestic,North West,emergency_sos,West Region Gastronomy Spots,West,negative,1.7,True,True
QRY-000595,2026-07-06 14:48,SESS-000250,VIS-00251,voice_note,English,domestic,South West,pricing,Monument de la Reunification,Centre,neutral,3.3,False,False
QRY-002821,2026-07-06 14:58,SESS-001111,VIS-01112,text,French,domestic,North,pricing,Rue des Artisans,West,positive,2.8,True,False
QRY-003682,2026-07-06 15:05,SESS-001460,VIS-01461,text,Pidgin,foreign,Nigeria,pricing,Monument de la Reunification,Centre,neutral,3.6,True,False
QRY-000211,2026-07-06 15:17,SESS-000099,VIS-00100,voice_note,French,foreign,Germany,general_chat,,Adamawa,neutral,3.7,True,False
QRY-002286,2026-07-06 15:42,SESS-000910,VIS-00911,voice_note,French,domestic,South West,opening_hours,Chefferie de Bandjoun,West,neutral,2.7,True,False
QRY-004524,2026-07-06 15:51,SESS-001785,VIS-01786,text,French,domestic,Centre,booking_interest,Krystal Palace Douala,Littoral,positive,2.6,True,False
QRY-001417,2026-07-06 16:01,SESS-000567,VIS-00568,text,Pidgin,domestic,North West,emergency_sos,Artisanal Village & Flower Market,Littoral,negative,1.0,False,True
QRY-000418,2026-07-06 16:13,SESS-000179,VIS-00180,text,French,foreign,Gabon,opening_hours,Monument de la Reunification,Centre,neutral,3.3,True,False
QRY-003934,2026-07-06 16:18,SESS-001562,VIS-01563,text,Pidgin,domestic,East,pricing,Rue des Artisans,West,negative,4.7,True,False
QRY-005039,2026-07-06 16:37,SESS-001990,VIS-01991,text,English,domestic,South,directions,Chutes de la Lobe,South,positive,2.6,True,False
QRY-001519,2026-07-06 17:15,SESS-000608,VIS-00609,text,English,domestic,West,transport_fare,Monument de la Reunification,Centre,neutral,2.4,True,False
QRY-003834,2026-07-06 17:15,SESS-001532,VIS-01533,text,French,foreign,Gabon,pricing,Down Beach Roasted Fish Sheds,South West,neutral,4.6,True,False
QRY-001786,2026-07-06 17:17,SESS-000712,VIS-00713,text,English,domestic,West,booking_interest,Pullman Douala Rabingha,Littoral,neutral,2.4,True,False
QRY-000546,2026-07-06 17:18,SESS-000228,VIS-00229,text,French,foreign,France,pricing,Palais Royal de Foumban & Museum,West,neutral,2.9,True,False
QRY-004751,2026-07-06 17:22,SESS-001877,VIS-01878,text,French,foreign,Equatorial Guinea,transport_fare,Artisanal Village & Flower Market,Littoral,neutral,3.2,True,False
QRY-006165,2026-07-06 17:26,SESS-002460,VIS-02461,text,French,domestic,North,cultural_info,Monument de la Reunification,Centre,neutral,3.6,True,False
QRY-004309,2026-07-06 17:47,SESS-001697,VIS-01698,voice_note,English,domestic,Littoral,general_chat,,North West,positive,2.6,True,False
QRY-004601,2026-07-06 17:52,SESS-001819,VIS-01820,voice_note,French,domestic,Far North,cultural_info,Grand Batanga & Luma Museum,South,neutral,2.6,True,False
QRY-001466,2026-07-06 18:00,SESS-000589,VIS-00590,text,English,domestic,South West,directions,Palais des Rois Bell (Pagode),Littoral,neutral,2.8,True,False
QRY-000133,2026-07-06 18:01,SESS-000060,VIS-00061,text,French,domestic,West,booking_interest,Les Gites de Kribi,South,neutral,3.9,True,False
QRY-005290,2026-07-06 18:11,SESS-002101,VIS-02102,text,Pidgin,foreign,France,pricing,Chutes de la Lobe,South,positive,4.2,True,False
QRY-002296,2026-07-06 18:47,SESS-000913,VIS-00914,text,French,domestic,Far North,directions,Chutes de la Lobe,South,positive,1.2,True,False
QRY-004709,2026-07-06 18:54,SESS-001864,VIS-01865,text,Pidgin,domestic,North West,opening_hours,Musee Maritime de Douala,Littoral,negative,2.3,False,False
QRY-004424,2026-07-06 19:16,SESS-001740,VIS-01741,text,French,domestic,East,pricing,Palais des Rois Bell (Pagode),Littoral,neutral,2.1,True,False
QRY-000464,2026-07-06 19:27,SESS-000198,VIS-00199,text,French,domestic,Centre,general_chat,,East,positive,3.5,True,False
QRY-001789,2026-07-06 19:36,SESS-000713,VIS-00714,voice_note,French,domestic,Littoral,directions,Douala-Edea Wildlife Reserve,Littoral,positive,3.4,True,False
QRY-004198,2026-07-06 20:06,SESS-001660,VIS-01661,voice_note,French,domestic,Centre,general_chat,,North,neutral,3.8,True,False
QRY-000864,2026-07-06 20:16,SESS-000340,VIS-00341,voice_note,French,domestic,East,opening_hours,Star Land Hotel Bastos,Centre,positive,4.9,True,False
QRY-004914,2026-07-06 20:23,SESS-001945,VIS-01946,text,French,domestic,South West,pricing,Bimbia Slave Trade Port,South West,positive,4.4,True,False
QRY-004540,2026-07-06 20:31,SESS-001791,VIS-01792,text,English,domestic,Far North,pricing,Hotel Zingana,West,negative,4.8,False,False
QRY-002153,2026-07-06 20:41,SESS-000859,VIS-00860,voice_note,French,foreign,Canada,directions,Mvog-Betsi Zoo & Botanical Garden,Centre,neutral,3.0,True,False
QRY-005952,2026-07-06 20:56,SESS-002385,VIS-02386,text,English,domestic,Littoral,opening_hours,Rue des Artisans,West,neutral,2.6,True,False
QRY-003043,2026-07-06 21:18,SESS-001202,VIS-01203,text,English,foreign,Belgium,transport_fare,Down Beach Roasted Fish Sheds,South West,negative,2.9,True,False
QRY-001444,2026-07-06 21:19,SESS-000577,VIS-00578,text,French,domestic,Far North,booking_interest,Grand Batanga & Luma Museum,South,neutral,3.0,True,False
QRY-003988,2026-07-06 21:35,SESS-001579,VIS-01580,voice_note,French,foreign,Nigeria,transport_fare,FINI Hotel Bobende,South West,positive,4.7,True,False
QRY-004887,2026-07-06 21:37,SESS-001934,VIS-01935,text,Pidgin,foreign,Germany,transport_fare,Mvog-Betsi Zoo & Botanical Garden,Centre,negative,2.3,True,False
QRY-003927,2026-07-06 21:46,SESS-001559,VIS-01560,text,English,domestic,Centre,directions,Musee National de Yaounde,Centre,positive,3.4,True,False
QRY-002267,2026-07-06 22:02,SESS-000906,VIS-00907,voice_note,French,domestic,Far North,directions,Musee Maritime de Douala,Littoral,neutral,3.1,True,False
QRY-001817,2026-07-06 22:07,SESS-000724,VIS-00725,voice_note,English,foreign,France,general_chat,,South,positive,2.4,True,False
QRY-002009,2026-07-06 22:44,SESS-000799,VIS-00800,text,English,foreign,Canada,opening_hours,Monument de la Reunification,Centre,negative,2.8,True,False
QRY-003066,2026-07-06 22:53,SESS-001217,VIS-01218,text,French,domestic,South,cultural_info,Mvog-Betsi Zoo & Botanical Garden,Centre,positive,2.6,True,False
QRY-000109,2026-07-07 06:12,SESS-000050,VIS-00051,text,French,domestic,Littoral,booking_interest,Hilton Yaounde,Centre,negative,3.7,True,False
QRY-004446,2026-07-07 06:12,SESS-001749,VIS-01750,text,French,foreign,China,transport_fare,L'Ovalie & La Fourchette,Littoral,positive,4.1,True,False
QRY-003462,2026-07-07 06:27,SESS-001381,VIS-01382,voice_note,English,foreign,Equatorial Guinea,cultural_info,Douala-Edea Wildlife Reserve,Littoral,neutral,2.6,True,False
QRY-001341,2026-07-07 06:53,SESS-000530,VIS-00531,text,Pidgin,foreign,France,directions,Star Land Hotel Bastos,Centre,neutral,4.1,True,False
QRY-003087,2026-07-07 06:57,SESS-001228,VIS-01229,text,English,domestic,South West,booking_interest,L'Ovalie & La Fourchette,Littoral,positive,3.4,True,False
QRY-002171,2026-07-07 07:03,SESS-000865,VIS-00866,text,English,domestic,North West,pricing,Artisanal Village & Flower Market,Littoral,negative,1.4,True,False
QRY-000845,2026-07-07 07:10,SESS-000332,VIS-00333,text,Pidgin,domestic,Adamawa,cultural_info,Mefou Primate Sanctuary,Centre,neutral,1.8,True,False
QRY-000741,2026-07-07 07:26,SESS-000292,VIS-00293,text,Pidgin,domestic,South,general_chat,,North West,neutral,3.1,False,False
QRY-003926,2026-07-07 07:26,SESS-001559,VIS-01560,voice_note,French,domestic,East,cultural_info,Musee Maritime de Douala,Littoral,neutral,4.5,True,False
QRY-004794,2026-07-07 07:43,SESS-001894,VIS-01895,text,English,domestic,South West,transport_fare,Mont Febe & Golf Club,Centre,positive,5.0,True,False
QRY-005626,2026-07-07 07:50,SESS-002240,VIS-02241,voice_note,English,domestic,South West,directions,Hotel Ilomba,South,neutral,2.7,True,False
QRY-004555,2026-07-07 07:52,SESS-001797,VIS-01798,text,English,foreign,Equatorial Guinea,pricing,Hilton Yaounde,Centre,neutral,3.5,True,False
QRY-004636,2026-07-07 07:53,SESS-001832,VIS-01833,text,French,foreign,Gabon,pricing,West Region Gastronomy Spots,West,neutral,5.3,True,False
QRY-001516,2026-07-07 07:56,SESS-000606,VIS-00607,voice_note,English,foreign,South Africa,directions,Palais des Rois Bell (Pagode),Littoral,positive,3.2,True,False
QRY-005178,2026-07-07 08:11,SESS-002053,VIS-02054,voice_note,Pidgin,domestic,West,general_chat,,North,positive,2.2,True,False
QRY-002491,2026-07-07 08:13,SESS-000995,VIS-00996,text,French,foreign,Canada,pricing,Bimbia Slave Trade Port,South West,positive,3.7,True,False
QRY-003344,2026-07-07 08:49,SESS-001341,VIS-01342,text,English,domestic,West,pricing,West Region Gastronomy Spots,West,neutral,5.0,True,False
QRY-003556,2026-07-07 09:17,SESS-001414,VIS-01415,text,English,domestic,South,transport_fare,Domaine du Petpenoun,West,positive,1.2,True,False
QRY-005686,2026-07-07 09:51,SESS-002267,VIS-02268,text,English,foreign,Nigeria,pricing,Palais Royal de Foumban & Museum,West,neutral,3.3,True,False
QRY-001775,2026-07-07 10:03,SESS-000711,VIS-00712,voice_note,French,foreign,Nigeria,directions,Plage de Kribi (Tara Plage),South,negative,3.5,True,False
QRY-006091,2026-07-07 10:24,SESS-002429,VIS-02430,text,French,foreign,Belgium,directions,Bimbia Slave Trade Port,South West,neutral,5.8,True,False
QRY-005342,2026-07-07 11:09,SESS-002125,VIS-02126,text,French,domestic,South West,cultural_info,Campo Ma'an National Park,South,negative,4.2,True,False
QRY-005651,2026-07-07 11:09,SESS-002254,VIS-02255,voice_note,French,foreign,Equatorial Guinea,directions,Palais des Rois Bell (Pagode),Littoral,neutral,2.2,True,False
QRY-005587,2026-07-07 11:23,SESS-002227,VIS-02228,text,French,domestic,South,booking_interest,Chez Carimo / Lobe Shacks,South,positive,1.7,True,False
QRY-002088,2026-07-07 11:25,SESS-000831,VIS-00832,voice_note,English,domestic,Adamawa,transport_fare,Plage de Kribi (Tara Plage),South,neutral,4.2,True,False
QRY-003956,2026-07-07 11:25,SESS-001566,VIS-01567,text,French,domestic,North West,pricing,Mefou Primate Sanctuary,Centre,positive,3.9,True,False
QRY-003808,2026-07-07 11:35,SESS-001519,VIS-01520,text,French,domestic,Centre,pricing,Chutes de la Lobe,South,negative,3.2,False,False
QRY-002141,2026-07-07 11:41,SESS-000850,VIS-00851,text,English,domestic,Centre,opening_hours,Hilton Yaounde,Centre,positive,1.3,True,False
QRY-002882,2026-07-07 11:42,SESS-001137,VIS-01138,voice_note,English,domestic,South West,transport_fare,Plage de Kribi (Tara Plage),South,positive,2.9,True,False
QRY-004378,2026-07-07 11:54,SESS-001725,VIS-01726,voice_note,French,foreign,UK,cultural_info,L'Ovalie & La Fourchette,Littoral,neutral,3.3,True,False
QRY-001352,2026-07-07 12:16,SESS-000535,VIS-00536,voice_note,French,foreign,Equatorial Guinea,opening_hours,Rue des Artisans,West,positive,4.9,True,False
QRY-004905,2026-07-07 12:18,SESS-001940,VIS-01941,text,French,domestic,Centre,general_chat,,Littoral,neutral,4.4,True,False
QRY-004729,2026-07-07 13:03,SESS-001869,VIS-01870,voice_note,Pidgin,domestic,Far North,directions,Seme Beach Hotel,South West,neutral,4.0,True,False
QRY-005977,2026-07-07 13:21,SESS-002396,VIS-02397,text,French,foreign,Belgium,general_chat,,Centre,positive,3.6,True,False
QRY-004653,2026-07-07 13:30,SESS-001838,VIS-01839,text,English,foreign,Chad,opening_hours,Chez Carimo / Lobe Shacks,South,positive,3.8,True,False
QRY-004833,2026-07-07 13:56,SESS-001910,VIS-01911,text,Pidgin,domestic,West,pricing,Plage de Kribi (Tara Plage),South,neutral,3.4,True,False
QRY-003710,2026-07-07 14:10,SESS-001475,VIS-01476,text,Pidgin,domestic,East,opening_hours,Limbe Wildlife Centre,South West,positive,4.4,True,False
QRY-003123,2026-07-07 14:18,SESS-001245,VIS-01246,voice_note,English,domestic,Adamawa,transport_fare,Krystal Palace Douala,Littoral,positive,3.5,True,False
QRY-006135,2026-07-07 14:32,SESS-002448,VIS-02449,text,English,domestic,East,pricing,Hilton Yaounde,Centre,negative,0.8,True,False
QRY-003471,2026-07-07 14:48,SESS-001385,VIS-01386,text,English,domestic,Littoral,general_chat,,West,neutral,4.3,True,False
QRY-004412,2026-07-07 14:53,SESS-001738,VIS-01739,voice_note,French,domestic,Centre,general_chat,,North West,neutral,2.4,True,False
QRY-000130,2026-07-07 15:10,SESS-000059,VIS-00060,text,English,foreign,Canada,opening_hours,Krystal Palace Douala,Littoral,positive,0.8,True,False
QRY-005927,2026-07-07 16:21,SESS-002377,VIS-02378,text,French,domestic,Centre,directions,Pullman Douala Rabingha,Littoral,neutral,4.4,True,False
QRY-002231,2026-07-07 16:22,SESS-000892,VIS-00893,text,English,domestic,West,directions,Plage de Kribi (Tara Plage),South,positive,3.3,True,False
QRY-001515,2026-07-07 16:23,SESS-000606,VIS-00607,text,French,foreign,Gabon,opening_hours,Down Beach Roasted Fish Sheds,South West,positive,3.3,True,False
QRY-003285,2026-07-07 16:24,SESS-001315,VIS-01316,text,English,domestic,North,opening_hours,Marche Sandaga & Deido Soya,Littoral,positive,4.5,True,False
QRY-001815,2026-07-07 16:31,SESS-000722,VIS-00723,text,Pidgin,domestic,North West,transport_fare,Hilton Yaounde,Centre,positive,4.0,True,False
QRY-005866,2026-07-07 16:45,SESS-002354,VIS-02355,voice_note,French,domestic,Adamawa,pricing,Chez Carimo / Lobe Shacks,South,neutral,0.8,True,False
QRY-003780,2026-07-07 16:53,SESS-001507,VIS-01508,text,English,domestic,Littoral,transport_fare,Limbe Botanic Garden,South West,negative,2.5,True,False
QRY-003665,2026-07-07 16:56,SESS-001455,VIS-01456,text,French,foreign,Germany,pricing,Douala-Edea Wildlife Reserve,Littoral,neutral,3.9,True,False
QRY-001455,2026-07-07 18:00,SESS-000581,VIS-00582,text,French,foreign,Belgium,pricing,Down Beach Roasted Fish Sheds,South West,negative,2.7,True,False
QRY-000988,2026-07-07 18:32,SESS-000391,VIS-00392,text,French,domestic,Littoral,pricing,Limbe Botanic Garden,South West,positive,4.9,True,False
QRY-000485,2026-07-07 18:39,SESS-000204,VIS-00205,text,English,domestic,North West,pricing,Chez Carimo / Lobe Shacks,South,negative,2.3,True,False
QRY-005752,2026-07-07 19:06,SESS-002298,VIS-02299,voice_note,English,foreign,Chad,general_chat,,South,positive,2.8,True,False
QRY-001438,2026-07-07 19:09,SESS-000574,VIS-00575,text,English,foreign,Canada,booking_interest,Palais Royal de Foumban & Museum,West,positive,3.6,True,False
QRY-005447,2026-07-07 19:24,SESS-002167,VIS-02168,text,French,domestic,Far North,transport_fare,Les Gites de Kribi,South,positive,3.7,True,False
QRY-002384,2026-07-07 19:27,SESS-000954,VIS-00955,text,French,domestic,North West,transport_fare,Limbe Wildlife Centre,South West,neutral,3.3,True,False
QRY-006107,2026-07-07 20:00,SESS-002437,VIS-02438,text,English,foreign,South Africa,general_chat,,South West,positive,3.9,True,False
QRY-005796,2026-07-07 20:29,SESS-002319,VIS-02320,voice_note,French,foreign,Chad,booking_interest,L'Ovalie & La Fourchette,Littoral,neutral,3.8,True,False
QRY-004511,2026-07-07 20:43,SESS-001776,VIS-01777,text,French,domestic,East,cultural_info,Les Gites de Kribi,South,neutral,1.9,True,False
QRY-006085,2026-07-07 21:03,SESS-002427,VIS-02428,text,French,foreign,Germany,opening_hours,Domaine du Petpenoun,West,neutral,2.8,True,False
QRY-004562,2026-07-07 22:13,SESS-001801,VIS-01802,text,English,domestic,South,general_chat,,North West,neutral,3.5,True,False
QRY-001877,2026-07-07 22:17,SESS-000747,VIS-00748,text,French,foreign,Belgium,transport_fare,Monument de la Reunification,Centre,neutral,3.3,True,False
QRY-001262,2026-07-07 22:18,SESS-000502,VIS-00503,text,French,foreign,Germany,opening_hours,Chez Wou & La Salsa,Centre,positive,3.0,True,False
QRY-001778,2026-07-07 22:46,SESS-000711,VIS-00712,voice_note,English,domestic,South,cultural_info,Mont Febe & Golf Club,Centre,positive,2.9,True,False
QRY-005113,2026-07-07 22:59,SESS-002020,VIS-02021,text,French,domestic,Far North,transport_fare,Hotel Ilomba,South,neutral,3.7,True,False
QRY-004351,2026-07-08 06:06,SESS-001714,VIS-01715,text,French,domestic,South West,transport_fare,West Region Gastronomy Spots,West,positive,2.4,True,False
QRY-004245,2026-07-08 06:12,SESS-001677,VIS-01678,voice_note,Pidgin,domestic,East,directions,Hotel Ilomba,South,neutral,3.0,True,False
QRY-001811,2026-07-08 06:48,SESS-000720,VIS-00721,text,French,domestic,North West,pricing,L'Ovalie & La Fourchette,Littoral,neutral,2.3,True,False
QRY-004680,2026-07-08 06:58,SESS-001849,VIS-01850,voice_note,English,foreign,South Africa,directions,Artisanal Village & Flower Market,Littoral,positive,2.0,True,False
QRY-005936,2026-07-08 07:14,SESS-002380,VIS-02381,text,English,domestic,West,cultural_info,Chez Wou & La Salsa,Centre,neutral,3.4,True,False
QRY-004723,2026-07-08 07:18,SESS-001867,VIS-01868,text,French,domestic,South,transport_fare,Marche Sandaga & Deido Soya,Littoral,positive,2.9,True,False
QRY-003999,2026-07-08 07:23,SESS-001584,VIS-01585,text,Pidgin,foreign,France,pricing,Hotel Ilomba,South,neutral,4.5,False,False
QRY-001219,2026-07-08 08:08,SESS-000483,VIS-00484,text,French,foreign,France,pricing,Hilton Yaounde,Centre,positive,2.9,True,False
QRY-001358,2026-07-08 08:11,SESS-000537,VIS-00538,voice_note,Pidgin,domestic,Centre,pricing,Les Gites de Kribi,South,neutral,2.8,True,False
QRY-002963,2026-07-08 08:27,SESS-001168,VIS-01169,text,French,domestic,North,cultural_info,Limbe Botanic Garden,South West,neutral,3.6,True,False
QRY-004020,2026-07-08 08:32,SESS-001590,VIS-01591,text,French,foreign,China,general_chat,,South,neutral,2.7,True,False
QRY-004608,2026-07-08 09:02,SESS-001822,VIS-01823,text,English,domestic,Littoral,directions,Rue des Artisans,West,positive,5.1,True,False
QRY-003346,2026-07-08 09:13,SESS-001341,VIS-01342,text,English,foreign,Canada,transport_fare,Limbe Wildlife Centre,South West,neutral,4.7,True,False
QRY-005799,2026-07-08 10:12,SESS-002320,VIS-02321,voice_note,French,foreign,South Africa,booking_interest,FINI Hotel Bobende,South West,neutral,1.9,True,False
QRY-003932,2026-07-08 10:18,SESS-001562,VIS-01563,voice_note,French,foreign,China,transport_fare,L'Ovalie & La Fourchette,Littoral,neutral,3.6,True,False
QRY-001888,2026-07-08 10:36,SESS-000753,VIS-00754,text,French,domestic,South West,general_chat,,Centre,positive,2.9,True,False
QRY-001527,2026-07-08 10:41,SESS-000609,VIS-00610,text,French,domestic,Littoral,transport_fare,Hilton Yaounde,Centre,positive,2.3,True,False
QRY-003233,2026-07-08 11:11,SESS-001295,VIS-01296,text,French,domestic,North West,directions,Chez Carimo / Lobe Shacks,South,positive,3.3,True,False
QRY-003746,2026-07-08 11:19,SESS-001491,VIS-01492,text,English,domestic,South,opening_hours,Star Land Hotel Bastos,Centre,negative,2.5,True,False
QRY-001290,2026-07-08 11:20,SESS-000508,VIS-00509,text,English,foreign,France,directions,Palais des Rois Bell (Pagode),Littoral,positive,4.2,True,False
QRY-004207,2026-07-08 12:36,SESS-001665,VIS-01666,voice_note,Pidgin,domestic,North,directions,Krystal Palace Douala,Littoral,positive,3.6,True,False
QRY-005907,2026-07-08 12:40,SESS-002367,VIS-02368,text,Pidgin,domestic,Littoral,booking_interest,Limbe Wildlife Centre,South West,positive,3.2,True,False
QRY-003325,2026-07-08 13:08,SESS-001332,VIS-01333,voice_note,French,domestic,Adamawa,transport_fare,Down Beach Roasted Fish Sheds,South West,negative,3.1,True,False
QRY-003838,2026-07-08 13:09,SESS-001533,VIS-01534,voice_note,English,domestic,South,cultural_info,L'Ovalie & La Fourchette,Littoral,positive,3.7,True,False
QRY-003160,2026-07-08 13:32,SESS-001264,VIS-01265,text,French,foreign,USA,pricing,Down Beach Roasted Fish Sheds,South West,neutral,2.0,True,False
QRY-004273,2026-07-08 13:38,SESS-001685,VIS-01686,voice_note,English,domestic,North West,cultural_info,Musee Maritime de Douala,Littoral,neutral,3.6,True,False
QRY-005251,2026-07-08 13:42,SESS-002085,VIS-02086,text,English,domestic,Centre,directions,Star Land Hotel Bastos,Centre,positive,2.9,True,False
QRY-001322,2026-07-08 13:43,SESS-000522,VIS-00523,voice_note,Pidgin,foreign,Equatorial Guinea,booking_interest,Les Gites de Kribi,South,negative,4.3,True,False
QRY-002026,2026-07-08 14:08,SESS-000805,VIS-00806,text,Pidgin,domestic,East,pricing,Krystal Palace Douala,Littoral,positive,3.5,True,False
QRY-005312,2026-07-08 14:26,SESS-002110,VIS-02111,text,French,foreign,Equatorial Guinea,transport_fare,Plage de Kribi (Tara Plage),South,positive,5.0,True,False
QRY-003455,2026-07-08 14:35,SESS-001378,VIS-01379,voice_note,French,domestic,Far North,cultural_info,Star Land Hotel Bastos,Centre,negative,2.5,True,False
QRY-002929,2026-07-08 14:35,SESS-001156,VIS-01157,voice_note,English,domestic,Centre,booking_interest,Marche Sandaga & Deido Soya,Littoral,neutral,2.9,True,False
QRY-003375,2026-07-08 14:59,SESS-001350,VIS-01351,text,French,domestic,Littoral,pricing,Bimbia Slave Trade Port,South West,neutral,3.3,True,False
QRY-003648,2026-07-08 15:13,SESS-001448,VIS-01449,text,French,domestic,Far North,directions,Seme Beach Hotel,South West,neutral,3.7,True,False
QRY-001278,2026-07-08 16:03,SESS-000506,VIS-00507,voice_note,French,domestic,South,transport_fare,Palais Royal de Foumban & Museum,West,positive,4.8,True,False
QRY-002181,2026-07-08 16:11,SESS-000868,VIS-00869,text,English,domestic,North West,transport_fare,Mefou Primate Sanctuary,Centre,neutral,4.0,True,False
QRY-003739,2026-07-08 16:42,SESS-001487,VIS-01488,voice_note,French,domestic,Far North,cultural_info,Palais Royal de Foumban & Museum,West,negative,3.3,True,False
QRY-001846,2026-07-08 17:01,SESS-000736,VIS-00737,text,English,domestic,Far North,emergency_sos,Limbe Botanic Garden,South West,neutral,1.2,False,True
QRY-006141,2026-07-08 17:13,SESS-002450,VIS-02451,voice_note,French,domestic,North West,booking_interest,Musee Maritime de Douala,Littoral,positive,3.1,True,False
QRY-000761,2026-07-08 17:28,SESS-000302,VIS-00303,voice_note,Pidgin,foreign,Nigeria,opening_hours,Hilton Yaounde,Centre,neutral,6.0,True,False
QRY-002175,2026-07-08 17:39,SESS-000866,VIS-00867,text,French,domestic,Centre,cultural_info,FINI Hotel Bobende,South West,neutral,2.4,True,False
QRY-000051,2026-07-08 18:06,SESS-000021,VIS-00022,text,English,domestic,East,pricing,Chez Wou & La Salsa,Centre,neutral,3.2,True,False
QRY-002045,2026-07-08 18:23,SESS-000814,VIS-00815,text,French,foreign,Belgium,pricing,Chutes de la Lobe,South,negative,2.7,True,False
QRY-005980,2026-07-08 18:42,SESS-002397,VIS-02398,voice_note,English,foreign,Nigeria,transport_fare,Hotel Ilomba,South,neutral,2.9,True,False
QRY-005673,2026-07-08 18:50,SESS-002263,VIS-02264,text,French,domestic,Far North,booking_interest,Marche Sandaga & Deido Soya,Littoral,positive,4.7,True,False
QRY-004598,2026-07-08 19:22,SESS-001818,VIS-01819,text,English,domestic,South,cultural_info,Down Beach & Batoke Beach,South West,neutral,1.7,True,False
QRY-001365,2026-07-08 19:25,SESS-000540,VIS-00541,text,English,foreign,Equatorial Guinea,transport_fare,Hotel Zingana,West,negative,4.2,True,False
QRY-002905,2026-07-08 19:26,SESS-001146,VIS-01147,voice_note,English,domestic,West,cultural_info,Palais Royal de Foumban & Museum,West,positive,3.3,True,False
QRY-001138,2026-07-08 19:51,SESS-000451,VIS-00452,text,French,domestic,North West,opening_hours,Star Land Hotel Bastos,Centre,positive,3.2,True,False
QRY-005327,2026-07-08 20:01,SESS-002116,VIS-02117,voice_note,French,domestic,Adamawa,pricing,L'Ovalie & La Fourchette,Littoral,neutral,2.5,True,False
QRY-000128,2026-07-08 20:17,SESS-000057,VIS-00058,text,English,foreign,Gabon,opening_hours,Les Gites de Kribi,South,negative,0.9,True,False
QRY-001672,2026-07-08 20:31,SESS-000668,VIS-00669,voice_note,Pidgin,domestic,Adamawa,transport_fare,Down Beach Roasted Fish Sheds,South West,negative,4.4,True,False
QRY-003118,2026-07-08 20:32,SESS-001244,VIS-01245,text,English,domestic,Adamawa,cultural_info,Hotel Ilomba,South,neutral,4.6,True,False
QRY-001547,2026-07-08 20:46,SESS-000617,VIS-00618,voice_note,French,foreign,UK,directions,Musee Maritime de Douala,Littoral,neutral,2.6,True,False
QRY-003861,2026-07-08 21:05,SESS-001539,VIS-01540,text,French,domestic,Centre,general_chat,,East,neutral,2.9,True,False
QRY-003805,2026-07-08 21:21,SESS-001518,VIS-01519,text,French,foreign,Chad,pricing,Hotel Ilomba,South,positive,2.2,True,False
QRY-003809,2026-07-08 21:26,SESS-001520,VIS-01521,voice_note,French,foreign,China,pricing,Hotel Zingana,West,negative,3.6,True,False
QRY-001231,2026-07-08 21:48,SESS-000489,VIS-00490,text,English,foreign,Equatorial Guinea,directions,Bimbia Slave Trade Port,South West,neutral,5.2,True,False
QRY-004218,2026-07-08 22:06,SESS-001668,VIS-01669,text,English,foreign,Canada,pricing,Down Beach Roasted Fish Sheds,South West,neutral,3.9,True,False
QRY-005266,2026-07-08 22:18,SESS-002091,VIS-02092,text,French,domestic,West,pricing,Mefou Primate Sanctuary,Centre,positive,4.4,True,False
QRY-001662,2026-07-08 22:38,SESS-000664,VIS-00665,text,English,domestic,Far North,booking_interest,Mvog-Betsi Zoo & Botanical Garden,Centre,positive,3.4,True,False
QRY-003377,2026-07-09 06:01,SESS-001351,VIS-01352,voice_note,French,domestic,North West,opening_hours,Palais des Rois Bell (Pagode),Littoral,neutral,3.5,True,False
QRY-002148,2026-07-09 06:17,SESS-000855,VIS-00856,text,English,foreign,Nigeria,booking_interest,Chutes de la Lobe,South,positive,5.3,True,False
QRY-000487,2026-07-09 06:38,SESS-000205,VIS-00206,text,English,foreign,Belgium,general_chat,,North West,neutral,3.6,True,False
QRY-001098,2026-07-09 06:59,SESS-000431,VIS-00432,text,English,domestic,East,general_chat,,Centre,neutral,3.3,True,False
QRY-004807,2026-07-09 07:06,SESS-001899,VIS-01900,voice_note,French,domestic,Littoral,directions,Marche Sandaga & Deido Soya,Littoral,neutral,3.9,True,False
QRY-005360,2026-07-09 07:09,SESS-002133,VIS-02134,text,French,foreign,Gabon,pricing,Hotel Ilomba,South,neutral,3.1,True,False
QRY-000812,2026-07-09 07:16,SESS-000320,VIS-00321,voice_note,French,domestic,Far North,general_chat,,Centre,positive,1.1,True,False
QRY-001383,2026-07-09 07:38,SESS-000550,VIS-00551,voice_note,French,domestic,South,cultural_info,Hotel Ilomba,South,positive,3.2,True,False
QRY-006161,2026-07-09 07:41,SESS-002460,VIS-02461,voice_note,English,domestic,North West,cultural_info,Palais Royal de Foumban & Museum,West,neutral,4.0,True,False
QRY-005622,2026-07-09 07:54,SESS-002239,VIS-02240,text,French,domestic,North West,opening_hours,Chutes de la Lobe,South,positive,3.3,True,False
QRY-004281,2026-07-09 08:07,SESS-001685,VIS-01686,voice_note,English,foreign,South Africa,cultural_info,Chez Wou & La Salsa,Centre,positive,3.7,True,False
QRY-004878,2026-07-09 08:22,SESS-001929,VIS-01930,text,English,domestic,Littoral,general_chat,,Adamawa,positive,2.5,True,False
QRY-004884,2026-07-09 08:39,SESS-001933,VIS-01934,text,French,domestic,West,opening_hours,Mount Cameroon (Upper Farms),South West,positive,2.8,True,False
QRY-005623,2026-07-09 08:49,SESS-002239,VIS-02240,text,French,domestic,Littoral,transport_fare,Rue des Artisans,West,neutral,3.5,True,False
QRY-004290,2026-07-09 09:08,SESS-001686,VIS-01687,text,French,foreign,Canada,booking_interest,Rue des Artisans,West,neutral,3.8,True,False
QRY-000088,2026-07-09 09:10,SESS-000038,VIS-00039,text,English,domestic,Far North,pricing,Mvog-Betsi Zoo & Botanical Garden,Centre,neutral,2.0,True,False
QRY-004814,2026-07-09 09:26,SESS-001900,VIS-01901,voice_note,English,foreign,Chad,transport_fare,Grand Batanga & Luma Museum,South,negative,3.0,True,False
QRY-001090,2026-07-09 09:59,SESS-000428,VIS-00429,text,French,domestic,North West,pricing,Chez Carimo / Lobe Shacks,South,positive,3.6,True,False
QRY-000037,2026-07-09 10:05,SESS-000014,VIS-00015,voice_note,English,domestic,Centre,cultural_info,Down Beach & Batoke Beach,South West,neutral,3.4,True,False
QRY-003385,2026-07-09 10:12,SESS-001353,VIS-01354,voice_note,English,foreign,Gabon,opening_hours,Krystal Palace Douala,Littoral,neutral,3.0,True,False
QRY-001585,2026-07-09 10:23,SESS-000627,VIS-00628,text,English,foreign,South Africa,cultural_info,Monument de la Reunification,Centre,neutral,2.1,True,False
QRY-005577,2026-07-09 10:41,SESS-002223,VIS-02224,voice_note,French,domestic,Far North,transport_fare,Plage de Kribi (Tara Plage),South,neutral,4.6,True,False
QRY-004257,2026-07-09 10:45,SESS-001679,VIS-01680,voice_note,English,domestic,Far North,pricing,Les Gites de Kribi,South,positive,3.7,True,False
QRY-004558,2026-07-09 10:46,SESS-001800,VIS-01801,text,French,domestic,Centre,directions,Mont Febe & Golf Club,Centre,positive,3.2,True,False
QRY-000832,2026-07-09 11:00,SESS-000328,VIS-00329,text,English,foreign,Chad,cultural_info,Limbe Wildlife Centre,South West,positive,2.4,True,False
QRY-001613,2026-07-09 11:35,SESS-000640,VIS-00641,text,French,foreign,China,transport_fare,Star Land Hotel Bastos,Centre,neutral,2.4,True,False
QRY-005613,2026-07-09 11:56,SESS-002237,VIS-02238,text,Pidgin,domestic,West,pricing,FINI Hotel Bobende,South West,positive,3.4,True,False
QRY-002735,2026-07-09 12:11,SESS-001082,VIS-01083,text,French,foreign,China,pricing,Chutes de la Lobe,South,neutral,3.7,True,False
QRY-001729,2026-07-09 12:12,SESS-000691,VIS-00692,text,Pidgin,domestic,South,directions,Plage de Kribi (Tara Plage),South,positive,2.6,True,False
QRY-002373,2026-07-09 12:35,SESS-000949,VIS-00950,text,English,domestic,Littoral,transport_fare,Seme Beach Hotel,South West,positive,5.1,True,False
QRY-001678,2026-07-09 14:51,SESS-000669,VIS-00670,text,French,foreign,Belgium,cultural_info,Hilton Yaounde,Centre,positive,2.2,True,False
QRY-004160,2026-07-09 14:54,SESS-001644,VIS-01645,voice_note,French,foreign,Nigeria,opening_hours,Chutes d'Ekom Nkam,Littoral,positive,2.6,True,False
QRY-004682,2026-07-09 15:13,SESS-001850,VIS-01851,text,French,domestic,North West,booking_interest,Hotel Zingana,West,positive,3.5,True,False
QRY-002962,2026-07-09 15:33,SESS-001168,VIS-01169,text,English,domestic,Littoral,directions,Plage de Kribi (Tara Plage),South,positive,4.2,True,False
QRY-000491,2026-07-09 15:37,SESS-000206,VIS-00207,text,English,domestic,Adamawa,pricing,Plage de Kribi (Tara Plage),South,negative,3.4,True,False
QRY-004568,2026-07-09 15:43,SESS-001802,VIS-01803,text,English,domestic,Littoral,booking_interest,Plage de Kribi (Tara Plage),South,positive,3.4,True,False
QRY-002505,2026-07-09 15:51,SESS-000999,VIS-01000,text,French,domestic,Adamawa,transport_fare,Chez Wou & La Salsa,Centre,neutral,3.2,True,False
QRY-000250,2026-07-09 15:52,SESS-000115,VIS-00116,text,French,domestic,Centre,opening_hours,Palais Royal de Foumban & Museum,West,positive,2.8,True,False
QRY-005525,2026-07-09 16:18,SESS-002200,VIS-02201,text,English,domestic,Centre,booking_interest,FINI Hotel Bobende,South West,neutral,2.7,True,False
QRY-001768,2026-07-09 16:46,SESS-000708,VIS-00709,voice_note,English,domestic,South,pricing,Mount Cameroon (Upper Farms),South West,positive,2.2,False,False
QRY-003848,2026-07-09 16:47,SESS-001535,VIS-01536,text,Pidgin,domestic,Adamawa,booking_interest,Limbe Wildlife Centre,South West,neutral,1.2,True,False
QRY-000098,2026-07-09 16:50,SESS-000045,VIS-00046,voice_note,Pidgin,domestic,Littoral,general_chat,,Adamawa,positive,2.1,True,False
QRY-000251,2026-07-09 17:22,SESS-000115,VIS-00116,voice_note,English,domestic,North West,general_chat,,Littoral,neutral,4.6,True,False
QRY-002193,2026-07-09 17:37,SESS-000872,VIS-00873,voice_note,English,foreign,France,directions,Mont Febe & Golf Club,Centre,neutral,4.3,True,False
QRY-002137,2026-07-09 17:39,SESS-000849,VIS-00850,text,English,foreign,Chad,opening_hours,Star Land Hotel Bastos,Centre,positive,3.3,True,False
QRY-002901,2026-07-09 17:47,SESS-001144,VIS-01145,text,English,foreign,USA,opening_hours,West Region Gastronomy Spots,West,neutral,3.5,True,False
QRY-005084,2026-07-09 18:00,SESS-002011,VIS-02012,voice_note,Pidgin,foreign,Belgium,directions,Hotel Ilomba,South,neutral,4.7,True,False
QRY-002079,2026-07-09 18:09,SESS-000828,VIS-00829,voice_note,English,foreign,Canada,pricing,Krystal Palace Douala,Littoral,neutral,3.8,True,False
QRY-000507,2026-07-09 18:24,SESS-000213,VIS-00214,text,French,domestic,Littoral,pricing,Krystal Palace Douala,Littoral,neutral,3.2,True,False
QRY-000815,2026-07-09 18:51,SESS-000321,VIS-00322,voice_note,English,domestic,North West,cultural_info,Palais Royal de Foumban & Museum,West,positive,2.0,True,False
QRY-003460,2026-07-09 18:57,SESS-001380,VIS-01381,text,French,foreign,South Africa,transport_fare,Limbe Wildlife Centre,South West,neutral,3.1,True,False
QRY-003147,2026-07-09 19:12,SESS-001257,VIS-01258,voice_note,French,domestic,Adamawa,pricing,Limbe Botanic Garden,South West,neutral,4.4,True,False
QRY-002989,2026-07-09 19:19,SESS-001179,VIS-01180,text,Pidgin,foreign,South Africa,transport_fare,Limbe Wildlife Centre,South West,negative,4.3,True,False
QRY-000717,2026-07-09 19:34,SESS-000286,VIS-00287,voice_note,French,domestic,South West,general_chat,,South West,positive,3.0,True,False
QRY-001961,2026-07-09 19:38,SESS-000783,VIS-00784,text,French,domestic,West,cultural_info,Down Beach & Batoke Beach,South West,neutral,3.5,True,False
QRY-005215,2026-07-09 20:03,SESS-002068,VIS-02069,text,French,foreign,Belgium,booking_interest,Grand Batanga & Luma Museum,South,neutral,2.7,True,False
QRY-003394,2026-07-09 20:06,SESS-001356,VIS-01357,voice_note,English,domestic,Centre,opening_hours,Krystal Palace Douala,Littoral,neutral,3.3,True,False
QRY-002421,2026-07-09 20:15,SESS-000965,VIS-00966,voice_note,French,domestic,East,general_chat,,East,negative,3.9,True,False
QRY-005494,2026-07-09 20:45,SESS-002185,VIS-02186,text,English,foreign,USA,transport_fare,Mvog-Betsi Zoo & Botanical Garden,Centre,neutral,2.9,True,False
QRY-004098,2026-07-09 20:49,SESS-001622,VIS-01623,text,English,foreign,Canada,transport_fare,Grand Batanga & Luma Museum,South,neutral,3.3,True,False
QRY-000521,2026-07-09 20:58,SESS-000220,VIS-00221,voice_note,French,foreign,Gabon,cultural_info,Chutes d'Ekom Nkam,Littoral,neutral,3.3,True,False
QRY-003189,2026-07-09 21:44,SESS-001275,VIS-01276,text,English,domestic,West,transport_fare,Grand Batanga & Luma Museum,South,positive,4.3,True,False
QRY-003983,2026-07-09 21:47,SESS-001575,VIS-01576,voice_note,English,domestic,South,cultural_info,Grand Batanga & Luma Museum,South,neutral,1.5,True,False
QRY-003980,2026-07-09 21:48,SESS-001573,VIS-01574,text,French,domestic,Far North,general_chat,,Centre,neutral,3.9,False,False
QRY-005353,2026-07-09 21:51,SESS-002130,VIS-02131,voice_note,French,domestic,North West,directions,Limbe Wildlife Centre,South West,neutral,2.9,True,False
QRY-002658,2026-07-09 21:53,SESS-001051,VIS-01052,text,French,domestic,North West,cultural_info,Bimbia Slave Trade Port,South West,positive,3.4,True,False
QRY-000275,2026-07-09 22:07,SESS-000125,VIS-00126,text,English,foreign,Belgium,pricing,Down Beach Roasted Fish Sheds,South West,neutral,1.9,True,False
QRY-000683,2026-07-09 22:16,SESS-000276,VIS-00277,text,English,foreign,China,directions,Mont Febe & Golf Club,Centre,neutral,3.0,True,False
QRY-001421,2026-07-09 22:18,SESS-000568,VIS-00569,text,French,domestic,North,booking_interest,Chutes de la Lobe,South,positive,3.2,True,False
QRY-002932,2026-07-09 22:33,SESS-001156,VIS-01157,text,English,domestic,Far North,pricing,Artisanal Village & Flower Market,Littoral,neutral,5.0,True,False
QRY-000282,2026-07-09 22:43,SESS-000128,VIS-00129,voice_note,English,domestic,North,pricing,Star Land Hotel Bastos,Centre,neutral,4.6,True,False
QRY-003016,2026-07-10 06:23,SESS-001187,VIS-01188,text,French,foreign,Chad,cultural_info,Down Beach & Batoke Beach,South West,neutral,4.2,True,False
QRY-006198,2026-07-10 06:40,SESS-002475,VIS-02476,text,French,domestic,East,emergency_sos,Mount Cameroon (Upper Farms),South West,neutral,1.4,True,True
QRY-003047,2026-07-10 06:57,SESS-001204,VIS-01205,text,English,domestic,Littoral,opening_hours,Mount Cameroon (Upper Farms),South West,positive,3.6,True,False
QRY-002610,2026-07-10 07:03,SESS-001034,VIS-01035,voice_note,French,domestic,Littoral,opening_hours,Hotel Ilomba,South,neutral,3.1,True,False
QRY-000819,2026-07-10 07:07,SESS-000322,VIS-00323,text,French,foreign,South Africa,emergency_sos,Krystal Palace Douala,Littoral,neutral,1.8,True,True
QRY-003268,2026-07-10 07:17,SESS-001306,VIS-01307,text,French,foreign,Nigeria,pricing,Marche Sandaga & Deido Soya,Littoral,neutral,3.1,True,False
QRY-003674,2026-07-10 07:19,SESS-001456,VIS-01457,text,French,domestic,East,transport_fare,Down Beach Roasted Fish Sheds,South West,neutral,4.1,True,False
QRY-004678,2026-07-10 07:26,SESS-001849,VIS-01850,text,French,domestic,East,opening_hours,Hilton Yaounde,Centre,neutral,2.6,True,False
QRY-004453,2026-07-10 07:30,SESS-001753,VIS-01754,text,French,domestic,Littoral,booking_interest,Marche Sandaga & Deido Soya,Littoral,positive,4.2,True,False
QRY-001851,2026-07-10 08:25,SESS-000737,VIS-00738,text,English,domestic,East,pricing,Seme Beach Hotel,South West,negative,2.1,True,False
QRY-001605,2026-07-10 08:55,SESS-000636,VIS-00637,voice_note,French,foreign,Germany,directions,Palais Royal de Foumban & Museum,West,neutral,2.6,True,False
QRY-001611,2026-07-10 09:06,SESS-000638,VIS-00639,text,French,foreign,USA,pricing,Musee Maritime de Douala,Littoral,positive,4.8,True,False
QRY-000967,2026-07-10 09:32,SESS-000382,VIS-00383,text,English,domestic,South West,directions,Campo Ma'an National Park,South,neutral,3.4,True,False
QRY-003619,2026-07-10 09:42,SESS-001437,VIS-01438,voice_note,French,domestic,Far North,directions,Limbe Botanic Garden,South West,neutral,4.5,True,False
QRY-005930,2026-07-10 09:46,SESS-002378,VIS-02379,text,English,foreign,Equatorial Guinea,general_chat,,Adamawa,positive,3.3,True,False
QRY-002017,2026-07-10 09:53,SESS-000802,VIS-00803,voice_note,Pidgin,foreign,China,transport_fare,Musee Maritime de Douala,Littoral,neutral,2.6,True,False
QRY-003955,2026-07-10 10:02,SESS-001566,VIS-01567,text,French,domestic,South West,directions,Mount Cameroon (Upper Farms),South West,positive,4.8,True,False
QRY-000460,2026-07-10 10:23,SESS-000197,VIS-00198,text,French,domestic,Centre,opening_hours,Limbe Botanic Garden,South West,neutral,4.1,True,False
QRY-000466,2026-07-10 10:43,SESS-000199,VIS-00200,text,French,domestic,Centre,general_chat,,Littoral,neutral,3.4,True,False
QRY-000987,2026-07-10 11:04,SESS-000391,VIS-00392,text,French,domestic,West,booking_interest,Grand Batanga & Luma Museum,South,neutral,5.0,True,False
QRY-001941,2026-07-10 11:05,SESS-000774,VIS-00775,text,English,domestic,Littoral,directions,FINI Hotel Bobende,South West,positive,2.6,True,False
QRY-004398,2026-07-10 11:15,SESS-001731,VIS-01732,voice_note,English,domestic,Centre,opening_hours,Palais des Rois Bell (Pagode),Littoral,positive,3.5,True,False
QRY-004217,2026-07-10 11:36,SESS-001668,VIS-01669,text,English,domestic,Littoral,opening_hours,Mvog-Betsi Zoo & Botanical Garden,Centre,positive,2.8,True,False
QRY-004551,2026-07-10 12:00,SESS-001795,VIS-01796,text,French,domestic,North West,cultural_info,Star Land Hotel Bastos,Centre,positive,4.5,True,False
QRY-000307,2026-07-10 12:14,SESS-000139,VIS-00140,text,French,domestic,North West,directions,Musee Maritime de Douala,Littoral,neutral,0.8,True,False
QRY-006194,2026-07-10 12:40,SESS-002472,VIS-02473,voice_note,French,domestic,West,cultural_info,Chez Wou & La Salsa,Centre,neutral,3.8,True,False
QRY-005865,2026-07-10 12:55,SESS-002353,VIS-02354,text,English,domestic,South,directions,Chez Wou & La Salsa,Centre,neutral,4.3,True,False
QRY-003195,2026-07-10 13:07,SESS-001277,VIS-01278,voice_note,French,foreign,Equatorial Guinea,cultural_info,Chutes de la Lobe,South,negative,2.9,False,False
QRY-001348,2026-07-10 13:09,SESS-000533,VIS-00534,text,English,domestic,Adamawa,directions,Rue des Artisans,West,neutral,3.4,True,False
QRY-001688,2026-07-10 13:22,SESS-000676,VIS-00677,text,English,foreign,Nigeria,pricing,FINI Hotel Bobende,South West,positive,1.3,True,False
QRY-005791,2026-07-10 13:24,SESS-002315,VIS-02316,voice_note,French,domestic,East,transport_fare,Hotel Zingana,West,neutral,1.7,True,False
QRY-003105,2026-07-10 13:51,SESS-001236,VIS-01237,voice_note,French,foreign,Germany,general_chat,,Centre,neutral,3.4,True,False
QRY-002263,2026-07-10 14:07,SESS-000905,VIS-00906,text,French,foreign,USA,directions,Hotel Zingana,West,neutral,3.2,True,False
QRY-000058,2026-07-10 14:33,SESS-000023,VIS-00024,text,English,domestic,South,directions,Rue des Artisans,West,neutral,2.3,True,False
QRY-005920,2026-07-10 14:48,SESS-002374,VIS-02375,text,French,domestic,Centre,opening_hours,Down Beach Roasted Fish Sheds,South West,neutral,1.4,True,False
QRY-001223,2026-07-10 14:59,SESS-000485,VIS-00486,text,English,foreign,USA,general_chat,,East,positive,3.1,True,False
QRY-000648,2026-07-10 15:09,SESS-000265,VIS-00266,text,French,domestic,North West,directions,Star Land Hotel Bastos,Centre,neutral,3.9,True,False
QRY-003430,2026-07-10 15:42,SESS-001369,VIS-01370,text,English,domestic,West,cultural_info,Douala-Edea Wildlife Reserve,Littoral,neutral,3.6,True,False
QRY-002460,2026-07-10 15:51,SESS-000985,VIS-00986,text,Pidgin,domestic,South West,transport_fare,Chutes de la Lobe,South,positive,3.4,True,False
QRY-001996,2026-07-10 15:51,SESS-000792,VIS-00793,text,Pidgin,domestic,Littoral,pricing,Mvog-Betsi Zoo & Botanical Garden,Centre,negative,3.6,True,False
QRY-000315,2026-07-10 15:58,SESS-000142,VIS-00143,text,French,domestic,Centre,pricing,Plage de Kribi (Tara Plage),South,positive,2.5,True,False
QRY-002864,2026-07-10 16:15,SESS-001129,VIS-01130,text,French,domestic,Littoral,directions,Musee Maritime de Douala,Littoral,positive,2.7,True,False
QRY-002595,2026-07-10 16:21,SESS-001033,VIS-01034,text,English,domestic,Littoral,directions,Bimbia Slave Trade Port,South West,negative,3.0,True,False
QRY-001805,2026-07-10 16:33,SESS-000720,VIS-00721,text,French,foreign,Belgium,cultural_info,Marche Sandaga & Deido Soya,Littoral,positive,3.0,True,False
QRY-000312,2026-07-10 16:51,SESS-000140,VIS-00141,text,French,domestic,Centre,transport_fare,Chutes de la Lobe,South,neutral,4.1,True,False
QRY-002423,2026-07-10 16:55,SESS-000967,VIS-00968,text,English,domestic,Centre,booking_interest,Limbe Wildlife Centre,South West,negative,2.1,True,False
QRY-000246,2026-07-10 17:36,SESS-000112,VIS-00113,text,English,domestic,Littoral,directions,Grand Batanga & Luma Museum,South,positive,5.2,True,False
QRY-001912,2026-07-10 17:39,SESS-000759,VIS-00760,text,French,foreign,UK,booking_interest,Monument de la Reunification,Centre,neutral,4.3,True,False
QRY-005635,2026-07-10 18:20,SESS-002247,VIS-02248,text,Pidgin,foreign,Canada,general_chat,,Far North,neutral,3.2,True,False
QRY-005097,2026-07-10 18:20,SESS-002014,VIS-02015,text,Pidgin,foreign,UK,cultural_info,Hilton Yaounde,Centre,neutral,3.7,True,False
QRY-000318,2026-07-10 18:27,SESS-000142,VIS-00143,text,English,foreign,Equatorial Guinea,pricing,Bimbia Slave Trade Port,South West,positive,3.2,True,False
QRY-000241,2026-07-10 18:27,SESS-000111,VIS-00112,text,English,foreign,UK,opening_hours,Les Gites de Kribi,South,neutral,3.0,True,False
QRY-005736,2026-07-10 18:30,SESS-002290,VIS-02291,text,French,domestic,Adamawa,emergency_sos,Mont Febe & Golf Club,Centre,negative,2.8,True,True
QRY-004576,2026-07-10 18:39,SESS-001808,VIS-01809,text,French,foreign,China,directions,Chez Carimo / Lobe Shacks,South,neutral,5.4,True,False
QRY-001577,2026-07-10 18:49,SESS-000624,VIS-00625,text,French,domestic,Centre,cultural_info,Musee Maritime de Douala,Littoral,neutral,1.5,False,False
QRY-005662,2026-07-10 18:58,SESS-002258,VIS-02259,text,English,domestic,Littoral,pricing,Hotel Ilomba,South,negative,2.5,True,False
QRY-005421,2026-07-10 19:00,SESS-002155,VIS-02156,text,Pidgin,foreign,South Africa,general_chat,,North,positive,3.2,True,False
QRY-001332,2026-07-10 19:07,SESS-000529,VIS-00530,text,English,domestic,East,emergency_sos,Down Beach Roasted Fish Sheds,South West,negative,1.3,False,True
QRY-003017,2026-07-10 19:22,SESS-001188,VIS-01189,voice_note,English,foreign,Belgium,pricing,Chutes d'Ekom Nkam,Littoral,neutral,4.2,True,False
QRY-002840,2026-07-10 19:28,SESS-001117,VIS-01118,voice_note,English,domestic,South West,cultural_info,Down Beach & Batoke Beach,South West,positive,2.1,True,False
QRY-001209,2026-07-10 19:34,SESS-000478,VIS-00479,text,French,domestic,South,pricing,Hotel Ilomba,South,neutral,2.7,False,False
QRY-003294,2026-07-10 19:36,SESS-001317,VIS-01318,text,French,domestic,Centre,directions,Star Land Hotel Bastos,Centre,neutral,2.6,True,False
QRY-002155,2026-07-10 19:51,SESS-000859,VIS-00860,voice_note,English,domestic,Centre,transport_fare,Down Beach & Batoke Beach,South West,positive,3.2,True,False
QRY-002823,2026-07-10 19:51,SESS-001111,VIS-01112,text,French,foreign,USA,transport_fare,Monument de la Reunification,Centre,neutral,3.2,False,False
QRY-001967,2026-07-10 20:02,SESS-000785,VIS-00786,text,French,domestic,Littoral,pricing,West Region Gastronomy Spots,West,neutral,3.3,True,False
QRY-001151,2026-07-10 20:38,SESS-000456,VIS-00457,voice_note,Pidgin,foreign,France,general_chat,,North,positive,1.7,True,False
QRY-000054,2026-07-10 20:42,SESS-000022,VIS-00023,text,English,domestic,Centre,booking_interest,L'Ovalie & La Fourchette,Littoral,neutral,2.2,True,False
QRY-003157,2026-07-10 20:50,SESS-001261,VIS-01262,text,French,domestic,South West,transport_fare,Limbe Botanic Garden,South West,neutral,4.0,True,False
QRY-004150,2026-07-10 21:07,SESS-001640,VIS-01641,text,English,foreign,Canada,cultural_info,Chez Carimo / Lobe Shacks,South,positive,2.3,True,False
QRY-001339,2026-07-10 21:36,SESS-000530,VIS-00531,text,French,foreign,Canada,pricing,Grand Batanga & Luma Museum,South,neutral,5.6,True,False
QRY-005144,2026-07-10 21:41,SESS-002035,VIS-02036,voice_note,French,domestic,Centre,cultural_info,Chez Wou & La Salsa,Centre,positive,2.6,True,False
QRY-003540,2026-07-10 21:43,SESS-001409,VIS-01410,voice_note,French,foreign,Nigeria,cultural_info,Hilton Yaounde,Centre,negative,3.6,True,False
QRY-002298,2026-07-10 21:51,SESS-000914,VIS-00915,text,French,domestic,Far North,directions,Pullman Douala Rabingha,Littoral,neutral,3.6,True,False
QRY-000645,2026-07-10 22:02,SESS-000263,VIS-00264,text,French,foreign,Germany,cultural_info,Krystal Palace Douala,Littoral,neutral,2.6,True,False
QRY-004999,2026-07-10 22:07,SESS-001974,VIS-01975,text,French,foreign,UK,directions,Limbe Botanic Garden,South West,positive,4.1,True,False
QRY-005950,2026-07-10 22:18,SESS-002384,VIS-02385,text,French,foreign,Chad,pricing,Grand Batanga & Luma Museum,South,positive,3.4,True,False
QRY-003628,2026-07-10 22:45,SESS-001439,VIS-01440,text,Pidgin,domestic,Littoral,transport_fare,Campo Ma'an National Park,South,neutral,3.1,True,False
QRY-001030,2026-07-11 06:12,SESS-000407,VIS-00408,text,French,foreign,Chad,transport_fare,Down Beach & Batoke Beach,South West,neutral,5.0,True,False
QRY-003441,2026-07-11 06:18,SESS-001372,VIS-01373,voice_note,French,domestic,Littoral,cultural_info,Mont Febe & Golf Club,Centre,neutral,3.9,True,False
QRY-003601,2026-07-11 06:40,SESS-001431,VIS-01432,voice_note,French,foreign,France,pricing,FINI Hotel Bobende,South West,positive,3.8,True,False
QRY-004707,2026-07-11 06:57,SESS-001863,VIS-01864,text,French,domestic,Centre,transport_fare,Mont Febe & Golf Club,Centre,positive,3.9,True,False
QRY-000158,2026-07-11 07:06,SESS-000072,VIS-00073,text,Pidgin,domestic,West,transport_fare,Monument de la Reunification,Centre,negative,3.9,True,False
QRY-000472,2026-07-11 07:18,SESS-000201,VIS-00202,text,English,domestic,South,pricing,Down Beach Roasted Fish Sheds,South West,positive,2.7,True,False
QRY-002416,2026-07-11 08:01,SESS-000963,VIS-00964,text,Pidgin,domestic,South West,cultural_info,Marche Sandaga & Deido Soya,Littoral,positive,3.5,True,False
QRY-004328,2026-07-11 08:10,SESS-001703,VIS-01704,text,French,domestic,Adamawa,transport_fare,Mont Febe & Golf Club,Centre,positive,2.2,True,False
QRY-002826,2026-07-11 08:16,SESS-001112,VIS-01113,voice_note,English,domestic,Littoral,general_chat,,North West,positive,4.3,True,False
QRY-002478,2026-07-11 08:19,SESS-000991,VIS-00992,text,English,domestic,Littoral,pricing,Krystal Palace Douala,Littoral,negative,2.2,True,False
QRY-001023,2026-07-11 08:30,SESS-000404,VIS-00405,voice_note,Pidgin,domestic,North,pricing,Hilton Yaounde,Centre,negative,1.4,False,False
QRY-001492,2026-07-11 08:45,SESS-000598,VIS-00599,text,Pidgin,domestic,North West,opening_hours,Limbe Botanic Garden,South West,positive,4.5,True,False
QRY-003589,2026-07-11 09:17,SESS-001426,VIS-01427,text,French,domestic,East,pricing,Palais des Rois Bell (Pagode),Littoral,neutral,4.1,True,False
QRY-003453,2026-07-11 09:25,SESS-001377,VIS-01378,voice_note,Pidgin,foreign,Gabon,pricing,Grand Batanga & Luma Museum,South,positive,3.9,True,False
QRY-006053,2026-07-11 09:32,SESS-002415,VIS-02416,text,French,domestic,Far North,directions,Grand Batanga & Luma Museum,South,negative,3.3,True,False
QRY-001430,2026-07-11 09:42,SESS-000573,VIS-00574,text,French,foreign,Chad,booking_interest,West Region Gastronomy Spots,West,neutral,4.5,True,False
QRY-001387,2026-07-11 09:46,SESS-000552,VIS-00553,text,Pidgin,foreign,China,transport_fare,Mvog-Betsi Zoo & Botanical Garden,Centre,positive,3.8,True,False
QRY-000693,2026-07-11 09:50,SESS-000279,VIS-00280,voice_note,English,domestic,North,cultural_info,Palais Royal de Foumban & Museum,West,neutral,3.0,True,False
QRY-002780,2026-07-11 10:19,SESS-001097,VIS-01098,voice_note,French,domestic,South,transport_fare,Musee Maritime de Douala,Littoral,neutral,3.4,True,False
QRY-004955,2026-07-11 10:27,SESS-001956,VIS-01957,text,French,domestic,South West,directions,Campo Ma'an National Park,South,positive,4.7,True,False
QRY-006095,2026-07-11 10:43,SESS-002432,VIS-02433,voice_note,French,domestic,Littoral,booking_interest,Limbe Wildlife Centre,South West,positive,3.5,True,False
QRY-003027,2026-07-11 10:54,SESS-001193,VIS-01194,text,French,domestic,West,transport_fare,Marche Sandaga & Deido Soya,Littoral,negative,3.5,True,False
QRY-001631,2026-07-11 11:22,SESS-000648,VIS-00649,text,French,domestic,West,cultural_info,Grand Batanga & Luma Museum,South,positive,4.9,False,False
QRY-002393,2026-07-11 11:41,SESS-000958,VIS-00959,voice_note,French,foreign,Nigeria,cultural_info,Artisanal Village & Flower Market,Littoral,positive,3.0,True,False
QRY-002355,2026-07-11 11:45,SESS-000942,VIS-00943,text,French,domestic,Littoral,opening_hours,Down Beach Roasted Fish Sheds,South West,negative,4.0,True,False
QRY-003041,2026-07-11 12:05,SESS-001200,VIS-01201,text,Pidgin,foreign,Gabon,transport_fare,Grand Batanga & Luma Museum,South,neutral,2.7,True,False
QRY-004229,2026-07-11 12:23,SESS-001671,VIS-01672,text,French,domestic,South,general_chat,,Adamawa,positive,1.1,True,False
QRY-006139,2026-07-11 12:37,SESS-002450,VIS-02451,voice_note,French,domestic,North West,transport_fare,Mvog-Betsi Zoo & Botanical Garden,Centre,neutral,2.8,True,False
QRY-000350,2026-07-11 12:46,SESS-000153,VIS-00154,voice_note,French,domestic,Adamawa,directions,L'Ovalie & La Fourchette,Littoral,positive,2.0,True,False
QRY-003687,2026-07-11 12:58,SESS-001463,VIS-01464,voice_note,French,foreign,Equatorial Guinea,pricing,Down Beach & Batoke Beach,South West,negative,4.5,True,False
QRY-004015,2026-07-11 13:25,SESS-001588,VIS-01589,text,English,foreign,Belgium,transport_fare,Down Beach Roasted Fish Sheds,South West,negative,2.7,True,False
QRY-001274,2026-07-11 13:40,SESS-000505,VIS-00506,text,French,domestic,South,general_chat,,Adamawa,positive,2.0,True,False
QRY-005872,2026-07-11 13:47,SESS-002357,VIS-02358,text,English,foreign,South Africa,general_chat,,North West,neutral,5.0,False,False
QRY-000458,2026-07-11 14:35,SESS-000197,VIS-00198,text,English,domestic,West,cultural_info,Les Gites de Kribi,South,positive,3.6,True,False
QRY-002222,2026-07-11 15:20,SESS-000885,VIS-00886,text,English,domestic,Littoral,pricing,Down Beach Roasted Fish Sheds,South West,positive,3.0,True,False
QRY-001194,2026-07-11 15:28,SESS-000472,VIS-00473,text,English,foreign,USA,transport_fare,Limbe Botanic Garden,South West,neutral,3.8,True,False
QRY-000300,2026-07-11 15:53,SESS-000136,VIS-00137,text,French,domestic,North,general_chat,,North,neutral,3.9,True,False
QRY-004592,2026-07-11 15:58,SESS-001814,VIS-01815,text,French,domestic,East,pricing,Limbe Wildlife Centre,South West,negative,3.5,True,False
QRY-005925,2026-07-11 16:01,SESS-002376,VIS-02377,text,English,domestic,Littoral,pricing,Marche Sandaga & Deido Soya,Littoral,positive,3.1,True,False
QRY-004763,2026-07-11 16:05,SESS-001882,VIS-01883,voice_note,French,domestic,West,cultural_info,Palais des Rois Bell (Pagode),Littoral,neutral,3.8,True,False
QRY-002912,2026-07-11 16:28,SESS-001148,VIS-01149,text,French,domestic,Far North,directions,Palais Royal de Foumban & Museum,West,positive,3.7,True,False
QRY-004575,2026-07-11 17:08,SESS-001807,VIS-01808,text,French,foreign,USA,directions,L'Ovalie & La Fourchette,Littoral,positive,3.4,True,False
QRY-001750,2026-07-11 17:13,SESS-000699,VIS-00700,text,French,foreign,France,opening_hours,Palais Royal de Foumban & Museum,West,positive,3.9,True,False
QRY-005462,2026-07-11 17:21,SESS-002173,VIS-02174,text,Pidgin,foreign,China,pricing,Pullman Douala Rabingha,Littoral,positive,2.7,True,False
QRY-004280,2026-07-11 17:58,SESS-001685,VIS-01686,text,French,domestic,Centre,transport_fare,Musee Maritime de Douala,Littoral,neutral,4.2,True,False
QRY-002810,2026-07-11 18:03,SESS-001106,VIS-01107,text,English,domestic,Littoral,pricing,Limbe Wildlife Centre,South West,positive,3.9,True,False
QRY-000367,2026-07-11 19:07,SESS-000162,VIS-00163,text,French,foreign,Belgium,pricing,Bimbia Slave Trade Port,South West,neutral,3.9,True,False
QRY-003313,2026-07-11 19:47,SESS-001325,VIS-01326,text,French,domestic,East,cultural_info,Marche Sandaga & Deido Soya,Littoral,positive,3.9,True,False
QRY-002080,2026-07-11 20:00,SESS-000828,VIS-00829,text,English,foreign,Canada,opening_hours,Limbe Botanic Garden,South West,negative,1.9,True,False
QRY-002622,2026-07-11 20:04,SESS-001037,VIS-01038,text,Pidgin,foreign,South Africa,transport_fare,Douala-Edea Wildlife Reserve,Littoral,neutral,4.9,True,False
QRY-002497,2026-07-11 20:19,SESS-000997,VIS-00998,text,English,domestic,Centre,booking_interest,Pullman Douala Rabingha,Littoral,neutral,4.0,True,False
QRY-004545,2026-07-11 20:22,SESS-001793,VIS-01794,voice_note,French,domestic,North,pricing,L'Ovalie & La Fourchette,Littoral,positive,3.4,True,False
QRY-006199,2026-07-11 20:36,SESS-002475,VIS-02476,text,Pidgin,domestic,Littoral,cultural_info,Rue des Artisans,West,neutral,4.2,True,False
QRY-004982,2026-07-11 20:41,SESS-001965,VIS-01966,voice_note,English,foreign,Canada,opening_hours,L'Ovalie & La Fourchette,Littoral,neutral,2.9,True,False
QRY-004455,2026-07-11 20:57,SESS-001753,VIS-01754,text,English,domestic,North,booking_interest,Mvog-Betsi Zoo & Botanical Garden,Centre,positive,0.8,True,False
QRY-001056,2026-07-11 21:13,SESS-000415,VIS-00416,text,English,domestic,Far North,booking_interest,Limbe Wildlife Centre,South West,neutral,3.0,True,False
QRY-003844,2026-07-11 21:18,SESS-001534,VIS-01535,text,Pidgin,domestic,Adamawa,directions,Musee Maritime de Douala,Littoral,positive,3.0,True,False
QRY-006140,2026-07-12 06:26,SESS-002450,VIS-02451,text,French,domestic,Littoral,cultural_info,West Region Gastronomy Spots,West,positive,2.1,True,False
QRY-002597,2026-07-12 06:45,SESS-001033,VIS-01034,voice_note,French,foreign,South Africa,directions,FINI Hotel Bobende,South West,neutral,2.5,True,False
QRY-005392,2026-07-12 07:07,SESS-002140,VIS-02141,text,French,foreign,France,general_chat,,West,neutral,3.4,True,False
QRY-005032,2026-07-12 07:33,SESS-001986,VIS-01987,text,English,foreign,Nigeria,pricing,Star Land Hotel Bastos,Centre,positive,4.7,True,False
QRY-000067,2026-07-12 08:10,SESS-000028,VIS-00029,text,Pidgin,domestic,South,booking_interest,Douala-Edea Wildlife Reserve,Littoral,neutral,5.4,True,False
QRY-004374,2026-07-12 08:14,SESS-001724,VIS-01725,voice_note,French,domestic,East,cultural_info,Musee Maritime de Douala,Littoral,neutral,1.9,True,False
QRY-005619,2026-07-12 08:14,SESS-002238,VIS-02239,text,English,domestic,West,directions,Chutes de la Lobe,South,positive,2.8,True,False
QRY-004326,2026-07-12 08:41,SESS-001703,VIS-01704,voice_note,French,domestic,North,pricing,Limbe Wildlife Centre,South West,negative,3.1,True,False
QRY-001456,2026-07-12 08:44,SESS-000582,VIS-00583,text,French,domestic,North,booking_interest,Mount Cameroon (Upper Farms),South West,neutral,1.7,True,False
QRY-005472,2026-07-12 08:48,SESS-002177,VIS-02178,text,French,foreign,Belgium,cultural_info,Marche Sandaga & Deido Soya,Littoral,positive,2.8,True,False
QRY-005311,2026-07-12 08:55,SESS-002110,VIS-02111,text,French,domestic,Centre,booking_interest,West Region Gastronomy Spots,West,neutral,2.5,True,False
QRY-003196,2026-07-12 08:57,SESS-001277,VIS-01278,text,French,domestic,North West,general_chat,,East,positive,3.6,True,False
QRY-004683,2026-07-12 09:16,SESS-001851,VIS-01852,voice_note,French,domestic,Centre,booking_interest,Pullman Douala Rabingha,Littoral,neutral,3.0,True,False
QRY-002039,2026-07-12 09:21,SESS-000810,VIS-00811,text,French,domestic,South West,emergency_sos,Les Gites de Kribi,South,neutral,3.2,True,True
QRY-002437,2026-07-12 09:45,SESS-000974,VIS-00975,text,English,foreign,Germany,booking_interest,Mvog-Betsi Zoo & Botanical Garden,Centre,positive,2.6,True,False
QRY-003289,2026-07-12 09:50,SESS-001316,VIS-01317,text,French,domestic,Centre,pricing,Plage de Kribi (Tara Plage),South,neutral,3.7,True,False
QRY-001608,2026-07-12 09:57,SESS-000636,VIS-00637,text,English,domestic,East,general_chat,,Far North,positive,3.1,True,False
QRY-005694,2026-07-12 09:59,SESS-002269,VIS-02270,text,Pidgin,domestic,South,general_chat,,North,neutral,3.6,True,False
QRY-005821,2026-07-12 10:03,SESS-002332,VIS-02333,voice_note,French,domestic,North West,booking_interest,Campo Ma'an National Park,South,positive,4.1,True,False
QRY-004966,2026-07-12 10:06,SESS-001960,VIS-01961,text,English,foreign,Canada,transport_fare,Limbe Wildlife Centre,South West,positive,3.9,False,False
QRY-000921,2026-07-12 10:07,SESS-000365,VIS-00366,text,Pidgin,domestic,South West,cultural_info,FINI Hotel Bobende,South West,neutral,2.1,True,False
QRY-002240,2026-07-12 10:11,SESS-000896,VIS-00897,voice_note,French,domestic,Centre,general_chat,,Littoral,positive,3.4,True,False
QRY-003497,2026-07-12 10:12,SESS-001395,VIS-01396,voice_note,Pidgin,foreign,Chad,transport_fare,Musee National de Yaounde,Centre,positive,2.8,True,False
QRY-005186,2026-07-12 10:26,SESS-002055,VIS-02056,text,French,foreign,Gabon,opening_hours,Limbe Botanic Garden,South West,positive,3.4,True,False
QRY-005332,2026-07-12 10:31,SESS-002120,VIS-02121,voice_note,French,foreign,Chad,opening_hours,Les Gites de Kribi,South,positive,4.2,True,False
QRY-004659,2026-07-12 10:41,SESS-001842,VIS-01843,text,French,foreign,Chad,cultural_info,Hotel Ilomba,South,neutral,2.6,True,False
QRY-004318,2026-07-12 11:01,SESS-001699,VIS-01700,text,English,domestic,South West,transport_fare,Mvog-Betsi Zoo & Botanical Garden,Centre,neutral,1.8,True,False
QRY-004417,2026-07-12 11:06,SESS-001739,VIS-01740,text,English,foreign,Germany,directions,Artisanal Village & Flower Market,Littoral,neutral,2.9,True,False
QRY-000715,2026-07-12 11:06,SESS-000286,VIS-00287,text,English,domestic,Far North,cultural_info,West Region Gastronomy Spots,West,neutral,1.4,True,False
QRY-004134,2026-07-12 11:21,SESS-001633,VIS-01634,text,French,foreign,France,opening_hours,Chez Carimo / Lobe Shacks,South,positive,3.2,True,False
QRY-004578,2026-07-12 11:52,SESS-001808,VIS-01809,text,French,domestic,Adamawa,directions,Down Beach & Batoke Beach,South West,positive,2.5,True,False
QRY-001183,2026-07-12 12:55,SESS-000464,VIS-00465,voice_note,French,foreign,South Africa,booking_interest,Rue des Artisans,West,positive,4.4,True,False
QRY-001531,2026-07-12 13:07,SESS-000611,VIS-00612,voice_note,Pidgin,domestic,North,pricing,Artisanal Village & Flower Market,Littoral,neutral,2.2,True,False
QRY-003140,2026-07-12 13:44,SESS-001253,VIS-01254,text,English,domestic,Centre,directions,Down Beach & Batoke Beach,South West,positive,2.0,True,False
QRY-003008,2026-07-12 13:52,SESS-001184,VIS-01185,text,English,domestic,Adamawa,transport_fare,Mvog-Betsi Zoo & Botanical Garden,Centre,neutral,2.8,True,False
QRY-003928,2026-07-12 13:56,SESS-001559,VIS-01560,text,English,foreign,Nigeria,cultural_info,Limbe Botanic Garden,South West,neutral,3.5,True,False
QRY-002947,2026-07-12 14:01,SESS-001162,VIS-01163,voice_note,French,domestic,Far North,pricing,Campo Ma'an National Park,South,positive,3.0,True,False
QRY-002858,2026-07-12 14:16,SESS-001125,VIS-01126,text,English,foreign,Belgium,booking_interest,Krystal Palace Douala,Littoral,negative,3.9,True,False
QRY-002798,2026-07-12 15:25,SESS-001102,VIS-01103,voice_note,Pidgin,domestic,South,general_chat,,North West,positive,2.1,True,False
QRY-003063,2026-07-12 15:49,SESS-001214,VIS-01215,text,English,foreign,Canada,emergency_sos,Marche Sandaga & Deido Soya,Littoral,negative,1.8,True,True
QRY-002904,2026-07-12 15:50,SESS-001146,VIS-01147,text,French,domestic,Littoral,opening_hours,Hotel Zingana,West,positive,1.6,True,False
QRY-000456,2026-07-12 16:26,SESS-000197,VIS-00198,text,English,foreign,Germany,opening_hours,Mount Cameroon (Upper Farms),South West,positive,4.7,True,False
QRY-002671,2026-07-12 16:37,SESS-001053,VIS-01054,text,English,foreign,Germany,cultural_info,Hotel Zingana,West,negative,2.3,True,False
QRY-005951,2026-07-12 16:46,SESS-002385,VIS-02386,text,French,domestic,Littoral,transport_fare,Chutes de la Lobe,South,neutral,4.9,True,False
QRY-001156,2026-07-12 16:55,SESS-000458,VIS-00459,text,French,domestic,North West,pricing,Artisanal Village & Flower Market,Littoral,neutral,1.9,True,False
QRY-004663,2026-07-12 17:42,SESS-001845,VIS-01846,text,Pidgin,foreign,South Africa,cultural_info,Plage de Kribi (Tara Plage),South,positive,2.2,True,False
QRY-003530,2026-07-12 17:45,SESS-001405,VIS-01406,text,English,foreign,France,general_chat,,South West,neutral,3.4,True,False
QRY-004287,2026-07-12 17:59,SESS-001686,VIS-01687,text,French,foreign,South Africa,pricing,Mount Cameroon (Upper Farms),South West,neutral,5.0,True,False
QRY-003541,2026-07-12 18:02,SESS-001409,VIS-01410,text,French,domestic,Centre,cultural_info,Pullman Douala Rabingha,Littoral,neutral,1.9,True,False
QRY-005739,2026-07-12 18:31,SESS-002291,VIS-02292,text,French,foreign,UK,pricing,Star Land Hotel Bastos,Centre,neutral,2.7,True,False
QRY-001397,2026-07-12 18:41,SESS-000555,VIS-00556,text,English,foreign,Chad,directions,Musee Maritime de Douala,Littoral,positive,2.4,True,False
QRY-000768,2026-07-12 18:47,SESS-000306,VIS-00307,text,French,domestic,East,cultural_info,Douala-Edea Wildlife Reserve,Littoral,neutral,1.2,True,False
QRY-000842,2026-07-12 18:51,SESS-000331,VIS-00332,voice_note,English,domestic,Adamawa,directions,Chutes d'Ekom Nkam,Littoral,neutral,2.6,True,False
QRY-002811,2026-07-12 18:51,SESS-001106,VIS-01107,text,English,foreign,Canada,directions,Mont Febe & Golf Club,Centre,positive,3.0,True,False
QRY-005574,2026-07-12 19:16,SESS-002222,VIS-02223,text,French,domestic,Littoral,pricing,Musee National de Yaounde,Centre,neutral,3.1,True,False
QRY-005122,2026-07-12 19:22,SESS-002024,VIS-02025,text,French,foreign,China,opening_hours,Hotel Zingana,West,neutral,2.0,True,False
QRY-000428,2026-07-12 19:26,SESS-000181,VIS-00182,text,English,foreign,Germany,general_chat,,Centre,negative,4.0,True,False
QRY-000770,2026-07-12 19:36,SESS-000307,VIS-00308,voice_note,English,foreign,USA,booking_interest,Rue des Artisans,West,neutral,4.3,True,False
QRY-001745,2026-07-12 19:41,SESS-000698,VIS-00699,text,English,domestic,Centre,general_chat,,Littoral,negative,2.2,True,False
QRY-001079,2026-07-12 20:25,SESS-000425,VIS-00426,text,French,domestic,Far North,directions,Down Beach Roasted Fish Sheds,South West,neutral,2.9,True,False
QRY-000814,2026-07-12 20:35,SESS-000321,VIS-00322,text,French,foreign,Equatorial Guinea,transport_fare,Chez Wou & La Salsa,Centre,neutral,4.3,True,False
QRY-004727,2026-07-12 20:39,SESS-001868,VIS-01869,voice_note,English,domestic,Far North,directions,Mount Cameroon (Upper Farms),South West,neutral,3.8,True,False
QRY-000614,2026-07-12 20:41,SESS-000254,VIS-00255,text,French,foreign,USA,directions,Star Land Hotel Bastos,Centre,positive,2.6,False,False
QRY-005674,2026-07-12 20:42,SESS-002263,VIS-02264,text,French,foreign,Canada,general_chat,,North West,neutral,0.8,True,False
QRY-004923,2026-07-12 20:47,SESS-001946,VIS-01947,text,English,domestic,North,directions,Grand Batanga & Luma Museum,South,neutral,1.9,True,False
QRY-005119,2026-07-12 20:51,SESS-002023,VIS-02024,text,French,foreign,Gabon,cultural_info,Mont Febe & Golf Club,Centre,positive,2.3,True,False
QRY-001718,2026-07-12 21:05,SESS-000687,VIS-00688,text,English,domestic,West,opening_hours,West Region Gastronomy Spots,West,positive,3.3,True,False
QRY-000947,2026-07-12 21:05,SESS-000374,VIS-00375,voice_note,English,domestic,South,cultural_info,Campo Ma'an National Park,South,positive,3.2,True,False
QRY-001257,2026-07-12 21:24,SESS-000501,VIS-00502,text,French,foreign,France,booking_interest,Mvog-Betsi Zoo & Botanical Garden,Centre,positive,4.1,True,False
QRY-002456,2026-07-12 21:27,SESS-000983,VIS-00984,text,French,foreign,China,pricing,Grand Batanga & Luma Museum,South,positive,2.3,True,False
QRY-003799,2026-07-12 21:29,SESS-001516,VIS-01517,text,English,domestic,South West,booking_interest,Palais des Rois Bell (Pagode),Littoral,negative,2.8,True,False
QRY-005019,2026-07-12 21:33,SESS-001982,VIS-01983,text,English,domestic,North,directions,Hilton Yaounde,Centre,positive,4.4,True,False
QRY-005938,2026-07-12 21:45,SESS-002380,VIS-02381,voice_note,English,foreign,Gabon,general_chat,,Adamawa,positive,2.5,True,False
QRY-000569,2026-07-12 22:20,SESS-000240,VIS-00241,text,French,domestic,West,opening_hours,Pullman Douala Rabingha,Littoral,positive,2.6,True,False
QRY-004246,2026-07-12 22:22,SESS-001677,VIS-01678,voice_note,English,foreign,Germany,general_chat,,Adamawa,neutral,5.0,True,False
QRY-001677,2026-07-13 06:07,SESS-000669,VIS-00670,text,Pidgin,domestic,South West,general_chat,,Adamawa,neutral,3.9,True,False
QRY-003652,2026-07-13 07:07,SESS-001449,VIS-01450,voice_note,French,domestic,Centre,directions,Chutes de la Lobe,South,neutral,2.9,True,False
QRY-004838,2026-07-13 07:20,SESS-001911,VIS-01912,voice_note,French,domestic,West,opening_hours,Palais des Rois Bell (Pagode),Littoral,neutral,3.4,True,False
QRY-001545,2026-07-13 07:34,SESS-000617,VIS-00618,text,English,domestic,Littoral,pricing,Musee National de Yaounde,Centre,positive,2.3,True,False
QRY-002738,2026-07-13 08:15,SESS-001082,VIS-01083,text,French,domestic,Adamawa,pricing,Down Beach Roasted Fish Sheds,South West,neutral,5.0,True,False
QRY-005571,2026-07-13 08:24,SESS-002222,VIS-02223,text,English,foreign,Nigeria,pricing,Monument de la Reunification,Centre,negative,3.2,True,False
QRY-000176,2026-07-13 08:37,SESS-000080,VIS-00081,text,French,domestic,South,directions,FINI Hotel Bobende,South West,negative,2.5,True,False
QRY-003501,2026-07-13 08:57,SESS-001397,VIS-01398,text,French,domestic,South West,pricing,Mvog-Betsi Zoo & Botanical Garden,Centre,positive,2.6,True,False
QRY-005000,2026-07-13 09:33,SESS-001974,VIS-01975,voice_note,French,domestic,Adamawa,booking_interest,Mount Cameroon (Upper Farms),South West,positive,2.1,True,False
QRY-000570,2026-07-13 09:35,SESS-000240,VIS-00241,text,French,domestic,Centre,directions,Musee National de Yaounde,Centre,neutral,3.2,True,False
QRY-000308,2026-07-13 09:38,SESS-000139,VIS-00140,voice_note,French,foreign,Nigeria,cultural_info,Plage de Kribi (Tara Plage),South,positive,1.3,True,False
QRY-003773,2026-07-13 10:04,SESS-001504,VIS-01505,text,French,domestic,Adamawa,cultural_info,Bimbia Slave Trade Port,South West,neutral,2.2,True,False
QRY-005637,2026-07-13 10:15,SESS-002249,VIS-02250,voice_note,French,domestic,South,directions,Star Land Hotel Bastos,Centre,neutral,4.9,True,False
QRY-004959,2026-07-13 10:19,SESS-001959,VIS-01960,text,French,domestic,South West,booking_interest,Marche Sandaga & Deido Soya,Littoral,positive,2.1,True,False
QRY-003433,2026-07-13 10:36,SESS-001369,VIS-01370,voice_note,English,domestic,North West,cultural_info,FINI Hotel Bobende,South West,neutral,2.0,True,False
QRY-003304,2026-07-13 10:38,SESS-001323,VIS-01324,text,English,domestic,South,directions,Mont Febe & Golf Club,Centre,positive,4.5,True,False
QRY-004776,2026-07-13 11:09,SESS-001887,VIS-01888,voice_note,French,domestic,South West,booking_interest,Les Gites de Kribi,South,positive,6.4,True,False
QRY-002565,2026-07-13 11:11,SESS-001024,VIS-01025,text,French,foreign,Gabon,directions,Musee National de Yaounde,Centre,neutral,4.0,True,False
QRY-002941,2026-07-13 11:43,SESS-001159,VIS-01160,voice_note,English,domestic,North,pricing,Rue des Artisans,West,positive,3.1,True,False
QRY-002490,2026-07-13 11:45,SESS-000995,VIS-00996,text,French,domestic,West,pricing,Les Gites de Kribi,South,neutral,2.0,True,False
QRY-003319,2026-07-13 11:50,SESS-001329,VIS-01330,text,French,foreign,France,pricing,Plage de Kribi (Tara Plage),South,neutral,3.8,True,False
QRY-004200,2026-07-13 11:51,SESS-001661,VIS-01662,text,French,foreign,Nigeria,transport_fare,Monument de la Reunification,Centre,neutral,2.9,True,False
QRY-003735,2026-07-13 12:18,SESS-001485,VIS-01486,voice_note,French,foreign,Nigeria,transport_fare,Marche Sandaga & Deido Soya,Littoral,positive,5.0,True,False
QRY-004533,2026-07-13 12:37,SESS-001789,VIS-01790,text,English,foreign,South Africa,pricing,Down Beach & Batoke Beach,South West,positive,2.8,True,False
QRY-002585,2026-07-13 12:59,SESS-001030,VIS-01031,text,French,foreign,China,pricing,Les Gites de Kribi,South,positive,2.4,True,False
QRY-000600,2026-07-13 13:40,SESS-000250,VIS-00251,voice_note,French,domestic,South West,cultural_info,Palais Royal de Foumban & Museum,West,neutral,2.6,True,False
QRY-000145,2026-07-13 13:45,SESS-000066,VIS-00067,voice_note,French,foreign,Germany,pricing,Monument de la Reunification,Centre,neutral,3.4,True,False
QRY-001878,2026-07-13 14:18,SESS-000748,VIS-00749,voice_note,English,domestic,West,general_chat,,Littoral,positive,3.5,True,False
QRY-000119,2026-07-13 14:43,SESS-000054,VIS-00055,text,French,domestic,Littoral,general_chat,,East,positive,3.3,True,False
QRY-000501,2026-07-13 14:49,SESS-000212,VIS-00213,voice_note,English,domestic,Adamawa,transport_fare,Palais Royal de Foumban & Museum,West,positive,4.3,True,False
QRY-005648,2026-07-13 14:58,SESS-002253,VIS-02254,text,French,domestic,North West,pricing,Hilton Yaounde,Centre,neutral,2.6,True,False
QRY-005198,2026-07-13 15:12,SESS-002060,VIS-02061,text,French,foreign,USA,transport_fare,Rue des Artisans,West,neutral,2.2,True,False
QRY-005383,2026-07-13 15:17,SESS-002136,VIS-02137,voice_note,English,domestic,South,opening_hours,Mvog-Betsi Zoo & Botanical Garden,Centre,neutral,0.8,True,False
QRY-005302,2026-07-13 15:18,SESS-002107,VIS-02108,text,English,domestic,Far North,transport_fare,Bimbia Slave Trade Port,South West,positive,3.5,True,False
QRY-000415,2026-07-13 15:31,SESS-000178,VIS-00179,text,English,foreign,Chad,transport_fare,Musee National de Yaounde,Centre,neutral,1.9,True,False
QRY-006149,2026-07-13 15:44,SESS-002452,VIS-02453,voice_note,English,domestic,South West,pricing,Mont Febe & Golf Club,Centre,positive,2.5,True,False
QRY-003505,2026-07-13 16:52,SESS-001399,VIS-01400,text,Pidgin,foreign,China,directions,Mefou Primate Sanctuary,Centre,positive,3.1,True,False
QRY-004799,2026-07-13 16:53,SESS-001895,VIS-01896,text,English,domestic,West,transport_fare,FINI Hotel Bobende,South West,positive,1.4,True,False
QRY-005884,2026-07-13 17:01,SESS-002360,VIS-02361,text,French,foreign,UK,general_chat,,Adamawa,positive,2.2,True,False
QRY-003224,2026-07-13 17:23,SESS-001289,VIS-01290,text,French,domestic,North,pricing,Palais Royal de Foumban & Museum,West,positive,3.4,True,False
QRY-004504,2026-07-13 17:38,SESS-001772,VIS-01773,text,English,domestic,Far North,directions,FINI Hotel Bobende,South West,positive,3.1,True,False
QRY-001277,2026-07-13 17:53,SESS-000506,VIS-00507,text,Pidgin,domestic,East,opening_hours,Hotel Zingana,West,positive,3.5,True,False
QRY-000479,2026-07-13 18:01,SESS-000203,VIS-00204,voice_note,French,foreign,Chad,cultural_info,Hotel Ilomba,South,positive,3.6,True,False
QRY-002327,2026-07-13 19:03,SESS-000929,VIS-00930,text,French,domestic,Far North,opening_hours,Campo Ma'an National Park,South,negative,5.6,True,False
QRY-001066,2026-07-13 19:16,SESS-000421,VIS-00422,text,French,domestic,West,transport_fare,Rue des Artisans,West,neutral,3.7,True,False
QRY-000089,2026-07-13 19:45,SESS-000039,VIS-00040,voice_note,French,foreign,Equatorial Guinea,transport_fare,Marche Sandaga & Deido Soya,Littoral,neutral,3.1,True,False
QRY-003557,2026-07-13 19:47,SESS-001414,VIS-01415,voice_note,English,domestic,North,opening_hours,Hotel Ilomba,South,positive,4.3,True,False
QRY-002914,2026-07-13 20:03,SESS-001148,VIS-01149,text,French,foreign,Nigeria,cultural_info,Limbe Wildlife Centre,South West,positive,5.0,True,False
QRY-003750,2026-07-13 20:22,SESS-001495,VIS-01496,text,Pidgin,domestic,East,pricing,Musee National de Yaounde,Centre,positive,3.5,True,False
QRY-001736,2026-07-13 20:24,SESS-000694,VIS-00695,text,English,foreign,South Africa,booking_interest,Limbe Wildlife Centre,South West,positive,3.8,True,False
QRY-005367,2026-07-13 20:32,SESS-002135,VIS-02136,text,English,domestic,East,general_chat,,North West,neutral,4.1,True,False
QRY-005451,2026-07-13 20:36,SESS-002168,VIS-02169,text,French,domestic,Far North,transport_fare,Down Beach & Batoke Beach,South West,neutral,4.9,True,False
QRY-003673,2026-07-13 20:38,SESS-001456,VIS-01457,voice_note,French,domestic,West,transport_fare,Plage de Kribi (Tara Plage),South,neutral,2.7,True,False
QRY-001697,2026-07-13 20:41,SESS-000677,VIS-00678,voice_note,French,domestic,East,transport_fare,Domaine du Petpenoun,West,positive,4.0,True,False
QRY-003553,2026-07-13 20:45,SESS-001412,VIS-01413,text,French,foreign,France,cultural_info,Plage de Kribi (Tara Plage),South,neutral,3.1,True,False
QRY-000804,2026-07-13 20:59,SESS-000318,VIS-00319,text,French,domestic,North West,emergency_sos,Rue des Artisans,West,negative,0.8,True,True
QRY-002617,2026-07-13 21:06,SESS-001037,VIS-01038,text,English,domestic,North,pricing,Hilton Yaounde,Centre,positive,2.6,True,False
QRY-006004,2026-07-13 21:11,SESS-002403,VIS-02404,text,French,foreign,USA,directions,Krystal Palace Douala,Littoral,neutral,1.4,True,False
QRY-004104,2026-07-13 21:21,SESS-001624,VIS-01625,text,English,foreign,Equatorial Guinea,cultural_info,Down Beach & Batoke Beach,South West,neutral,2.8,True,False
QRY-005583,2026-07-13 21:32,SESS-002226,VIS-02227,text,English,domestic,North West,opening_hours,FINI Hotel Bobende,South West,positive,3.0,True,False
QRY-003678,2026-07-13 21:34,SESS-001459,VIS-01460,text,French,domestic,West,booking_interest,Rue des Artisans,West,positive,2.4,True,False
QRY-003599,2026-07-13 21:38,SESS-001430,VIS-01431,voice_note,French,domestic,Adamawa,transport_fare,Hotel Ilomba,South,positive,4.6,True,False
QRY-005981,2026-07-13 22:27,SESS-002397,VIS-02398,text,Pidgin,domestic,North,transport_fare,Down Beach Roasted Fish Sheds,South West,neutral,1.4,True,False
QRY-002411,2026-07-13 22:33,SESS-000963,VIS-00964,text,French,foreign,USA,booking_interest,Musee National de Yaounde,Centre,positive,3.0,True,False
QRY-005063,2026-07-14 06:05,SESS-002002,VIS-02003,text,French,foreign,Germany,general_chat,,South,positive,3.4,True,False
QRY-002744,2026-07-14 06:08,SESS-001084,VIS-01085,text,French,domestic,North West,transport_fare,Down Beach Roasted Fish Sheds,South West,neutral,2.7,True,False
QRY-000148,2026-07-14 06:09,SESS-000068,VIS-00069,text,English,foreign,Canada,booking_interest,Bimbia Slave Trade Port,South West,neutral,3.6,True,False
QRY-002740,2026-07-14 06:10,SESS-001082,VIS-01083,text,French,foreign,Belgium,pricing,Chutes de la Lobe,South,negative,2.7,True,False
QRY-001495,2026-07-14 06:17,SESS-000598,VIS-00599,text,Pidgin,domestic,South,directions,Limbe Botanic Garden,South West,neutral,2.5,True,False
QRY-003729,2026-07-14 06:18,SESS-001483,VIS-01484,text,French,domestic,East,general_chat,,Adamawa,neutral,3.9,True,False
QRY-005924,2026-07-14 06:29,SESS-002375,VIS-02376,text,French,foreign,Belgium,pricing,Limbe Wildlife Centre,South West,neutral,2.9,True,False
QRY-003026,2026-07-14 06:39,SESS-001192,VIS-01193,text,French,foreign,Belgium,transport_fare,Down Beach Roasted Fish Sheds,South West,neutral,3.6,True,False
QRY-003055,2026-07-14 06:40,SESS-001209,VIS-01210,text,French,domestic,Adamawa,opening_hours,Pullman Douala Rabingha,Littoral,positive,3.3,True,False
QRY-003151,2026-07-14 07:46,SESS-001258,VIS-01259,text,Pidgin,domestic,Centre,directions,Chez Wou & La Salsa,Centre,neutral,2.1,False,False
QRY-002712,2026-07-14 08:01,SESS-001073,VIS-01074,text,English,foreign,Gabon,directions,Chez Carimo / Lobe Shacks,South,neutral,3.9,True,False
QRY-004695,2026-07-14 08:04,SESS-001857,VIS-01858,text,French,domestic,Littoral,general_chat,,Littoral,neutral,4.2,True,False
QRY-002538,2026-07-14 08:43,SESS-001012,VIS-01013,voice_note,Pidgin,domestic,West,directions,Chez Carimo / Lobe Shacks,South,neutral,1.9,False,False
QRY-005180,2026-07-14 09:05,SESS-002054,VIS-02055,text,English,foreign,Gabon,pricing,Artisanal Village & Flower Market,Littoral,neutral,3.1,True,False
QRY-004687,2026-07-14 09:11,SESS-001853,VIS-01854,text,Pidgin,domestic,Adamawa,general_chat,,South West,neutral,4.3,True,False
QRY-005406,2026-07-14 09:42,SESS-002145,VIS-02146,text,French,domestic,Far North,pricing,Mont Febe & Golf Club,Centre,neutral,2.0,True,False
QRY-000103,2026-07-14 09:56,SESS-000048,VIS-00049,text,English,domestic,Centre,pricing,Musee Maritime de Douala,Littoral,negative,4.3,True,False
QRY-002596,2026-07-14 09:57,SESS-001033,VIS-01034,text,English,domestic,North,directions,West Region Gastronomy Spots,West,neutral,2.7,True,False
QRY-001065,2026-07-14 10:09,SESS-000420,VIS-00421,voice_note,French,foreign,Chad,pricing,FINI Hotel Bobende,South West,positive,3.3,True,False
QRY-000961,2026-07-14 11:08,SESS-000380,VIS-00381,text,English,foreign,Equatorial Guinea,cultural_info,Hilton Yaounde,Centre,neutral,4.2,True,False
QRY-001885,2026-07-14 11:15,SESS-000753,VIS-00754,text,Pidgin,domestic,Littoral,directions,Rue des Artisans,West,positive,3.8,True,False
QRY-001019,2026-07-14 11:17,SESS-000401,VIS-00402,voice_note,French,foreign,UK,directions,Down Beach & Batoke Beach,South West,positive,2.1,True,False
QRY-003823,2026-07-14 11:33,SESS-001523,VIS-01524,text,French,domestic,Littoral,opening_hours,Marche Sandaga & Deido Soya,Littoral,neutral,2.5,False,False
QRY-001892,2026-07-14 11:50,SESS-000754,VIS-00755,voice_note,French,domestic,West,opening_hours,Chutes de la Lobe,South,neutral,1.4,True,False
QRY-004444,2026-07-14 12:04,SESS-001749,VIS-01750,text,English,domestic,East,general_chat,,West,neutral,3.7,True,False
QRY-004350,2026-07-14 12:34,SESS-001714,VIS-01715,text,English,domestic,Littoral,pricing,Pullman Douala Rabingha,Littoral,neutral,2.0,True,False
QRY-001018,2026-07-14 12:35,SESS-000401,VIS-00402,voice_note,French,domestic,North,pricing,Limbe Botanic Garden,South West,negative,2.6,True,False
QRY-002060,2026-07-14 12:41,SESS-000821,VIS-00822,text,French,domestic,Far North,pricing,Hilton Yaounde,Centre,neutral,2.7,True,False
QRY-003756,2026-07-14 12:41,SESS-001498,VIS-01499,text,French,domestic,Littoral,opening_hours,Monument de la Reunification,Centre,positive,3.2,True,False
QRY-001734,2026-07-14 12:44,SESS-000693,VIS-00694,voice_note,English,domestic,South West,general_chat,,North,positive,4.1,True,False
QRY-002524,2026-07-14 12:50,SESS-001005,VIS-01006,voice_note,French,domestic,North,pricing,Limbe Wildlife Centre,South West,neutral,3.8,True,False
QRY-003828,2026-07-14 13:00,SESS-001527,VIS-01528,voice_note,English,foreign,Equatorial Guinea,booking_interest,Monument de la Reunification,Centre,positive,4.0,True,False
QRY-005902,2026-07-14 13:28,SESS-002365,VIS-02366,text,English,foreign,Nigeria,opening_hours,Mount Cameroon (Upper Farms),South West,neutral,3.5,True,False
QRY-006019,2026-07-14 13:30,SESS-002407,VIS-02408,text,English,domestic,Adamawa,pricing,Pullman Douala Rabingha,Littoral,positive,1.9,True,False
QRY-002305,2026-07-14 13:36,SESS-000919,VIS-00920,text,English,domestic,North,pricing,L'Ovalie & La Fourchette,Littoral,neutral,4.2,True,False
QRY-000533,2026-07-14 13:55,SESS-000223,VIS-00224,text,English,domestic,Adamawa,general_chat,,Littoral,neutral,1.4,True,False
QRY-004095,2026-07-14 14:09,SESS-001620,VIS-01621,text,French,foreign,China,opening_hours,Musee Maritime de Douala,Littoral,positive,3.7,True,False
QRY-001451,2026-07-14 14:44,SESS-000579,VIS-00580,text,English,domestic,West,booking_interest,Mount Cameroon (Upper Farms),South West,neutral,3.6,True,False
QRY-000483,2026-07-14 14:59,SESS-000204,VIS-00205,text,English,domestic,Centre,cultural_info,Mefou Primate Sanctuary,Centre,neutral,3.2,True,False
QRY-003280,2026-07-14 15:19,SESS-001311,VIS-01312,text,French,domestic,Adamawa,transport_fare,Down Beach Roasted Fish Sheds,South West,positive,4.4,True,False
QRY-003795,2026-07-14 15:24,SESS-001515,VIS-01516,text,Pidgin,domestic,South West,transport_fare,Krystal Palace Douala,Littoral,negative,4.0,True,False
QRY-000143,2026-07-14 15:26,SESS-000065,VIS-00066,voice_note,French,foreign,Belgium,transport_fare,Down Beach & Batoke Beach,South West,neutral,4.7,True,False
QRY-004715,2026-07-14 15:44,SESS-001865,VIS-01866,text,French,foreign,Gabon,pricing,Palais des Rois Bell (Pagode),Littoral,negative,4.3,True,False
QRY-003930,2026-07-14 15:52,SESS-001561,VIS-01562,text,English,domestic,Centre,booking_interest,Grand Batanga & Luma Museum,South,positive,1.5,True,False
QRY-004507,2026-07-14 15:53,SESS-001774,VIS-01775,voice_note,English,domestic,Littoral,pricing,Mvog-Betsi Zoo & Botanical Garden,Centre,positive,2.2,True,False
QRY-003310,2026-07-14 16:02,SESS-001324,VIS-01325,text,Pidgin,domestic,South West,general_chat,,North West,neutral,3.1,True,False
QRY-005112,2026-07-14 16:19,SESS-002020,VIS-02021,text,French,domestic,East,booking_interest,Musee National de Yaounde,Centre,positive,3.9,True,False
QRY-004871,2026-07-14 16:56,SESS-001924,VIS-01925,text,French,domestic,Centre,directions,Marche Sandaga & Deido Soya,Littoral,neutral,2.1,True,False
QRY-004377,2026-07-14 17:11,SESS-001724,VIS-01725,text,English,foreign,Canada,opening_hours,Rue des Artisans,West,neutral,3.6,True,False
QRY-003180,2026-07-14 17:15,SESS-001271,VIS-01272,text,Pidgin,domestic,East,general_chat,,South,neutral,3.1,True,False
QRY-002860,2026-07-14 17:28,SESS-001127,VIS-01128,text,French,foreign,Chad,booking_interest,Bimbia Slave Trade Port,South West,positive,4.7,True,False
QRY-003686,2026-07-14 17:38,SESS-001462,VIS-01463,text,French,domestic,North West,directions,Musee Maritime de Douala,Littoral,positive,1.9,True,False
QRY-004184,2026-07-14 17:57,SESS-001652,VIS-01653,text,French,domestic,North,emergency_sos,Plage de Kribi (Tara Plage),South,negative,2.8,True,True
QRY-001054,2026-07-14 18:06,SESS-000414,VIS-00415,voice_note,Pidgin,domestic,Littoral,pricing,FINI Hotel Bobende,South West,positive,3.7,True,False
QRY-005647,2026-07-14 18:17,SESS-002253,VIS-02254,text,Pidgin,domestic,East,transport_fare,Palais des Rois Bell (Pagode),Littoral,neutral,3.8,True,False
QRY-004347,2026-07-14 18:53,SESS-001712,VIS-01713,text,Pidgin,domestic,Adamawa,directions,Chefferie de Bandjoun,West,neutral,2.7,True,False
QRY-002900,2026-07-14 19:35,SESS-001143,VIS-01144,text,English,domestic,Far North,general_chat,,South West,neutral,3.3,True,False
QRY-002494,2026-07-14 20:41,SESS-000996,VIS-00997,text,French,domestic,North,transport_fare,West Region Gastronomy Spots,West,positive,2.1,True,False
QRY-003031,2026-07-14 20:43,SESS-001194,VIS-01195,voice_note,French,domestic,East,general_chat,,Far North,neutral,0.9,True,False
QRY-005152,2026-07-14 20:52,SESS-002041,VIS-02042,text,English,domestic,South,cultural_info,Chez Carimo / Lobe Shacks,South,neutral,4.9,True,False
QRY-003085,2026-07-14 21:43,SESS-001227,VIS-01228,text,French,foreign,Nigeria,transport_fare,Marche Sandaga & Deido Soya,Littoral,positive,4.0,True,False
QRY-004809,2026-07-14 21:56,SESS-001900,VIS-01901,text,English,domestic,Far North,directions,Artisanal Village & Flower Market,Littoral,neutral,2.3,True,False
QRY-001422,2026-07-14 22:06,SESS-000568,VIS-00569,voice_note,French,foreign,Nigeria,pricing,Douala-Edea Wildlife Reserve,Littoral,positive,2.1,True,False
QRY-003258,2026-07-14 22:49,SESS-001303,VIS-01304,voice_note,French,domestic,Adamawa,opening_hours,Plage de Kribi (Tara Plage),South,negative,2.7,True,False
QRY-003573,2026-07-15 06:01,SESS-001421,VIS-01422,voice_note,French,domestic,West,booking_interest,Bimbia Slave Trade Port,South West,positive,2.4,True,False
QRY-004886,2026-07-15 06:03,SESS-001934,VIS-01935,text,English,domestic,Littoral,booking_interest,West Region Gastronomy Spots,West,neutral,3.7,True,False
QRY-003364,2026-07-15 06:21,SESS-001346,VIS-01347,text,French,foreign,China,cultural_info,Marche Sandaga & Deido Soya,Littoral,positive,1.7,True,False
QRY-002719,2026-07-15 06:22,SESS-001077,VIS-01078,text,French,foreign,UK,directions,Pullman Douala Rabingha,Littoral,negative,4.3,True,False
QRY-001150,2026-07-15 06:46,SESS-000456,VIS-00457,text,Pidgin,domestic,Littoral,pricing,Hotel Ilomba,South,neutral,2.8,True,False
QRY-000875,2026-07-15 06:46,SESS-000344,VIS-00345,text,English,domestic,Far North,cultural_info,Mount Cameroon (Upper Farms),South West,positive,2.8,True,False
QRY-000065,2026-07-15 06:58,SESS-000027,VIS-00028,text,French,foreign,Equatorial Guinea,pricing,Marche Sandaga & Deido Soya,Littoral,positive,2.6,True,False
QRY-004215,2026-07-15 07:16,SESS-001667,VIS-01668,text,English,domestic,Adamawa,pricing,West Region Gastronomy Spots,West,neutral,3.1,True,False
QRY-000414,2026-07-15 08:12,SESS-000178,VIS-00179,text,French,domestic,West,general_chat,,Littoral,positive,2.1,True,False
QRY-000942,2026-07-15 08:41,SESS-000373,VIS-00374,text,English,domestic,South West,directions,Limbe Wildlife Centre,South West,negative,3.0,True,False
QRY-003212,2026-07-15 08:42,SESS-001285,VIS-01286,text,Pidgin,domestic,West,pricing,Plage de Kribi (Tara Plage),South,negative,4.3,True,False
QRY-003870,2026-07-15 09:05,SESS-001542,VIS-01543,voice_note,Pidgin,foreign,Gabon,opening_hours,Mont Febe & Golf Club,Centre,neutral,2.6,False,False
QRY-003669,2026-07-15 09:05,SESS-001455,VIS-01456,voice_note,English,foreign,Equatorial Guinea,general_chat,,South West,positive,2.5,True,False
QRY-004827,2026-07-15 09:07,SESS-001907,VIS-01908,voice_note,English,foreign,USA,pricing,Hilton Yaounde,Centre,positive,2.0,True,False
QRY-004194,2026-07-15 09:27,SESS-001658,VIS-01659,text,French,foreign,Germany,directions,Musee Maritime de Douala,Littoral,neutral,4.6,True,False
QRY-001833,2026-07-15 10:00,SESS-000729,VIS-00730,voice_note,French,domestic,North,pricing,West Region Gastronomy Spots,West,neutral,4.7,True,False
QRY-006145,2026-07-15 10:17,SESS-002452,VIS-02453,text,French,domestic,North West,transport_fare,Star Land Hotel Bastos,Centre,neutral,5.8,True,False
QRY-003035,2026-07-15 10:22,SESS-001197,VIS-01198,text,English,domestic,Adamawa,transport_fare,Plage de Kribi (Tara Plage),South,positive,5.1,True,False
QRY-002917,2026-07-15 10:58,SESS-001151,VIS-01152,text,English,foreign,Germany,opening_hours,Rue des Artisans,West,neutral,4.3,True,False
QRY-000820,2026-07-15 11:02,SESS-000322,VIS-00323,voice_note,English,foreign,Belgium,emergency_sos,Limbe Wildlife Centre,South West,negative,1.4,True,True
QRY-001369,2026-07-15 11:41,SESS-000542,VIS-00543,voice_note,French,foreign,Canada,pricing,Mefou Primate Sanctuary,Centre,neutral,2.2,True,False
QRY-000925,2026-07-15 11:52,SESS-000367,VIS-00368,text,French,domestic,North West,pricing,Chutes de la Lobe,South,neutral,4.1,True,False
QRY-003082,2026-07-15 11:55,SESS-001226,VIS-01227,text,French,foreign,Chad,cultural_info,Plage de Kribi (Tara Plage),South,positive,2.5,True,False
QRY-001866,2026-07-15 11:59,SESS-000743,VIS-00744,text,English,domestic,North,cultural_info,Musee National de Yaounde,Centre,neutral,2.7,True,False
QRY-005243,2026-07-15 12:11,SESS-002080,VIS-02081,text,French,domestic,North,opening_hours,Hotel Ilomba,South,neutral,2.8,True,False
QRY-000548,2026-07-15 12:18,SESS-000228,VIS-00229,text,French,foreign,Gabon,opening_hours,Seme Beach Hotel,South West,positive,2.1,True,False
QRY-004629,2026-07-15 12:41,SESS-001828,VIS-01829,text,English,foreign,Equatorial Guinea,transport_fare,Plage de Kribi (Tara Plage),South,neutral,1.5,True,False
QRY-001657,2026-07-15 12:41,SESS-000662,VIS-00663,text,French,domestic,North West,pricing,West Region Gastronomy Spots,West,neutral,3.4,True,False
QRY-001664,2026-07-15 13:08,SESS-000664,VIS-00665,text,Pidgin,foreign,Nigeria,pricing,Les Gites de Kribi,South,positive,1.3,True,False
QRY-002999,2026-07-15 14:21,SESS-001183,VIS-01184,text,French,domestic,South,transport_fare,Hilton Yaounde,Centre,positive,4.8,True,False
QRY-004823,2026-07-15 14:42,SESS-001904,VIS-01905,text,English,domestic,East,directions,Musee National de Yaounde,Centre,positive,4.5,True,False
QRY-004790,2026-07-15 14:50,SESS-001892,VIS-01893,text,English,foreign,USA,transport_fare,West Region Gastronomy Spots,West,positive,1.6,True,False
QRY-003144,2026-07-15 15:22,SESS-001255,VIS-01256,text,English,foreign,Canada,opening_hours,Les Gites de Kribi,South,neutral,1.9,True,False
QRY-002799,2026-07-15 15:37,SESS-001102,VIS-01103,text,English,foreign,UK,directions,Limbe Botanic Garden,South West,positive,3.0,True,False
QRY-004766,2026-07-15 15:38,SESS-001883,VIS-01884,text,French,domestic,Littoral,transport_fare,Mount Cameroon (Upper Farms),South West,neutral,3.9,True,False
QRY-005376,2026-07-15 15:48,SESS-002136,VIS-02137,text,Pidgin,domestic,North West,general_chat,,East,positive,3.0,True,False
QRY-004042,2026-07-15 16:16,SESS-001600,VIS-01601,text,English,domestic,South West,general_chat,,Far North,positive,1.5,True,False
QRY-003108,2026-07-15 16:28,SESS-001238,VIS-01239,voice_note,French,domestic,East,cultural_info,Artisanal Village & Flower Market,Littoral,positive,3.6,True,False
QRY-001437,2026-07-15 16:46,SESS-000574,VIS-00575,text,French,domestic,South,opening_hours,Chez Wou & La Salsa,Centre,neutral,2.7,True,False
QRY-004656,2026-07-15 16:55,SESS-001840,VIS-01841,text,French,domestic,Littoral,pricing,FINI Hotel Bobende,South West,neutral,2.5,True,False
QRY-005352,2026-07-15 17:16,SESS-002129,VIS-02130,text,French,domestic,Littoral,cultural_info,Chutes d'Ekom Nkam,Littoral,neutral,3.9,True,False
QRY-003717,2026-07-15 17:19,SESS-001477,VIS-01478,text,French,domestic,South West,pricing,Campo Ma'an National Park,South,neutral,3.6,True,False
QRY-004256,2026-07-15 17:30,SESS-001679,VIS-01680,text,French,foreign,Germany,pricing,Mont Febe & Golf Club,Centre,neutral,2.4,True,False
QRY-005331,2026-07-15 17:42,SESS-002119,VIS-02120,voice_note,Pidgin,foreign,Chad,cultural_info,FINI Hotel Bobende,South West,negative,3.9,True,False
QRY-005757,2026-07-15 17:43,SESS-002300,VIS-02301,voice_note,French,foreign,UK,general_chat,,South,neutral,4.4,True,False
QRY-004133,2026-07-15 17:45,SESS-001633,VIS-01634,voice_note,English,domestic,East,pricing,Musee National de Yaounde,Centre,neutral,4.1,True,False
QRY-003767,2026-07-15 17:45,SESS-001503,VIS-01504,text,French,foreign,Equatorial Guinea,directions,Les Gites de Kribi,South,neutral,2.6,True,False
QRY-000777,2026-07-15 18:02,SESS-000309,VIS-00310,voice_note,French,foreign,Nigeria,general_chat,,South,positive,2.8,True,False
QRY-000551,2026-07-15 18:11,SESS-000230,VIS-00231,text,French,domestic,Far North,cultural_info,Palais Royal de Foumban & Museum,West,neutral,1.8,True,False
QRY-004692,2026-07-15 18:25,SESS-001855,VIS-01856,text,French,foreign,Equatorial Guinea,booking_interest,Chefferie de Bandjoun,West,positive,2.5,True,False
QRY-006143,2026-07-15 19:04,SESS-002452,VIS-02453,text,English,domestic,South,booking_interest,Mont Febe & Golf Club,Centre,positive,2.9,True,False
QRY-001283,2026-07-15 19:14,SESS-000507,VIS-00508,voice_note,French,domestic,Far North,transport_fare,Les Gites de Kribi,South,neutral,3.6,True,False
QRY-005649,2026-07-15 19:59,SESS-002253,VIS-02254,text,French,foreign,Chad,pricing,Mvog-Betsi Zoo & Botanical Garden,Centre,neutral,3.1,True,False
QRY-001553,2026-07-15 20:11,SESS-000620,VIS-00621,voice_note,French,foreign,Belgium,directions,Musee National de Yaounde,Centre,positive,3.0,True,False
QRY-000739,2026-07-15 20:20,SESS-000292,VIS-00293,text,French,domestic,Centre,cultural_info,L'Ovalie & La Fourchette,Littoral,neutral,3.0,True,False
QRY-005989,2026-07-15 20:22,SESS-002399,VIS-02400,text,English,domestic,South West,cultural_info,Grand Batanga & Luma Museum,South,neutral,3.1,True,False
QRY-005883,2026-07-15 20:35,SESS-002360,VIS-02361,text,Pidgin,domestic,Littoral,general_chat,,South West,positive,3.4,True,False
QRY-002910,2026-07-15 20:37,SESS-001147,VIS-01148,text,Pidgin,domestic,Littoral,cultural_info,Chez Carimo / Lobe Shacks,South,positive,2.9,False,False
QRY-004949,2026-07-15 20:52,SESS-001955,VIS-01956,text,French,domestic,Littoral,pricing,Domaine du Petpenoun,West,positive,3.5,True,False
QRY-004243,2026-07-15 20:59,SESS-001677,VIS-01678,text,English,foreign,Equatorial Guinea,transport_fare,Marche Sandaga & Deido Soya,Littoral,neutral,3.0,True,False
QRY-003259,2026-07-15 21:03,SESS-001303,VIS-01304,voice_note,French,foreign,USA,transport_fare,Palais des Rois Bell (Pagode),Littoral,neutral,3.5,True,False
QRY-003703,2026-07-15 21:03,SESS-001473,VIS-01474,text,French,domestic,South,general_chat,,South West,neutral,2.7,True,False
QRY-001493,2026-07-15 21:38,SESS-000598,VIS-00599,text,Pidgin,domestic,East,transport_fare,Mount Cameroon (Upper Farms),South West,neutral,3.2,True,False
QRY-000273,2026-07-15 21:48,SESS-000124,VIS-00125,text,Pidgin,domestic,East,opening_hours,West Region Gastronomy Spots,West,positive,3.8,True,False
QRY-002839,2026-07-15 21:51,SESS-001117,VIS-01118,text,English,foreign,Germany,pricing,Marche Sandaga & Deido Soya,Littoral,positive,3.8,False,False
QRY-002646,2026-07-15 22:12,SESS-001048,VIS-01049,text,Pidgin,foreign,Nigeria,pricing,Mvog-Betsi Zoo & Botanical Garden,Centre,positive,2.2,True,False
QRY-006196,2026-07-15 22:21,SESS-002473,VIS-02474,text,French,domestic,Far North,cultural_info,Star Land Hotel Bastos,Centre,negative,3.4,True,False
QRY-004995,2026-07-15 22:23,SESS-001973,VIS-01974,text,French,foreign,Gabon,transport_fare,Krystal Palace Douala,Littoral,positive,1.9,True,False
QRY-002817,2026-07-16 06:11,SESS-001109,VIS-01110,text,English,foreign,USA,transport_fare,Chutes de la Lobe,South,neutral,3.7,True,False
QRY-006023,2026-07-16 07:01,SESS-002408,VIS-02409,voice_note,French,foreign,Gabon,cultural_info,Musee National de Yaounde,Centre,positive,4.3,True,False
QRY-000136,2026-07-16 07:27,SESS-000062,VIS-00063,text,Pidgin,domestic,North,opening_hours,Hotel Ilomba,South,positive,3.4,True,False
QRY-000486,2026-07-16 07:54,SESS-000204,VIS-00205,text,Pidgin,foreign,South Africa,transport_fare,Down Beach & Batoke Beach,South West,positive,3.5,True,False
QRY-005669,2026-07-16 08:01,SESS-002261,VIS-02262,voice_note,English,domestic,Far North,transport_fare,Grand Batanga & Luma Museum,South,neutral,3.0,True,False
QRY-000516,2026-07-16 08:06,SESS-000218,VIS-00219,voice_note,English,foreign,China,pricing,Monument de la Reunification,Centre,neutral,4.3,True,False
QRY-000914,2026-07-16 08:51,SESS-000361,VIS-00362,voice_note,French,foreign,Chad,opening_hours,Rue des Artisans,West,negative,3.2,True,False
QRY-002517,2026-07-16 08:52,SESS-001002,VIS-01003,text,French,foreign,Gabon,opening_hours,Musee National de Yaounde,Centre,positive,3.8,True,False
QRY-002131,2026-07-16 08:57,SESS-000846,VIS-00847,text,English,domestic,Far North,opening_hours,Down Beach Roasted Fish Sheds,South West,neutral,3.7,True,False
QRY-001962,2026-07-16 08:58,SESS-000784,VIS-00785,text,Pidgin,domestic,North,transport_fare,Rue des Artisans,West,negative,2.9,True,False
QRY-005439,2026-07-16 09:06,SESS-002165,VIS-02166,voice_note,French,domestic,Adamawa,transport_fare,Hilton Yaounde,Centre,positive,3.4,False,False
QRY-000332,2026-07-16 09:23,SESS-000149,VIS-00150,voice_note,French,domestic,North West,pricing,Limbe Wildlife Centre,South West,positive,2.5,True,False
QRY-006022,2026-07-16 09:26,SESS-002408,VIS-02409,voice_note,French,foreign,China,cultural_info,Domaine du Petpenoun,West,positive,3.5,True,False
QRY-002387,2026-07-16 09:30,SESS-000955,VIS-00956,text,French,domestic,Centre,transport_fare,Pullman Douala Rabingha,Littoral,negative,2.5,True,False
QRY-000437,2026-07-16 09:30,SESS-000186,VIS-00187,voice_note,French,foreign,South Africa,directions,Mefou Primate Sanctuary,Centre,positive,3.6,True,False
QRY-001292,2026-07-16 10:18,SESS-000510,VIS-00511,text,French,domestic,North,opening_hours,Hotel Zingana,West,neutral,4.8,True,False
QRY-006103,2026-07-16 10:32,SESS-002435,VIS-02436,text,Pidgin,foreign,Equatorial Guinea,directions,West Region Gastronomy Spots,West,positive,2.8,True,False
QRY-002852,2026-07-16 10:59,SESS-001122,VIS-01123,text,French,domestic,Centre,opening_hours,Musee National de Yaounde,Centre,neutral,3.2,True,False
QRY-003029,2026-07-16 11:06,SESS-001193,VIS-01194,voice_note,English,domestic,West,opening_hours,Plage de Kribi (Tara Plage),South,positive,3.5,False,False
QRY-004928,2026-07-16 11:12,SESS-001947,VIS-01948,voice_note,English,foreign,Equatorial Guinea,opening_hours,Palais des Rois Bell (Pagode),Littoral,neutral,3.8,True,False
QRY-002217,2026-07-16 11:27,SESS-000883,VIS-00884,text,French,domestic,South West,opening_hours,Limbe Botanic Garden,South West,neutral,4.0,True,False
QRY-002715,2026-07-16 11:34,SESS-001075,VIS-01076,voice_note,English,domestic,West,pricing,Monument de la Reunification,Centre,positive,1.4,True,False
QRY-001976,2026-07-16 11:52,SESS-000786,VIS-00787,voice_note,English,foreign,Nigeria,general_chat,,South West,positive,3.6,True,False
QRY-001735,2026-07-16 11:53,SESS-000694,VIS-00695,text,Pidgin,foreign,South Africa,cultural_info,Chez Carimo / Lobe Shacks,South,neutral,5.5,True,False
QRY-003741,2026-07-16 11:53,SESS-001487,VIS-01488,text,French,domestic,Centre,transport_fare,Pullman Douala Rabingha,Littoral,negative,5.7,True,False
QRY-000818,2026-07-16 11:57,SESS-000322,VIS-00323,text,French,domestic,South West,opening_hours,Mont Febe & Golf Club,Centre,neutral,2.5,True,False
QRY-003588,2026-07-16 12:08,SESS-001426,VIS-01427,text,English,foreign,France,cultural_info,Down Beach & Batoke Beach,South West,positive,5.1,True,False
QRY-000014,2026-07-16 12:09,SESS-000006,VIS-00007,text,English,foreign,Gabon,directions,Limbe Wildlife Centre,South West,positive,3.0,True,False
QRY-004080,2026-07-16 12:30,SESS-001615,VIS-01616,voice_note,French,domestic,Littoral,general_chat,,East,positive,3.7,True,False
QRY-001609,2026-07-16 12:30,SESS-000636,VIS-00637,text,French,domestic,North,opening_hours,Grand Batanga & Luma Museum,South,neutral,4.5,True,False
QRY-002074,2026-07-16 12:51,SESS-000826,VIS-00827,voice_note,French,foreign,Gabon,emergency_sos,Star Land Hotel Bastos,Centre,negative,3.8,True,True
QRY-001757,2026-07-16 12:55,SESS-000701,VIS-00702,text,French,domestic,Centre,booking_interest,Mont Febe & Golf Club,Centre,neutral,3.4,True,False
QRY-004416,2026-07-16 13:04,SESS-001739,VIS-01740,text,English,foreign,France,cultural_info,Rue des Artisans,West,positive,3.1,True,False
QRY-005659,2026-07-16 13:04,SESS-002258,VIS-02259,text,French,domestic,South,pricing,Rue des Artisans,West,neutral,3.5,True,False
QRY-001689,2026-07-16 13:06,SESS-000676,VIS-00677,text,French,domestic,South West,general_chat,,Adamawa,positive,3.0,True,False
QRY-002647,2026-07-16 13:44,SESS-001048,VIS-01049,voice_note,English,domestic,North,transport_fare,Monument de la Reunification,Centre,positive,3.3,True,False
QRY-005693,2026-07-16 14:01,SESS-002268,VIS-02269,text,French,domestic,Centre,cultural_info,Hilton Yaounde,Centre,neutral,3.9,True,False
QRY-004850,2026-07-16 14:47,SESS-001913,VIS-01914,text,French,domestic,South,cultural_info,Plage de Kribi (Tara Plage),South,neutral,2.3,True,False
QRY-000469,2026-07-16 14:53,SESS-000200,VIS-00201,text,Pidgin,domestic,South West,general_chat,,Centre,positive,3.3,True,False
QRY-004565,2026-07-16 15:02,SESS-001802,VIS-01803,text,English,domestic,South West,booking_interest,FINI Hotel Bobende,South West,neutral,2.7,True,False
QRY-001666,2026-07-16 15:12,SESS-000665,VIS-00666,text,English,foreign,France,pricing,Limbe Wildlife Centre,South West,negative,5.9,True,False
QRY-001390,2026-07-16 15:14,SESS-000552,VIS-00553,text,French,foreign,USA,general_chat,,East,neutral,2.4,True,False
QRY-004077,2026-07-16 15:19,SESS-001614,VIS-01615,text,English,foreign,South Africa,directions,Domaine du Petpenoun,West,positive,3.0,True,False
QRY-002424,2026-07-16 15:25,SESS-000967,VIS-00968,text,French,domestic,Adamawa,opening_hours,Mvog-Betsi Zoo & Botanical Garden,Centre,positive,3.8,True,False
QRY-004469,2026-07-16 15:29,SESS-001756,VIS-01757,text,French,foreign,France,pricing,Limbe Wildlife Centre,South West,neutral,3.4,True,False
QRY-000608,2026-07-16 16:07,SESS-000254,VIS-00255,text,Pidgin,foreign,China,booking_interest,Campo Ma'an National Park,South,neutral,3.2,True,False
QRY-002827,2026-07-16 16:32,SESS-001112,VIS-01113,voice_note,English,domestic,West,transport_fare,Palais des Rois Bell (Pagode),Littoral,negative,2.8,True,False
QRY-002557,2026-07-16 16:51,SESS-001022,VIS-01023,voice_note,French,domestic,West,transport_fare,Palais des Rois Bell (Pagode),Littoral,negative,4.9,True,False
QRY-005958,2026-07-16 18:16,SESS-002389,VIS-02390,text,French,foreign,France,transport_fare,Chefferie de Bandjoun,West,neutral,1.5,True,False
QRY-000657,2026-07-16 19:06,SESS-000270,VIS-00271,text,English,domestic,Littoral,pricing,Down Beach Roasted Fish Sheds,South West,neutral,3.0,True,False
QRY-005116,2026-07-16 19:12,SESS-002021,VIS-02022,text,French,domestic,East,cultural_info,Musee National de Yaounde,Centre,positive,3.5,True,False
QRY-002434,2026-07-16 19:22,SESS-000971,VIS-00972,voice_note,French,domestic,South,opening_hours,Musee National de Yaounde,Centre,neutral,2.5,False,False
QRY-004295,2026-07-16 19:26,SESS-001688,VIS-01689,voice_note,French,domestic,South West,cultural_info,Monument de la Reunification,Centre,neutral,3.6,True,False
QRY-005832,2026-07-16 19:56,SESS-002336,VIS-02337,text,English,foreign,Belgium,opening_hours,Mount Cameroon (Upper Farms),South West,negative,2.8,True,False
QRY-000306,2026-07-16 20:14,SESS-000138,VIS-00139,text,French,domestic,Far North,cultural_info,Grand Batanga & Luma Museum,South,positive,4.0,True,False
QRY-001317,2026-07-16 20:28,SESS-000519,VIS-00520,text,French,domestic,South West,emergency_sos,Mont Febe & Golf Club,Centre,negative,0.8,True,True
QRY-001110,2026-07-16 20:45,SESS-000435,VIS-00436,text,French,domestic,South West,transport_fare,Palais des Rois Bell (Pagode),Littoral,neutral,4.4,False,False
QRY-004768,2026-07-16 21:10,SESS-001884,VIS-01885,text,English,foreign,South Africa,directions,Marche Sandaga & Deido Soya,Littoral,negative,3.0,True,False
QRY-000689,2026-07-16 21:12,SESS-000279,VIS-00280,voice_note,French,domestic,Adamawa,directions,Monument de la Reunification,Centre,neutral,3.8,True,False
QRY-002366,2026-07-16 21:13,SESS-000945,VIS-00946,text,French,foreign,Belgium,opening_hours,Musee National de Yaounde,Centre,neutral,2.5,True,False
QRY-003037,2026-07-16 21:16,SESS-001197,VIS-01198,voice_note,English,domestic,North West,cultural_info,Artisanal Village & Flower Market,Littoral,neutral,4.3,True,False
QRY-001534,2026-07-16 21:34,SESS-000611,VIS-00612,text,English,foreign,South Africa,opening_hours,Krystal Palace Douala,Littoral,neutral,3.2,True,False
QRY-003308,2026-07-16 22:07,SESS-001323,VIS-01324,text,English,domestic,South,pricing,Mount Cameroon (Upper Farms),South West,positive,3.9,True,False
QRY-000809,2026-07-16 22:22,SESS-000319,VIS-00320,voice_note,French,domestic,Adamawa,cultural_info,Limbe Botanic Garden,South West,neutral,3.1,False,False
QRY-004542,2026-07-17 06:12,SESS-001792,VIS-01793,text,English,domestic,Centre,general_chat,,East,neutral,3.5,True,False
QRY-002612,2026-07-17 06:30,SESS-001034,VIS-01035,text,Pidgin,domestic,South West,cultural_info,FINI Hotel Bobende,South West,positive,4.7,True,False
QRY-001024,2026-07-17 07:07,SESS-000404,VIS-00405,text,French,domestic,Far North,cultural_info,Star Land Hotel Bastos,Centre,negative,4.3,True,False
QRY-003878,2026-07-17 07:23,SESS-001544,VIS-01545,voice_note,English,domestic,South,opening_hours,Musee Maritime de Douala,Littoral,positive,3.0,True,False
QRY-001714,2026-07-17 07:26,SESS-000686,VIS-00687,text,French,domestic,South West,pricing,L'Ovalie & La Fourchette,Littoral,neutral,3.8,True,False
QRY-003671,2026-07-17 07:30,SESS-001456,VIS-01457,text,English,domestic,North,pricing,Palais des Rois Bell (Pagode),Littoral,neutral,4.5,True,False
QRY-000344,2026-07-17 07:58,SESS-000152,VIS-00153,text,English,domestic,North West,pricing,Palais Royal de Foumban & Museum,West,neutral,4.4,True,False
QRY-001395,2026-07-17 08:46,SESS-000554,VIS-00555,voice_note,French,domestic,Littoral,cultural_info,Star Land Hotel Bastos,Centre,neutral,3.8,True,False
QRY-004891,2026-07-17 09:50,SESS-001935,VIS-01936,voice_note,French,foreign,Gabon,pricing,Musee Maritime de Douala,Littoral,neutral,3.3,True,False
QRY-004811,2026-07-17 10:34,SESS-001900,VIS-01901,text,English,domestic,Centre,booking_interest,Marche Sandaga & Deido Soya,Littoral,neutral,2.1,True,False
QRY-005024,2026-07-17 10:37,SESS-001984,VIS-01985,text,English,domestic,Adamawa,pricing,Down Beach & Batoke Beach,South West,positive,3.3,True,False
QRY-004065,2026-07-17 10:53,SESS-001609,VIS-01610,voice_note,English,domestic,South West,booking_interest,FINI Hotel Bobende,South West,neutral,2.3,True,False
QRY-004305,2026-07-17 11:01,SESS-001695,VIS-01696,text,Pidgin,domestic,South,directions,Monument de la Reunification,Centre,neutral,3.6,True,False
QRY-002928,2026-07-17 11:29,SESS-001156,VIS-01157,text,French,domestic,Littoral,general_chat,,Littoral,positive,3.6,True,False
QRY-001642,2026-07-17 11:31,SESS-000656,VIS-00657,text,English,domestic,Far North,opening_hours,Grand Batanga & Luma Museum,South,neutral,3.0,True,False
QRY-001844,2026-07-17 12:43,SESS-000736,VIS-00737,text,English,domestic,North West,opening_hours,Mount Cameroon (Upper Farms),South West,neutral,4.6,True,False
QRY-005610,2026-07-17 13:00,SESS-002236,VIS-02237,text,French,domestic,South West,transport_fare,L'Ovalie & La Fourchette,Littoral,positive,3.7,True,False
QRY-001619,2026-07-17 13:06,SESS-000642,VIS-00643,voice_note,French,foreign,Germany,pricing,Chutes de la Lobe,South,neutral,3.3,True,False
QRY-004483,2026-07-17 13:08,SESS-001762,VIS-01763,text,French,foreign,UK,pricing,Chutes de la Lobe,South,positive,4.5,True,False
QRY-004675,2026-07-17 13:11,SESS-001848,VIS-01849,text,French,domestic,East,opening_hours,Hilton Yaounde,Centre,neutral,3.7,True,False
QRY-001401,2026-07-17 13:29,SESS-000557,VIS-00558,text,English,foreign,Canada,booking_interest,Down Beach & Batoke Beach,South West,neutral,2.3,True,False
QRY-000563,2026-07-17 13:36,SESS-000237,VIS-00238,text,English,domestic,Adamawa,pricing,Star Land Hotel Bastos,Centre,negative,3.5,True,False
QRY-005695,2026-07-17 13:37,SESS-002270,VIS-02271,text,English,foreign,USA,opening_hours,Plage de Kribi (Tara Plage),South,positive,4.3,True,False
QRY-005562,2026-07-17 14:09,SESS-002218,VIS-02219,text,English,domestic,South West,cultural_info,Down Beach & Batoke Beach,South West,neutral,3.0,True,False
QRY-000256,2026-07-17 14:10,SESS-000116,VIS-00117,text,French,domestic,Centre,directions,Monument de la Reunification,Centre,neutral,4.2,True,False
QRY-003110,2026-07-17 14:36,SESS-001239,VIS-01240,text,French,domestic,South,pricing,Mvog-Betsi Zoo & Botanical Garden,Centre,positive,2.2,True,False
QRY-003391,2026-07-17 15:08,SESS-001355,VIS-01356,text,English,domestic,South West,emergency_sos,Palais des Rois Bell (Pagode),Littoral,neutral,1.4,True,True
QRY-002767,2026-07-17 15:21,SESS-001093,VIS-01094,text,French,domestic,South West,directions,Chutes de la Lobe,South,neutral,3.1,True,False
QRY-000639,2026-07-17 15:22,SESS-000262,VIS-00263,voice_note,French,domestic,East,general_chat,,North,neutral,4.2,True,False
QRY-001921,2026-07-17 15:27,SESS-000765,VIS-00766,text,French,domestic,Littoral,pricing,L'Ovalie & La Fourchette,Littoral,positive,2.3,True,False
QRY-000751,2026-07-17 15:31,SESS-000297,VIS-00298,text,French,domestic,South,pricing,Hilton Yaounde,Centre,neutral,0.8,True,False
QRY-001477,2026-07-17 15:36,SESS-000592,VIS-00593,text,French,domestic,Littoral,directions,Mount Cameroon (Upper Farms),South West,positive,3.2,True,False
QRY-001074,2026-07-17 17:10,SESS-000425,VIS-00426,text,French,domestic,South West,pricing,Krystal Palace Douala,Littoral,neutral,5.9,True,False
QRY-001717,2026-07-17 17:12,SESS-000687,VIS-00688,text,French,domestic,North,opening_hours,Down Beach & Batoke Beach,South West,positive,4.4,True,False
QRY-002675,2026-07-17 17:28,SESS-001054,VIS-01055,text,English,domestic,South West,cultural_info,Limbe Wildlife Centre,South West,neutral,1.9,True,False
QRY-002894,2026-07-17 17:49,SESS-001141,VIS-01142,text,English,domestic,Adamawa,directions,FINI Hotel Bobende,South West,positive,4.0,True,False
QRY-000760,2026-07-17 18:13,SESS-000302,VIS-00303,text,English,domestic,North West,general_chat,,East,negative,3.2,True,False
QRY-005854,2026-07-17 18:19,SESS-002348,VIS-02349,text,French,domestic,North West,cultural_info,Les Gites de Kribi,South,positive,3.3,True,False
QRY-001578,2026-07-17 18:37,SESS-000624,VIS-00625,text,English,domestic,Littoral,booking_interest,Palais Royal de Foumban & Museum,West,positive,4.4,True,False
QRY-001320,2026-07-17 18:39,SESS-000520,VIS-00521,text,Pidgin,foreign,Germany,general_chat,,South West,neutral,2.1,True,False
QRY-003722,2026-07-17 18:57,SESS-001479,VIS-01480,voice_note,French,domestic,Far North,directions,Grand Batanga & Luma Museum,South,positive,2.2,True,False
QRY-004113,2026-07-17 19:07,SESS-001627,VIS-01628,text,English,domestic,South,directions,Musee Maritime de Douala,Littoral,positive,4.1,True,False
QRY-005828,2026-07-17 19:10,SESS-002334,VIS-02335,text,English,domestic,South,general_chat,,Littoral,positive,3.7,True,False
QRY-001343,2026-07-17 19:26,SESS-000531,VIS-00532,voice_note,Pidgin,domestic,Far North,booking_interest,Chutes d'Ekom Nkam,Littoral,neutral,4.1,True,False
QRY-002395,2026-07-17 19:28,SESS-000959,VIS-00960,text,English,domestic,Far North,transport_fare,Musee National de Yaounde,Centre,negative,2.9,True,False
QRY-001569,2026-07-17 19:39,SESS-000623,VIS-00624,text,Pidgin,foreign,Gabon,opening_hours,Rue des Artisans,West,positive,3.6,True,False
QRY-001269,2026-07-17 19:43,SESS-000504,VIS-00505,text,Pidgin,domestic,Adamawa,cultural_info,Krystal Palace Douala,Littoral,positive,4.3,True,False
QRY-004498,2026-07-17 19:44,SESS-001771,VIS-01772,text,French,foreign,UK,directions,Artisanal Village & Flower Market,Littoral,neutral,4.4,True,False
QRY-000243,2026-07-17 19:47,SESS-000112,VIS-00113,voice_note,Pidgin,domestic,South West,directions,Limbe Wildlife Centre,South West,neutral,2.8,True,False
QRY-001120,2026-07-17 20:01,SESS-000441,VIS-00442,text,Pidgin,foreign,South Africa,booking_interest,Grand Batanga & Luma Museum,South,neutral,2.6,True,False
QRY-002581,2026-07-17 20:10,SESS-001028,VIS-01029,voice_note,English,domestic,North West,directions,Palais Royal de Foumban & Museum,West,neutral,4.7,True,False
QRY-001146,2026-07-17 20:17,SESS-000454,VIS-00455,text,French,domestic,Littoral,transport_fare,Pullman Douala Rabingha,Littoral,neutral,4.9,True,False
QRY-001470,2026-07-17 20:33,SESS-000591,VIS-00592,text,English,domestic,Far North,transport_fare,Artisanal Village & Flower Market,Littoral,positive,2.4,True,False
QRY-000446,2026-07-17 21:08,SESS-000191,VIS-00192,text,Pidgin,foreign,China,cultural_info,Limbe Wildlife Centre,South West,neutral,5.8,True,False
QRY-004047,2026-07-17 21:26,SESS-001602,VIS-01603,text,French,domestic,South West,booking_interest,Mont Febe & Golf Club,Centre,positive,2.6,True,False
QRY-000797,2026-07-17 21:35,SESS-000314,VIS-00315,text,English,domestic,North West,pricing,Musee National de Yaounde,Centre,positive,2.0,True,False
QRY-000506,2026-07-17 21:42,SESS-000213,VIS-00214,text,French,domestic,South West,cultural_info,Artisanal Village & Flower Market,Littoral,neutral,2.8,True,False
QRY-001792,2026-07-17 22:17,SESS-000714,VIS-00715,text,French,domestic,Centre,booking_interest,Down Beach & Batoke Beach,South West,positive,4.0,True,False
QRY-004151,2026-07-17 22:28,SESS-001641,VIS-01642,voice_note,French,domestic,South,cultural_info,Palais Royal de Foumban & Museum,West,neutral,3.4,True,False
QRY-003238,2026-07-17 22:38,SESS-001296,VIS-01297,voice_note,French,domestic,West,emergency_sos,Seme Beach Hotel,South West,negative,0.8,True,True
QRY-003608,2026-07-17 22:39,SESS-001435,VIS-01436,text,English,domestic,North,booking_interest,Limbe Botanic Garden,South West,positive,3.3,True,False
QRY-002603,2026-07-17 22:49,SESS-001034,VIS-01035,text,French,foreign,Gabon,transport_fare,Grand Batanga & Luma Museum,South,neutral,3.5,True,False
QRY-004301,2026-07-18 06:14,SESS-001692,VIS-01693,text,Pidgin,foreign,South Africa,general_chat,,Adamawa,positive,2.6,True,False
QRY-005529,2026-07-18 07:02,SESS-002201,VIS-02202,voice_note,French,foreign,UK,directions,Chutes de la Lobe,South,positive,5.0,False,False
QRY-002447,2026-07-18 07:21,SESS-000978,VIS-00979,voice_note,French,foreign,USA,transport_fare,Grand Batanga & Luma Museum,South,neutral,1.6,True,False
QRY-005877,2026-07-18 07:28,SESS-002358,VIS-02359,text,English,foreign,South Africa,opening_hours,Limbe Wildlife Centre,South West,positive,4.7,True,False
QRY-002394,2026-07-18 07:31,SESS-000959,VIS-00960,text,French,domestic,Far North,transport_fare,Down Beach & Batoke Beach,South West,negative,2.6,True,False
QRY-003811,2026-07-18 07:49,SESS-001520,VIS-01521,text,English,domestic,East,cultural_info,FINI Hotel Bobende,South West,neutral,3.5,True,False
QRY-004208,2026-07-18 08:23,SESS-001665,VIS-01666,text,French,domestic,South West,cultural_info,FINI Hotel Bobende,South West,neutral,3.3,True,False
QRY-002133,2026-07-18 08:32,SESS-000846,VIS-00847,voice_note,French,domestic,Adamawa,transport_fare,Monument de la Reunification,Centre,neutral,4.4,False,False
QRY-000427,2026-07-18 08:46,SESS-000181,VIS-00182,text,French,foreign,UK,cultural_info,Pullman Douala Rabingha,Littoral,neutral,4.1,True,False
QRY-004438,2026-07-18 08:49,SESS-001746,VIS-01747,text,Pidgin,foreign,France,cultural_info,L'Ovalie & La Fourchette,Littoral,negative,4.9,True,False
QRY-003900,2026-07-18 08:49,SESS-001551,VIS-01552,text,French,foreign,Gabon,opening_hours,Mefou Primate Sanctuary,Centre,neutral,4.7,True,False
QRY-003282,2026-07-18 08:57,SESS-001312,VIS-01313,text,French,domestic,South West,opening_hours,Chutes d'Ekom Nkam,Littoral,neutral,1.9,True,False
QRY-000093,2026-07-18 09:08,SESS-000041,VIS-00042,voice_note,Pidgin,foreign,Equatorial Guinea,transport_fare,Hotel Ilomba,South,positive,5.0,True,False
QRY-003825,2026-07-18 09:28,SESS-001524,VIS-01525,voice_note,French,domestic,East,cultural_info,Musee National de Yaounde,Centre,neutral,3.5,True,False
QRY-001276,2026-07-18 09:41,SESS-000505,VIS-00506,text,French,domestic,Centre,opening_hours,Down Beach & Batoke Beach,South West,neutral,3.7,True,False
QRY-005692,2026-07-18 10:10,SESS-002268,VIS-02269,text,French,domestic,North West,cultural_info,Chutes de la Lobe,South,neutral,4.6,True,False
QRY-003558,2026-07-18 10:19,SESS-001414,VIS-01415,text,French,domestic,Adamawa,opening_hours,Limbe Botanic Garden,South West,neutral,3.0,True,False
QRY-001924,2026-07-18 10:35,SESS-000767,VIS-00768,text,French,foreign,France,transport_fare,Krystal Palace Douala,Littoral,neutral,5.0,True,False
QRY-001849,2026-07-18 10:37,SESS-000737,VIS-00738,text,Pidgin,domestic,Littoral,opening_hours,Musee National de Yaounde,Centre,neutral,1.7,True,False
QRY-003262,2026-07-18 10:45,SESS-001304,VIS-01305,text,French,foreign,France,transport_fare,Palais des Rois Bell (Pagode),Littoral,neutral,1.6,True,False
QRY-003271,2026-07-18 10:45,SESS-001307,VIS-01308,voice_note,English,domestic,South West,booking_interest,West Region Gastronomy Spots,West,positive,3.1,True,False
QRY-005182,2026-07-18 10:52,SESS-002054,VIS-02055,voice_note,French,domestic,Centre,pricing,Hotel Ilomba,South,neutral,3.6,True,False
QRY-002736,2026-07-18 10:55,SESS-001082,VIS-01083,voice_note,French,domestic,North,transport_fare,Pullman Douala Rabingha,Littoral,neutral,4.2,True,False
QRY-002122,2026-07-18 10:55,SESS-000843,VIS-00844,text,English,foreign,Germany,opening_hours,Les Gites de Kribi,South,neutral,2.1,True,False
QRY-004044,2026-07-18 11:33,SESS-001600,VIS-01601,text,French,foreign,UK,transport_fare,Krystal Palace Douala,Littoral,neutral,1.8,True,False
QRY-001969,2026-07-18 11:35,SESS-000785,VIS-00786,text,French,domestic,South,general_chat,,East,positive,3.2,True,False
QRY-000732,2026-07-18 12:00,SESS-000291,VIS-00292,text,English,foreign,Chad,transport_fare,Chez Carimo / Lobe Shacks,South,neutral,2.9,True,False
QRY-002729,2026-07-18 12:21,SESS-001080,VIS-01081,text,French,domestic,North West,cultural_info,West Region Gastronomy Spots,West,neutral,2.1,True,False
QRY-006092,2026-07-18 12:42,SESS-002430,VIS-02431,text,English,foreign,China,directions,Limbe Wildlife Centre,South West,neutral,2.1,True,False
QRY-002626,2026-07-18 12:43,SESS-001039,VIS-01040,text,English,domestic,South West,cultural_info,Down Beach Roasted Fish Sheds,South West,neutral,1.7,True,False
QRY-005201,2026-07-18 12:48,SESS-002061,VIS-02062,text,French,foreign,Nigeria,pricing,Campo Ma'an National Park,South,negative,3.6,False,False
QRY-004334,2026-07-18 13:12,SESS-001705,VIS-01706,text,French,domestic,Adamawa,general_chat,,Centre,positive,2.8,True,False
QRY-005889,2026-07-18 13:12,SESS-002363,VIS-02364,text,Pidgin,domestic,North West,transport_fare,Marche Sandaga & Deido Soya,Littoral,neutral,2.6,True,False
QRY-005814,2026-07-18 13:49,SESS-002329,VIS-02330,text,French,domestic,South,transport_fare,Down Beach & Batoke Beach,South West,positive,3.1,False,False
QRY-000675,2026-07-18 14:26,SESS-000274,VIS-00275,text,English,foreign,China,general_chat,,North West,positive,2.4,True,False
QRY-000561,2026-07-18 14:50,SESS-000237,VIS-00238,text,English,foreign,Chad,pricing,L'Ovalie & La Fourchette,Littoral,neutral,3.4,True,False
QRY-005847,2026-07-18 14:58,SESS-002345,VIS-02346,voice_note,Pidgin,foreign,Nigeria,opening_hours,Rue des Artisans,West,neutral,4.6,True,False
QRY-001044,2026-07-18 15:13,SESS-000411,VIS-00412,text,English,domestic,North West,pricing,L'Ovalie & La Fourchette,Littoral,neutral,3.6,False,False
QRY-000010,2026-07-18 15:18,SESS-000005,VIS-00006,voice_note,French,domestic,Far North,opening_hours,L'Ovalie & La Fourchette,Littoral,neutral,3.4,True,False
QRY-000027,2026-07-18 15:29,SESS-000011,VIS-00012,text,Pidgin,foreign,South Africa,booking_interest,Marche Sandaga & Deido Soya,Littoral,neutral,3.1,True,False
QRY-000817,2026-07-18 15:39,SESS-000321,VIS-00322,voice_note,French,foreign,South Africa,transport_fare,Bimbia Slave Trade Port,South West,neutral,2.5,True,False
QRY-002405,2026-07-18 15:54,SESS-000961,VIS-00962,voice_note,English,foreign,France,transport_fare,Mont Febe & Golf Club,Centre,neutral,3.8,True,False
QRY-000957,2026-07-18 16:00,SESS-000378,VIS-00379,voice_note,English,domestic,South West,pricing,Chutes de la Lobe,South,positive,0.8,True,False
QRY-000171,2026-07-18 16:32,SESS-000079,VIS-00080,text,English,domestic,West,opening_hours,Chutes de la Lobe,South,neutral,5.0,True,False
QRY-004248,2026-07-18 16:33,SESS-001677,VIS-01678,text,French,domestic,North,cultural_info,Mount Cameroon (Upper Farms),South West,positive,0.8,True,False
QRY-002649,2026-07-18 16:34,SESS-001049,VIS-01050,text,English,domestic,North,directions,Les Gites de Kribi,South,neutral,2.7,True,False
QRY-001160,2026-07-18 16:50,SESS-000458,VIS-00459,text,French,domestic,Far North,booking_interest,Grand Batanga & Luma Museum,South,neutral,3.9,True,False
QRY-001537,2026-07-18 17:00,SESS-000612,VIS-00613,text,English,foreign,China,opening_hours,Chez Carimo / Lobe Shacks,South,neutral,2.1,True,False
QRY-003801,2026-07-18 17:00,SESS-001517,VIS-01518,text,French,foreign,Chad,emergency_sos,Star Land Hotel Bastos,Centre,negative,0.8,True,True
QRY-006150,2026-07-18 17:33,SESS-002453,VIS-02454,text,Pidgin,domestic,South West,booking_interest,Mont Febe & Golf Club,Centre,positive,2.2,False,False
QRY-005937,2026-07-18 18:04,SESS-002380,VIS-02381,voice_note,English,domestic,North,cultural_info,Monument de la Reunification,Centre,neutral,2.9,True,False
QRY-000451,2026-07-18 18:13,SESS-000194,VIS-00195,voice_note,French,domestic,Far North,pricing,Pullman Douala Rabingha,Littoral,neutral,2.9,True,False
QRY-005363,2026-07-18 18:28,SESS-002134,VIS-02135,text,English,domestic,Far North,booking_interest,Pullman Douala Rabingha,Littoral,positive,1.1,True,False
QRY-005419,2026-07-18 18:32,SESS-002154,VIS-02155,voice_note,French,domestic,North West,pricing,Musee Maritime de Douala,Littoral,neutral,3.5,True,False
QRY-000688,2026-07-18 18:37,SESS-000278,VIS-00279,text,English,domestic,Littoral,directions,Les Gites de Kribi,South,positive,4.0,True,False
QRY-005139,2026-07-18 18:49,SESS-002031,VIS-02032,text,French,foreign,Belgium,transport_fare,Limbe Wildlife Centre,South West,neutral,2.6,True,False
QRY-005708,2026-07-18 18:53,SESS-002276,VIS-02277,voice_note,French,foreign,Chad,transport_fare,Plage de Kribi (Tara Plage),South,neutral,2.7,True,False
QRY-004255,2026-07-18 19:15,SESS-001679,VIS-01680,text,English,domestic,Far North,cultural_info,Down Beach Roasted Fish Sheds,South West,neutral,2.5,True,False
QRY-000975,2026-07-18 19:33,SESS-000385,VIS-00386,text,Pidgin,domestic,Littoral,transport_fare,Down Beach Roasted Fish Sheds,South West,neutral,3.8,True,False
QRY-001890,2026-07-18 20:02,SESS-000753,VIS-00754,text,English,foreign,UK,opening_hours,Mvog-Betsi Zoo & Botanical Garden,Centre,neutral,3.8,True,False
QRY-000461,2026-07-18 20:42,SESS-000198,VIS-00199,text,French,domestic,South,cultural_info,Hilton Yaounde,Centre,neutral,3.4,True,False
QRY-005720,2026-07-18 20:56,SESS-002281,VIS-02282,voice_note,French,foreign,Gabon,pricing,Hilton Yaounde,Centre,positive,2.1,True,False
QRY-000339,2026-07-18 21:25,SESS-000150,VIS-00151,text,English,foreign,China,pricing,Bimbia Slave Trade Port,South West,positive,3.8,True,False
QRY-000655,2026-07-18 21:25,SESS-000269,VIS-00270,voice_note,French,foreign,Belgium,opening_hours,Star Land Hotel Bastos,Centre,neutral,3.9,True,False
QRY-002322,2026-07-18 21:28,SESS-000928,VIS-00929,text,French,foreign,Chad,transport_fare,Chez Carimo / Lobe Shacks,South,neutral,3.5,True,False
QRY-000386,2026-07-18 21:34,SESS-000169,VIS-00170,text,French,domestic,West,cultural_info,Hilton Yaounde,Centre,positive,2.1,True,False
QRY-000782,2026-07-18 21:39,SESS-000310,VIS-00311,text,French,foreign,France,general_chat,,Adamawa,negative,3.3,True,False
QRY-000665,2026-07-18 21:44,SESS-000272,VIS-00273,text,French,domestic,West,cultural_info,FINI Hotel Bobende,South West,positive,4.1,True,False
QRY-001073,2026-07-18 21:54,SESS-000424,VIS-00425,voice_note,English,domestic,East,booking_interest,Les Gites de Kribi,South,neutral,2.8,True,False
QRY-005476,2026-07-18 22:07,SESS-002178,VIS-02179,text,English,domestic,Centre,transport_fare,Chez Carimo / Lobe Shacks,South,neutral,3.4,True,False
QRY-000504,2026-07-18 22:20,SESS-000213,VIS-00214,text,English,domestic,North West,opening_hours,Marche Sandaga & Deido Soya,Littoral,positive,2.9,True,False
QRY-003030,2026-07-18 22:48,SESS-001194,VIS-01195,voice_note,English,domestic,North,pricing,Krystal Palace Douala,Littoral,positive,3.5,True,False
QRY-003278,2026-07-19 06:04,SESS-001310,VIS-01311,text,French,domestic,West,directions,Down Beach & Batoke Beach,South West,positive,1.8,True,False
QRY-003281,2026-07-19 06:18,SESS-001311,VIS-01312,text,French,domestic,Far North,pricing,Chutes de la Lobe,South,neutral,2.1,True,False
QRY-001179,2026-07-19 06:49,SESS-000463,VIS-00464,voice_note,English,foreign,Belgium,pricing,Chutes de la Lobe,South,neutral,4.9,True,False
QRY-003909,2026-07-19 06:52,SESS-001555,VIS-01556,text,French,domestic,South,directions,Star Land Hotel Bastos,Centre,neutral,2.3,True,False
QRY-004965,2026-07-19 06:56,SESS-001960,VIS-01961,voice_note,English,foreign,Equatorial Guinea,opening_hours,Hotel Zingana,West,neutral,3.8,True,False
QRY-001571,2026-07-19 07:38,SESS-000623,VIS-00624,voice_note,French,foreign,Belgium,pricing,Musee Maritime de Douala,Littoral,positive,4.6,True,False
QRY-002960,2026-07-19 07:51,SESS-001167,VIS-01168,text,French,domestic,North West,transport_fare,Mefou Primate Sanctuary,Centre,positive,2.9,True,False
QRY-006025,2026-07-19 08:09,SESS-002408,VIS-02409,text,English,domestic,North,transport_fare,Chutes de la Lobe,South,neutral,2.8,True,False
QRY-005636,2026-07-19 08:11,SESS-002248,VIS-02249,voice_note,Pidgin,domestic,Adamawa,cultural_info,Down Beach & Batoke Beach,South West,positive,4.6,True,False
QRY-006028,2026-07-19 08:48,SESS-002408,VIS-02409,voice_note,English,foreign,Equatorial Guinea,directions,Chez Carimo / Lobe Shacks,South,positive,3.4,True,False
QRY-005793,2026-07-19 09:34,SESS-002317,VIS-02318,voice_note,Pidgin,foreign,Germany,opening_hours,Pullman Douala Rabingha,Littoral,positive,2.8,True,False
QRY-001944,2026-07-19 09:41,SESS-000775,VIS-00776,text,French,domestic,Littoral,pricing,Mont Febe & Golf Club,Centre,neutral,4.6,True,False
QRY-001188,2026-07-19 09:44,SESS-000468,VIS-00469,text,French,domestic,East,general_chat,,South West,neutral,1.4,True,False
QRY-000358,2026-07-19 09:47,SESS-000157,VIS-00158,text,English,domestic,Adamawa,pricing,Hotel Zingana,West,neutral,2.5,True,False
QRY-003075,2026-07-19 09:54,SESS-001223,VIS-01224,voice_note,French,domestic,Centre,transport_fare,Star Land Hotel Bastos,Centre,neutral,4.1,True,False
QRY-002140,2026-07-19 10:18,SESS-000849,VIS-00850,text,Pidgin,domestic,Adamawa,general_chat,,West,neutral,3.4,True,False
QRY-002174,2026-07-19 11:34,SESS-000866,VIS-00867,text,English,domestic,West,transport_fare,L'Ovalie & La Fourchette,Littoral,neutral,2.9,True,False
QRY-002029,2026-07-19 11:40,SESS-000806,VIS-00807,voice_note,Pidgin,domestic,Centre,pricing,Chutes de la Lobe,South,neutral,2.9,True,False
QRY-003745,2026-07-19 11:46,SESS-001490,VIS-01491,voice_note,English,domestic,Centre,opening_hours,Seme Beach Hotel,South West,neutral,5.0,True,False
QRY-003725,2026-07-19 12:18,SESS-001480,VIS-01481,voice_note,French,domestic,North,booking_interest,Marche Sandaga & Deido Soya,Littoral,neutral,2.7,True,False
QRY-005926,2026-07-19 12:37,SESS-002377,VIS-02378,text,English,foreign,Canada,pricing,Rue des Artisans,West,neutral,3.4,True,False
QRY-002149,2026-07-19 13:01,SESS-000855,VIS-00856,text,French,foreign,UK,cultural_info,Hilton Yaounde,Centre,positive,4.0,True,False
QRY-004845,2026-07-19 13:23,SESS-001912,VIS-01913,voice_note,French,domestic,North,general_chat,,West,positive,2.6,True,False
QRY-005506,2026-07-19 13:23,SESS-002190,VIS-02191,text,English,domestic,Centre,transport_fare,Monument de la Reunification,Centre,positive,5.4,True,False
QRY-002470,2026-07-19 13:28,SESS-000989,VIS-00990,voice_note,French,foreign,France,pricing,Chez Wou & La Salsa,Centre,positive,4.7,True,False
QRY-005064,2026-07-19 13:37,SESS-002003,VIS-02004,text,French,foreign,USA,cultural_info,Mont Febe & Golf Club,Centre,neutral,1.8,True,False
QRY-000524,2026-07-19 13:47,SESS-000220,VIS-00221,text,French,domestic,Littoral,opening_hours,Chez Wou & La Salsa,Centre,neutral,2.9,True,False
QRY-001499,2026-07-19 14:47,SESS-000599,VIS-00600,text,French,domestic,Adamawa,booking_interest,Les Gites de Kribi,South,positive,2.7,True,False
QRY-006056,2026-07-19 14:53,SESS-002415,VIS-02416,text,English,domestic,South,booking_interest,Seme Beach Hotel,South West,neutral,4.5,True,False
QRY-005077,2026-07-19 15:23,SESS-002009,VIS-02010,text,French,domestic,Littoral,booking_interest,Limbe Wildlife Centre,South West,positive,2.9,True,False
QRY-002633,2026-07-19 15:41,SESS-001043,VIS-01044,text,French,foreign,Chad,transport_fare,Bimbia Slave Trade Port,South West,negative,6.0,True,False
QRY-002230,2026-07-19 15:56,SESS-000891,VIS-00892,text,French,domestic,South,directions,Limbe Wildlife Centre,South West,neutral,3.2,True,False
QRY-004422,2026-07-19 16:07,SESS-001740,VIS-01741,text,English,domestic,Centre,directions,Mont Febe & Golf Club,Centre,neutral,3.8,True,False
QRY-004203,2026-07-19 16:08,SESS-001663,VIS-01664,text,English,domestic,North West,pricing,Grand Batanga & Luma Museum,South,neutral,3.4,True,False
QRY-001712,2026-07-19 16:12,SESS-000685,VIS-00686,text,French,domestic,Littoral,booking_interest,Artisanal Village & Flower Market,Littoral,positive,4.2,True,False
QRY-003321,2026-07-19 16:14,SESS-001330,VIS-01331,text,French,foreign,Gabon,opening_hours,Plage de Kribi (Tara Plage),South,positive,3.7,True,False
QRY-003093,2026-07-19 16:14,SESS-001232,VIS-01233,text,English,domestic,Adamawa,directions,Star Land Hotel Bastos,Centre,neutral,2.1,True,False
QRY-004190,2026-07-19 16:43,SESS-001656,VIS-01657,text,English,domestic,North West,transport_fare,Chutes d'Ekom Nkam,Littoral,neutral,2.7,True,False
QRY-005497,2026-07-19 16:52,SESS-002185,VIS-02186,text,French,domestic,South West,opening_hours,Marche Sandaga & Deido Soya,Littoral,positive,2.2,True,False
QRY-005010,2026-07-19 16:52,SESS-001978,VIS-01979,text,French,foreign,USA,transport_fare,Chez Carimo / Lobe Shacks,South,negative,1.1,True,False
QRY-002974,2026-07-19 17:07,SESS-001171,VIS-01172,text,French,foreign,UK,directions,Pullman Douala Rabingha,Littoral,positive,3.6,True,False
QRY-004159,2026-07-19 17:50,SESS-001644,VIS-01645,voice_note,French,domestic,East,opening_hours,Chutes de la Lobe,South,neutral,2.5,True,False
QRY-000736,2026-07-19 18:12,SESS-000292,VIS-00293,text,English,domestic,Far North,pricing,Chutes de la Lobe,South,negative,4.7,True,False
QRY-002219,2026-07-19 19:33,SESS-000883,VIS-00884,text,French,domestic,East,cultural_info,Star Land Hotel Bastos,Centre,positive,3.4,True,False
QRY-002096,2026-07-19 19:41,SESS-000833,VIS-00834,text,French,foreign,China,opening_hours,L'Ovalie & La Fourchette,Littoral,neutral,4.4,True,False
QRY-003751,2026-07-19 19:50,SESS-001496,VIS-01497,text,French,foreign,Nigeria,booking_interest,Marche Sandaga & Deido Soya,Littoral,neutral,4.6,True,False
QRY-003635,2026-07-19 19:53,SESS-001441,VIS-01442,voice_note,French,domestic,East,general_chat,,Adamawa,positive,3.4,True,False
QRY-003819,2026-07-19 19:54,SESS-001522,VIS-01523,voice_note,English,foreign,China,booking_interest,Marche Sandaga & Deido Soya,Littoral,positive,4.6,True,False
QRY-003254,2026-07-19 19:59,SESS-001303,VIS-01304,text,French,domestic,North,transport_fare,Chez Wou & La Salsa,Centre,positive,3.2,True,False
QRY-006008,2026-07-19 20:06,SESS-002404,VIS-02405,text,French,domestic,Adamawa,opening_hours,Mont Febe & Golf Club,Centre,positive,2.7,True,False
QRY-002789,2026-07-19 20:07,SESS-001098,VIS-01099,text,French,domestic,East,opening_hours,Chutes de la Lobe,South,neutral,5.0,True,False
QRY-004310,2026-07-19 20:10,SESS-001697,VIS-01698,text,Pidgin,domestic,Centre,opening_hours,Down Beach Roasted Fish Sheds,South West,positive,4.3,True,False
QRY-003829,2026-07-19 20:29,SESS-001528,VIS-01529,text,French,domestic,South,pricing,Chutes de la Lobe,South,neutral,4.1,True,False
QRY-003463,2026-07-19 20:37,SESS-001381,VIS-01382,text,French,domestic,East,cultural_info,Monument de la Reunification,Centre,positive,1.6,True,False
QRY-000166,2026-07-19 21:05,SESS-000077,VIS-00078,text,English,domestic,South West,transport_fare,Domaine du Petpenoun,West,neutral,3.1,True,False
QRY-004599,2026-07-19 21:44,SESS-001819,VIS-01820,voice_note,English,domestic,Centre,general_chat,,North West,positive,2.8,True,False
QRY-002655,2026-07-19 21:44,SESS-001050,VIS-01051,voice_note,English,domestic,Centre,transport_fare,Pullman Douala Rabingha,Littoral,neutral,5.5,True,False
QRY-004602,2026-07-19 21:58,SESS-001819,VIS-01820,text,English,foreign,South Africa,cultural_info,Plage de Kribi (Tara Plage),South,negative,2.2,True,False
QRY-002208,2026-07-19 22:22,SESS-000878,VIS-00879,text,French,domestic,South,general_chat,,Littoral,negative,3.4,True,False
QRY-001162,2026-07-19 22:22,SESS-000459,VIS-00460,text,French,domestic,Adamawa,cultural_info,Pullman Douala Rabingha,Littoral,negative,3.2,True,False
QRY-005049,2026-07-19 22:29,SESS-001994,VIS-01995,text,English,domestic,Littoral,directions,L'Ovalie & La Fourchette,Littoral,positive,2.5,True,False
QRY-004969,2026-07-20 06:53,SESS-001961,VIS-01962,text,English,domestic,North West,directions,L'Ovalie & La Fourchette,Littoral,positive,3.0,True,False
QRY-004063,2026-07-20 06:59,SESS-001608,VIS-01609,voice_note,French,domestic,South West,general_chat,,West,neutral,3.6,True,False
QRY-003200,2026-07-20 07:03,SESS-001279,VIS-01280,text,Pidgin,domestic,South,directions,Krystal Palace Douala,Littoral,neutral,3.0,True,False
QRY-002641,2026-07-20 07:16,SESS-001047,VIS-01048,voice_note,English,foreign,Equatorial Guinea,transport_fare,Marche Sandaga & Deido Soya,Littoral,negative,3.7,True,False
QRY-002994,2026-07-20 08:01,SESS-001181,VIS-01182,text,Pidgin,foreign,Chad,booking_interest,L'Ovalie & La Fourchette,Littoral,positive,2.8,True,False
QRY-004252,2026-07-20 08:29,SESS-001678,VIS-01679,text,French,domestic,Littoral,transport_fare,Monument de la Reunification,Centre,positive,2.4,True,False
QRY-001928,2026-07-20 08:33,SESS-000768,VIS-00769,text,French,domestic,Littoral,opening_hours,Hilton Yaounde,Centre,neutral,4.6,True,False
QRY-002968,2026-07-20 08:40,SESS-001170,VIS-01171,text,French,domestic,West,opening_hours,Musee Maritime de Douala,Littoral,neutral,3.3,True,False
QRY-000540,2026-07-20 09:17,SESS-000227,VIS-00228,voice_note,Pidgin,domestic,South West,transport_fare,Limbe Wildlife Centre,South West,neutral,2.0,True,False
QRY-000549,2026-07-20 09:31,SESS-000229,VIS-00230,text,English,domestic,Littoral,cultural_info,Musee National de Yaounde,Centre,negative,4.4,True,False
QRY-000499,2026-07-20 09:31,SESS-000211,VIS-00212,text,French,domestic,Far North,pricing,Plage de Kribi (Tara Plage),South,positive,2.7,True,False
QRY-001716,2026-07-20 09:33,SESS-000687,VIS-00688,voice_note,French,foreign,Nigeria,pricing,Down Beach Roasted Fish Sheds,South West,neutral,3.1,True,False
QRY-004267,2026-07-20 10:11,SESS-001683,VIS-01684,text,French,foreign,South Africa,cultural_info,Musee Maritime de Douala,Littoral,positive,2.2,True,False
QRY-003804,2026-07-20 10:38,SESS-001518,VIS-01519,voice_note,French,domestic,Littoral,pricing,Monument de la Reunification,Centre,negative,2.6,True,False
QRY-005678,2026-07-20 10:59,SESS-002264,VIS-02265,voice_note,French,domestic,East,general_chat,,South West,neutral,3.4,True,False
QRY-000379,2026-07-20 11:44,SESS-000167,VIS-00168,text,English,domestic,Far North,directions,Artisanal Village & Flower Market,Littoral,neutral,1.3,True,False
QRY-002873,2026-07-20 12:11,SESS-001134,VIS-01135,text,French,domestic,South West,opening_hours,Mvog-Betsi Zoo & Botanical Garden,Centre,positive,4.0,True,False
QRY-001420,2026-07-20 12:23,SESS-000568,VIS-00569,text,English,domestic,East,pricing,Musee Maritime de Douala,Littoral,positive,4.4,True,False
QRY-003548,2026-07-20 12:48,SESS-001411,VIS-01412,voice_note,English,domestic,Centre,pricing,Les Gites de Kribi,South,positive,3.2,True,False
QRY-001334,2026-07-20 13:37,SESS-000529,VIS-00530,voice_note,English,domestic,North,directions,Hotel Ilomba,South,neutral,2.6,True,False
QRY-002591,2026-07-20 13:42,SESS-001031,VIS-01032,text,English,domestic,South,cultural_info,Star Land Hotel Bastos,Centre,positive,3.5,True,False
QRY-001359,2026-07-20 13:56,SESS-000537,VIS-00538,text,French,domestic,Adamawa,opening_hours,Hotel Zingana,West,negative,2.8,True,False
QRY-001086,2026-07-20 14:13,SESS-000427,VIS-00428,voice_note,Pidgin,foreign,Nigeria,opening_hours,FINI Hotel Bobende,South West,neutral,4.1,True,False
QRY-005564,2026-07-20 14:35,SESS-002220,VIS-02221,text,English,foreign,USA,directions,Bimbia Slave Trade Port,South West,neutral,1.3,True,False
QRY-001615,2026-07-20 14:50,SESS-000641,VIS-00642,voice_note,French,domestic,Centre,opening_hours,Hilton Yaounde,Centre,positive,4.2,True,False
QRY-003305,2026-07-20 15:06,SESS-001323,VIS-01324,voice_note,English,foreign,Equatorial Guinea,directions,West Region Gastronomy Spots,West,positive,3.0,True,False
QRY-005685,2026-07-20 15:09,SESS-002266,VIS-02267,text,French,domestic,Littoral,booking_interest,Chez Carimo / Lobe Shacks,South,positive,2.0,True,False
QRY-001813,2026-07-20 15:10,SESS-000722,VIS-00723,text,French,domestic,Littoral,pricing,Chez Carimo / Lobe Shacks,South,neutral,3.2,True,False
QRY-002246,2026-07-20 15:11,SESS-000898,VIS-00899,text,French,domestic,Centre,pricing,Campo Ma'an National Park,South,neutral,2.7,True,False
QRY-004264,2026-07-20 15:24,SESS-001683,VIS-01684,text,French,domestic,East,general_chat,,West,neutral,3.5,True,False
QRY-004559,2026-07-20 15:32,SESS-001800,VIS-01801,voice_note,French,domestic,North,general_chat,,East,positive,2.3,True,False
QRY-005683,2026-07-20 15:38,SESS-002265,VIS-02266,text,French,foreign,Germany,booking_interest,Musee National de Yaounde,Centre,neutral,2.7,True,False
QRY-001951,2026-07-20 16:00,SESS-000779,VIS-00780,text,French,foreign,France,directions,L'Ovalie & La Fourchette,Littoral,neutral,3.9,False,False
QRY-001567,2026-07-20 16:08,SESS-000622,VIS-00623,text,English,foreign,Nigeria,booking_interest,Plage de Kribi (Tara Plage),South,positive,2.5,True,False
QRY-002002,2026-07-20 16:11,SESS-000795,VIS-00796,voice_note,English,domestic,Littoral,pricing,Chez Wou & La Salsa,Centre,negative,2.7,True,False
QRY-002121,2026-07-20 16:12,SESS-000842,VIS-00843,text,French,domestic,Adamawa,directions,Seme Beach Hotel,South West,positive,2.9,True,False
QRY-004304,2026-07-20 16:41,SESS-001694,VIS-01695,voice_note,French,foreign,Nigeria,directions,Chutes de la Lobe,South,positive,2.6,True,False
QRY-001482,2026-07-20 16:42,SESS-000596,VIS-00597,text,English,foreign,France,directions,Mount Cameroon (Upper Farms),South West,positive,3.3,True,False
QRY-000494,2026-07-20 17:00,SESS-000209,VIS-00210,text,French,domestic,East,transport_fare,Les Gites de Kribi,South,neutral,2.7,True,False
QRY-003434,2026-07-20 17:16,SESS-001369,VIS-01370,text,English,domestic,Littoral,general_chat,,Littoral,positive,2.5,True,False
QRY-003081,2026-07-20 17:20,SESS-001225,VIS-01226,text,French,foreign,Germany,opening_hours,Campo Ma'an National Park,South,neutral,5.4,True,False
QRY-004237,2026-07-20 17:21,SESS-001676,VIS-01677,voice_note,English,foreign,Germany,booking_interest,Chez Carimo / Lobe Shacks,South,neutral,3.5,True,False
QRY-001279,2026-07-20 17:25,SESS-000506,VIS-00507,voice_note,English,foreign,Chad,cultural_info,FINI Hotel Bobende,South West,neutral,4.5,True,False
QRY-005368,2026-07-20 17:33,SESS-002135,VIS-02136,voice_note,French,domestic,South,booking_interest,Monument de la Reunification,Centre,neutral,3.6,True,False
QRY-001964,2026-07-20 18:15,SESS-000785,VIS-00786,voice_note,Pidgin,domestic,East,directions,Rue des Artisans,West,neutral,5.5,True,False
QRY-001189,2026-07-20 18:44,SESS-000469,VIS-00470,text,French,domestic,North,booking_interest,Marche Sandaga & Deido Soya,Littoral,positive,3.9,True,False
QRY-001475,2026-07-20 18:45,SESS-000592,VIS-00593,voice_note,English,domestic,Adamawa,cultural_info,Seme Beach Hotel,South West,neutral,4.5,True,False
QRY-002492,2026-07-20 18:57,SESS-000995,VIS-00996,text,French,domestic,North,general_chat,,North,positive,2.9,True,False
QRY-004986,2026-07-20 19:12,SESS-001967,VIS-01968,text,English,domestic,Centre,booking_interest,Artisanal Village & Flower Market,Littoral,neutral,5.4,True,False
QRY-004860,2026-07-20 19:25,SESS-001920,VIS-01921,text,French,domestic,South,pricing,L'Ovalie & La Fourchette,Littoral,positive,2.5,True,False
QRY-004010,2026-07-20 19:56,SESS-001587,VIS-01588,text,French,domestic,South,pricing,Mont Febe & Golf Club,Centre,neutral,2.3,True,False
QRY-001715,2026-07-20 20:03,SESS-000686,VIS-00687,text,Pidgin,domestic,West,directions,Mvog-Betsi Zoo & Botanical Garden,Centre,positive,3.8,True,False
QRY-006120,2026-07-20 20:10,SESS-002440,VIS-02441,text,French,domestic,North,directions,Krystal Palace Douala,Littoral,positive,3.5,True,False
QRY-003872,2026-07-20 20:10,SESS-001543,VIS-01544,voice_note,French,domestic,Adamawa,transport_fare,Artisanal Village & Flower Market,Littoral,positive,3.9,True,False
QRY-003038,2026-07-20 20:31,SESS-001198,VIS-01199,text,French,domestic,East,emergency_sos,Hotel Zingana,West,neutral,2.1,True,True
QRY-002775,2026-07-20 21:29,SESS-001096,VIS-01097,text,English,domestic,Centre,booking_interest,Star Land Hotel Bastos,Centre,positive,4.0,True,False
QRY-003765,2026-07-20 21:38,SESS-001502,VIS-01503,text,French,foreign,Gabon,cultural_info,Bimbia Slave Trade Port,South West,positive,4.5,True,False
QRY-002773,2026-07-20 21:44,SESS-001095,VIS-01096,voice_note,French,domestic,East,directions,Chutes de la Lobe,South,positive,2.9,True,False
QRY-005260,2026-07-20 22:03,SESS-002089,VIS-02090,voice_note,French,foreign,China,opening_hours,Pullman Douala Rabingha,Littoral,positive,4.1,True,False
QRY-002289,2026-07-20 22:16,SESS-000910,VIS-00911,voice_note,French,domestic,West,emergency_sos,Down Beach Roasted Fish Sheds,South West,negative,2.2,True,True
QRY-000031,2026-07-20 22:16,SESS-000012,VIS-00013,text,French,domestic,Adamawa,booking_interest,Down Beach Roasted Fish Sheds,South West,neutral,6.2,True,False
QRY-000974,2026-07-20 22:47,SESS-000385,VIS-00386,voice_note,English,foreign,USA,pricing,Star Land Hotel Bastos,Centre,neutral,2.1,True,False
QRY-005316,2026-07-20 22:50,SESS-002112,VIS-02113,voice_note,French,foreign,France,opening_hours,Limbe Wildlife Centre,South West,negative,2.1,True,False
QRY-000708,2026-07-20 22:55,SESS-000285,VIS-00286,text,French,domestic,Far North,cultural_info,Monument de la Reunification,Centre,neutral,5.6,True,False
QRY-001764,2026-07-21 06:18,SESS-000705,VIS-00706,voice_note,French,foreign,South Africa,general_chat,,North West,neutral,2.5,True,False
QRY-005343,2026-07-21 06:39,SESS-002125,VIS-02126,text,French,domestic,North West,transport_fare,Palais Royal de Foumban & Museum,West,neutral,4.3,True,False
QRY-000753,2026-07-21 06:45,SESS-000299,VIS-00300,voice_note,English,foreign,Nigeria,transport_fare,Star Land Hotel Bastos,Centre,negative,2.6,True,False
QRY-000463,2026-07-21 07:06,SESS-000198,VIS-00199,voice_note,French,domestic,North West,cultural_info,Chutes de la Lobe,South,positive,3.0,True,False
QRY-002192,2026-07-21 07:26,SESS-000872,VIS-00873,text,English,domestic,South,transport_fare,Mont Febe & Golf Club,Centre,neutral,4.6,True,False
QRY-004126,2026-07-21 07:54,SESS-001633,VIS-01634,text,French,foreign,China,pricing,Chez Carimo / Lobe Shacks,South,neutral,3.0,True,False
QRY-000671,2026-07-21 08:01,SESS-000272,VIS-00273,voice_note,French,domestic,East,transport_fare,Grand Batanga & Luma Museum,South,neutral,3.1,True,False
QRY-005782,2026-07-21 08:04,SESS-002314,VIS-02315,voice_note,French,domestic,North,cultural_info,Mvog-Betsi Zoo & Botanical Garden,Centre,negative,2.4,True,False
QRY-004314,2026-07-21 08:11,SESS-001699,VIS-01700,text,Pidgin,domestic,North West,general_chat,,South West,positive,2.4,True,False
QRY-002110,2026-07-21 08:13,SESS-000838,VIS-00839,text,English,domestic,East,directions,Rue des Artisans,West,positive,2.7,True,False
QRY-005045,2026-07-21 08:16,SESS-001992,VIS-01993,voice_note,English,domestic,North,booking_interest,Plage de Kribi (Tara Plage),South,neutral,2.2,True,False
QRY-005991,2026-07-21 08:27,SESS-002399,VIS-02400,text,English,foreign,USA,cultural_info,Douala-Edea Wildlife Reserve,Littoral,neutral,3.7,True,False
QRY-001243,2026-07-21 08:53,SESS-000496,VIS-00497,text,French,domestic,Littoral,directions,Les Gites de Kribi,South,positive,4.1,True,False
QRY-002920,2026-07-21 09:08,SESS-001152,VIS-01153,text,French,foreign,Canada,transport_fare,Down Beach & Batoke Beach,South West,negative,2.1,True,False
QRY-001982,2026-07-21 09:11,SESS-000786,VIS-00787,text,French,foreign,Gabon,general_chat,,North,neutral,3.7,True,False
QRY-001960,2026-07-21 09:27,SESS-000783,VIS-00784,text,English,foreign,France,directions,L'Ovalie & La Fourchette,Littoral,neutral,4.5,True,False
QRY-003384,2026-07-21 09:29,SESS-001353,VIS-01354,text,French,foreign,South Africa,cultural_info,Palais Royal de Foumban & Museum,West,neutral,2.8,True,False
QRY-002066,2026-07-21 09:56,SESS-000823,VIS-00824,text,English,domestic,North West,general_chat,,North West,positive,2.9,True,False
QRY-001711,2026-07-21 09:57,SESS-000684,VIS-00685,text,French,foreign,France,booking_interest,Seme Beach Hotel,South West,positive,4.8,True,False
QRY-003181,2026-07-21 10:01,SESS-001271,VIS-01272,voice_note,English,foreign,Equatorial Guinea,pricing,Palais Royal de Foumban & Museum,West,neutral,1.9,True,False
QRY-000378,2026-07-21 10:19,SESS-000166,VIS-00167,text,English,domestic,North,booking_interest,Star Land Hotel Bastos,Centre,neutral,3.2,True,False
QRY-002618,2026-07-21 10:21,SESS-001037,VIS-01038,text,English,foreign,China,opening_hours,Monument de la Reunification,Centre,positive,1.4,True,False
QRY-001900,2026-07-21 10:40,SESS-000757,VIS-00758,voice_note,English,domestic,Adamawa,directions,Les Gites de Kribi,South,neutral,3.8,True,False
QRY-004105,2026-07-21 10:43,SESS-001624,VIS-01625,voice_note,French,domestic,Centre,cultural_info,Chefferie de Bandjoun,West,positive,2.6,True,False
QRY-005668,2026-07-21 10:50,SESS-002261,VIS-02262,voice_note,French,domestic,South,pricing,Mount Cameroon (Upper Farms),South West,positive,3.8,True,False
QRY-005891,2026-07-21 11:11,SESS-002363,VIS-02364,voice_note,French,domestic,Littoral,pricing,Limbe Botanic Garden,South West,neutral,3.1,True,False
QRY-003948,2026-07-21 11:20,SESS-001565,VIS-01566,text,French,domestic,Adamawa,cultural_info,Chutes de la Lobe,South,neutral,2.3,True,False
QRY-000354,2026-07-21 12:32,SESS-000156,VIS-00157,text,French,foreign,USA,opening_hours,Hotel Ilomba,South,neutral,2.7,True,False
QRY-003400,2026-07-21 12:38,SESS-001360,VIS-01361,text,English,foreign,Canada,pricing,Monument de la Reunification,Centre,negative,4.0,True,False
QRY-001346,2026-07-21 13:34,SESS-000532,VIS-00533,text,Pidgin,foreign,France,directions,West Region Gastronomy Spots,West,positive,3.9,True,False
QRY-001181,2026-07-21 13:44,SESS-000464,VIS-00465,text,English,domestic,Centre,transport_fare,Mvog-Betsi Zoo & Botanical Garden,Centre,neutral,2.4,True,False
QRY-000015,2026-07-21 13:45,SESS-000007,VIS-00008,text,French,domestic,South,general_chat,,South,neutral,3.3,True,False
QRY-005966,2026-07-21 13:50,SESS-002391,VIS-02392,text,English,domestic,North West,transport_fare,Palais des Rois Bell (Pagode),Littoral,negative,3.5,True,False
QRY-001439,2026-07-21 14:02,SESS-000574,VIS-00575,text,English,domestic,West,pricing,Mount Cameroon (Upper Farms),South West,positive,3.8,True,False
QRY-003133,2026-07-21 14:11,SESS-001250,VIS-01251,voice_note,French,domestic,South,pricing,Pullman Douala Rabingha,Littoral,positive,5.6,True,False
QRY-002312,2026-07-21 14:22,SESS-000922,VIS-00923,text,English,domestic,Adamawa,booking_interest,Musee National de Yaounde,Centre,positive,3.5,True,False
QRY-003693,2026-07-21 14:25,SESS-001466,VIS-01467,voice_note,French,domestic,South,opening_hours,Mont Febe & Golf Club,Centre,neutral,1.5,True,False
QRY-005932,2026-07-21 14:40,SESS-002378,VIS-02379,voice_note,French,domestic,Centre,cultural_info,Star Land Hotel Bastos,Centre,neutral,2.1,True,False
QRY-001435,2026-07-21 15:17,SESS-000573,VIS-00574,text,French,domestic,Far North,transport_fare,L'Ovalie & La Fourchette,Littoral,positive,2.8,True,False
QRY-005699,2026-07-21 15:36,SESS-002272,VIS-02273,text,French,domestic,South West,transport_fare,Plage de Kribi (Tara Plage),South,neutral,3.3,True,False
QRY-005485,2026-07-21 15:39,SESS-002182,VIS-02183,text,English,domestic,North West,cultural_info,Chez Wou & La Salsa,Centre,positive,3.0,True,False
QRY-004241,2026-07-21 15:46,SESS-001677,VIS-01678,text,French,domestic,East,booking_interest,Les Gites de Kribi,South,neutral,2.4,True,False
QRY-002495,2026-07-21 15:50,SESS-000997,VIS-00998,text,English,foreign,Nigeria,cultural_info,Rue des Artisans,West,neutral,3.5,True,False
QRY-000923,2026-07-21 16:07,SESS-000366,VIS-00367,text,English,domestic,East,transport_fare,Down Beach & Batoke Beach,South West,positive,2.6,False,False
QRY-003826,2026-07-21 16:10,SESS-001525,VIS-01526,text,French,foreign,Canada,opening_hours,Limbe Wildlife Centre,South West,neutral,4.6,True,False
QRY-002107,2026-07-21 16:32,SESS-000837,VIS-00838,voice_note,Pidgin,domestic,North,general_chat,,Far North,neutral,3.4,True,False
QRY-001170,2026-07-21 16:34,SESS-000461,VIS-00462,voice_note,Pidgin,domestic,Littoral,cultural_info,Hotel Ilomba,South,neutral,3.6,True,False
QRY-004058,2026-07-21 16:39,SESS-001604,VIS-01605,text,French,domestic,Centre,transport_fare,Palais des Rois Bell (Pagode),Littoral,positive,2.5,True,False
QRY-004270,2026-07-21 16:51,SESS-001685,VIS-01686,voice_note,French,domestic,South West,booking_interest,Pullman Douala Rabingha,Littoral,positive,2.6,True,False
QRY-001304,2026-07-21 16:52,SESS-000511,VIS-00512,text,English,foreign,Equatorial Guinea,pricing,L'Ovalie & La Fourchette,Littoral,neutral,3.2,True,False
QRY-001245,2026-07-21 17:04,SESS-000496,VIS-00497,voice_note,French,domestic,South,cultural_info,Limbe Wildlife Centre,South West,neutral,2.3,True,False
QRY-001031,2026-07-21 17:18,SESS-000407,VIS-00408,voice_note,Pidgin,foreign,Equatorial Guinea,transport_fare,Chez Wou & La Salsa,Centre,negative,4.0,True,False
QRY-003775,2026-07-21 17:55,SESS-001505,VIS-01506,text,French,domestic,East,pricing,Musee Maritime de Douala,Littoral,negative,2.4,True,False
QRY-005624,2026-07-21 17:56,SESS-002239,VIS-02240,text,English,foreign,Nigeria,transport_fare,West Region Gastronomy Spots,West,neutral,2.2,True,False
QRY-001428,2026-07-21 18:07,SESS-000573,VIS-00574,text,English,domestic,East,transport_fare,Mefou Primate Sanctuary,Centre,positive,2.1,True,False
QRY-005345,2026-07-21 18:58,SESS-002126,VIS-02127,text,English,foreign,USA,pricing,Hotel Ilomba,South,neutral,2.8,True,False
QRY-000928,2026-07-21 19:23,SESS-000369,VIS-00370,voice_note,French,domestic,North West,opening_hours,FINI Hotel Bobende,South West,neutral,2.9,True,False
QRY-002895,2026-07-21 19:35,SESS-001141,VIS-01142,text,French,foreign,China,pricing,Pullman Douala Rabingha,Littoral,positive,3.1,True,False
QRY-000941,2026-07-21 19:57,SESS-000373,VIS-00374,text,French,domestic,South,opening_hours,Hotel Ilomba,South,neutral,3.7,True,False
QRY-000968,2026-07-21 20:25,SESS-000383,VIS-00384,text,French,domestic,Far North,transport_fare,Palais des Rois Bell (Pagode),Littoral,positive,4.5,True,False
QRY-003128,2026-07-21 20:29,SESS-001248,VIS-01249,text,French,foreign,USA,directions,Musee National de Yaounde,Centre,positive,3.5,True,False
QRY-004078,2026-07-21 21:00,SESS-001614,VIS-01615,text,French,domestic,West,booking_interest,L'Ovalie & La Fourchette,Littoral,positive,2.0,True,False
QRY-000934,2026-07-21 21:21,SESS-000370,VIS-00371,text,French,foreign,France,directions,Chez Wou & La Salsa,Centre,negative,2.7,True,False
QRY-005856,2026-07-21 21:28,SESS-002349,VIS-02350,text,French,domestic,Far North,general_chat,,South West,positive,4.5,True,False
QRY-001730,2026-07-21 21:36,SESS-000691,VIS-00692,voice_note,English,foreign,Equatorial Guinea,directions,Palais des Rois Bell (Pagode),Littoral,neutral,3.6,True,False
QRY-006038,2026-07-21 21:50,SESS-002410,VIS-02411,voice_note,French,foreign,South Africa,opening_hours,FINI Hotel Bobende,South West,neutral,4.0,True,False
QRY-002316,2026-07-21 21:57,SESS-000925,VIS-00926,text,Pidgin,foreign,USA,cultural_info,Hilton Yaounde,Centre,neutral,4.7,True,False
QRY-003439,2026-07-21 21:59,SESS-001372,VIS-01373,text,Pidgin,domestic,North,booking_interest,Limbe Wildlife Centre,South West,positive,3.7,True,False
QRY-000049,2026-07-21 22:12,SESS-000019,VIS-00020,text,English,foreign,Gabon,pricing,Mvog-Betsi Zoo & Botanical Garden,Centre,positive,3.2,True,False
QRY-002659,2026-07-22 06:03,SESS-001052,VIS-01053,text,Pidgin,foreign,Equatorial Guinea,cultural_info,Marche Sandaga & Deido Soya,Littoral,positive,3.4,True,False
QRY-003395,2026-07-22 06:28,SESS-001357,VIS-01358,text,French,domestic,Adamawa,pricing,FINI Hotel Bobende,South West,positive,3.7,True,False
QRY-002690,2026-07-22 06:30,SESS-001059,VIS-01060,text,English,domestic,Adamawa,directions,Mount Cameroon (Upper Farms),South West,positive,2.5,True,False
QRY-002226,2026-07-22 06:35,SESS-000888,VIS-00889,text,English,foreign,Chad,pricing,Musee Maritime de Douala,Littoral,neutral,3.2,True,False
QRY-005080,2026-07-22 06:52,SESS-002009,VIS-02010,text,English,foreign,Belgium,emergency_sos,Down Beach & Batoke Beach,South West,neutral,1.6,True,True
QRY-004114,2026-07-22 07:16,SESS-001627,VIS-01628,voice_note,English,domestic,South,booking_interest,Chez Wou & La Salsa,Centre,positive,3.5,True,False
QRY-001416,2026-07-22 07:16,SESS-000566,VIS-00567,text,French,foreign,Canada,transport_fare,Musee National de Yaounde,Centre,neutral,4.9,True,False
QRY-002809,2026-07-22 07:30,SESS-001106,VIS-01107,text,French,domestic,North,directions,Marche Sandaga & Deido Soya,Littoral,neutral,4.0,True,False
QRY-002580,2026-07-22 07:33,SESS-001028,VIS-01029,voice_note,French,domestic,South,directions,Musee National de Yaounde,Centre,neutral,3.5,True,False
QRY-001057,2026-07-22 07:45,SESS-000416,VIS-00417,text,English,foreign,USA,pricing,Down Beach & Batoke Beach,South West,positive,2.2,True,False
QRY-000138,2026-07-22 07:49,SESS-000063,VIS-00064,text,English,domestic,Littoral,general_chat,,West,neutral,2.3,True,False
QRY-004324,2026-07-22 07:53,SESS-001702,VIS-01703,text,English,domestic,North,pricing,Mont Febe & Golf Club,Centre,positive,3.5,True,False
QRY-000030,2026-07-22 07:57,SESS-000012,VIS-00013,voice_note,Pidgin,domestic,South West,booking_interest,Hilton Yaounde,Centre,positive,1.8,True,False
QRY-003371,2026-07-22 07:59,SESS-001348,VIS-01349,text,Pidgin,domestic,Littoral,pricing,Pullman Douala Rabingha,Littoral,negative,2.2,True,False
QRY-000110,2026-07-22 08:27,SESS-000050,VIS-00051,text,French,domestic,Littoral,booking_interest,Palais Royal de Foumban & Museum,West,neutral,4.1,True,False
QRY-005338,2026-07-22 08:35,SESS-002122,VIS-02123,voice_note,French,foreign,France,opening_hours,Hilton Yaounde,Centre,negative,2.8,True,False
QRY-000404,2026-07-22 08:43,SESS-000176,VIS-00177,text,French,domestic,Littoral,opening_hours,Down Beach Roasted Fish Sheds,South West,neutral,1.7,True,False
QRY-006129,2026-07-22 08:44,SESS-002443,VIS-02444,text,French,foreign,USA,cultural_info,Down Beach Roasted Fish Sheds,South West,positive,3.3,True,False
QRY-002625,2026-07-22 08:47,SESS-001039,VIS-01040,text,English,domestic,Centre,directions,Palais Royal de Foumban & Museum,West,positive,2.2,True,False
QRY-005792,2026-07-22 08:47,SESS-002316,VIS-02317,text,English,domestic,West,directions,Chefferie de Bandjoun,West,neutral,2.6,True,False
QRY-001141,2026-07-22 08:51,SESS-000452,VIS-00453,text,English,foreign,Gabon,booking_interest,Monument de la Reunification,Centre,positive,3.0,True,False
QRY-001006,2026-07-22 08:53,SESS-000396,VIS-00397,text,English,domestic,North West,booking_interest,Mont Febe & Golf Club,Centre,neutral,3.4,True,False
QRY-003028,2026-07-22 09:22,SESS-001193,VIS-01194,text,French,domestic,South,emergency_sos,Chez Carimo / Lobe Shacks,South,negative,2.3,True,True
QRY-001686,2026-07-22 09:23,SESS-000675,VIS-00676,text,French,domestic,North,cultural_info,Hotel Ilomba,South,neutral,2.0,True,False
QRY-005801,2026-07-22 10:09,SESS-002321,VIS-02322,text,Pidgin,foreign,Chad,pricing,Chutes de la Lobe,South,negative,3.3,True,False
QRY-002475,2026-07-22 10:16,SESS-000990,VIS-00991,text,French,domestic,Littoral,transport_fare,Palais des Rois Bell (Pagode),Littoral,neutral,1.1,True,False
QRY-003677,2026-07-22 10:17,SESS-001458,VIS-01459,text,French,domestic,North West,general_chat,,West,positive,1.2,True,False
QRY-001112,2026-07-22 10:23,SESS-000437,VIS-00438,voice_note,English,domestic,North West,directions,Musee Maritime de Douala,Littoral,neutral,2.7,True,False
QRY-002135,2026-07-22 10:48,SESS-000848,VIS-00849,text,French,foreign,Belgium,booking_interest,Down Beach Roasted Fish Sheds,South West,neutral,2.0,True,False
QRY-001602,2026-07-22 10:48,SESS-000635,VIS-00636,voice_note,French,domestic,Adamawa,booking_interest,Monument de la Reunification,Centre,neutral,4.0,True,False
QRY-003528,2026-07-22 10:50,SESS-001404,VIS-01405,text,English,foreign,South Africa,opening_hours,Rue des Artisans,West,neutral,3.6,True,False
QRY-000596,2026-07-22 10:56,SESS-000250,VIS-00251,text,English,domestic,Littoral,general_chat,,Littoral,positive,2.5,True,False
QRY-000026,2026-07-22 11:16,SESS-000010,VIS-00011,text,French,domestic,East,booking_interest,Hotel Ilomba,South,positive,3.3,True,False
QRY-005408,2026-07-22 11:31,SESS-002146,VIS-02147,text,French,domestic,North,pricing,Monument de la Reunification,Centre,positive,4.2,True,False
QRY-003247,2026-07-22 12:40,SESS-001301,VIS-01302,voice_note,Pidgin,foreign,South Africa,booking_interest,Domaine du Petpenoun,West,positive,4.1,True,False
QRY-000149,2026-07-22 12:48,SESS-000069,VIS-00070,voice_note,French,foreign,China,general_chat,,Centre,positive,2.7,True,False
QRY-003396,2026-07-22 13:11,SESS-001358,VIS-01359,voice_note,French,foreign,South Africa,transport_fare,Musee Maritime de Douala,Littoral,neutral,3.1,True,False
QRY-005110,2026-07-22 13:38,SESS-002018,VIS-02019,voice_note,French,foreign,Canada,transport_fare,Mont Febe & Golf Club,Centre,positive,5.4,True,False
QRY-002430,2026-07-22 13:41,SESS-000968,VIS-00969,text,French,foreign,France,opening_hours,Chutes de la Lobe,South,positive,1.3,True,False
QRY-000364,2026-07-22 13:43,SESS-000161,VIS-00162,voice_note,French,foreign,Chad,cultural_info,L'Ovalie & La Fourchette,Littoral,neutral,2.3,True,False
QRY-003705,2026-07-22 14:07,SESS-001475,VIS-01476,text,French,domestic,Far North,general_chat,,North,neutral,3.6,True,False
QRY-000906,2026-07-22 14:16,SESS-000359,VIS-00360,voice_note,French,domestic,Adamawa,opening_hours,Grand Batanga & Luma Museum,South,positive,4.2,True,False
QRY-006138,2026-07-22 14:21,SESS-002449,VIS-02450,text,Pidgin,domestic,Centre,cultural_info,Mont Febe & Golf Club,Centre,neutral,3.6,False,False
QRY-006137,2026-07-22 15:04,SESS-002449,VIS-02450,text,French,foreign,Gabon,emergency_sos,Marche Sandaga & Deido Soya,Littoral,negative,1.9,True,True
QRY-001618,2026-07-22 15:05,SESS-000642,VIS-00643,voice_note,English,foreign,China,pricing,Krystal Palace Douala,Littoral,negative,1.6,True,False
QRY-001071,2026-07-22 16:05,SESS-000423,VIS-00424,text,English,foreign,France,pricing,Chez Carimo / Lobe Shacks,South,positive,1.8,True,False
QRY-001192,2026-07-22 16:15,SESS-000470,VIS-00471,text,French,foreign,Belgium,transport_fare,Plage de Kribi (Tara Plage),South,neutral,2.8,True,False
QRY-001896,2026-07-22 16:22,SESS-000756,VIS-00757,voice_note,English,foreign,South Africa,transport_fare,Mvog-Betsi Zoo & Botanical Garden,Centre,positive,2.5,True,False
QRY-005358,2026-07-22 16:59,SESS-002132,VIS-02133,voice_note,English,foreign,Germany,booking_interest,Chutes de la Lobe,South,positive,3.7,True,False
QRY-003904,2026-07-22 17:22,SESS-001552,VIS-01553,text,French,domestic,South,directions,Palais des Rois Bell (Pagode),Littoral,positive,2.6,True,False
QRY-004924,2026-07-22 17:31,SESS-001946,VIS-01947,voice_note,Pidgin,foreign,USA,pricing,Palais des Rois Bell (Pagode),Littoral,neutral,4.0,True,False
QRY-004476,2026-07-22 17:43,SESS-001757,VIS-01758,text,French,foreign,France,cultural_info,Palais Royal de Foumban & Museum,West,positive,4.2,True,False
QRY-003990,2026-07-22 17:57,SESS-001580,VIS-01581,voice_note,French,domestic,Adamawa,booking_interest,Down Beach Roasted Fish Sheds,South West,negative,2.8,True,False
QRY-001659,2026-07-22 18:07,SESS-000664,VIS-00665,text,English,domestic,North,pricing,Hotel Ilomba,South,positive,3.7,True,False
QRY-000124,2026-07-22 18:13,SESS-000055,VIS-00056,text,English,domestic,East,directions,Mvog-Betsi Zoo & Botanical Garden,Centre,neutral,1.6,True,False
QRY-000629,2026-07-22 18:48,SESS-000260,VIS-00261,text,French,domestic,East,cultural_info,Hotel Ilomba,South,positive,4.7,True,False
QRY-005992,2026-07-22 19:23,SESS-002400,VIS-02401,text,French,domestic,South,directions,FINI Hotel Bobende,South West,positive,2.4,True,False
QRY-000940,2026-07-22 19:39,SESS-000373,VIS-00374,text,English,domestic,South,pricing,Hotel Ilomba,South,negative,2.7,True,False
QRY-001658,2026-07-22 20:30,SESS-000663,VIS-00664,text,French,foreign,Equatorial Guinea,opening_hours,Down Beach Roasted Fish Sheds,South West,neutral,2.8,True,False
QRY-002838,2026-07-22 20:52,SESS-001117,VIS-01118,voice_note,French,foreign,USA,transport_fare,Down Beach Roasted Fish Sheds,South West,neutral,3.9,True,False
QRY-005834,2026-07-22 21:08,SESS-002337,VIS-02338,text,French,domestic,Adamawa,transport_fare,Chez Carimo / Lobe Shacks,South,positive,4.4,True,False
QRY-000043,2026-07-22 21:41,SESS-000017,VIS-00018,text,French,domestic,West,directions,Bimbia Slave Trade Port,South West,neutral,2.2,True,False
QRY-000284,2026-07-22 21:43,SESS-000128,VIS-00129,text,French,foreign,South Africa,directions,Palais Royal de Foumban & Museum,West,neutral,2.9,True,False
QRY-002551,2026-07-22 22:37,SESS-001019,VIS-01020,text,English,foreign,USA,general_chat,,South West,neutral,2.3,True,False
QRY-003906,2026-07-22 22:41,SESS-001553,VIS-01554,voice_note,French,domestic,South West,general_chat,,South,positive,3.3,True,False
QRY-002036,2026-07-22 22:56,SESS-000809,VIS-00810,voice_note,French,domestic,South,emergency_sos,Mefou Primate Sanctuary,Centre,neutral,1.6,True,True
QRY-005766,2026-07-23 06:11,SESS-002304,VIS-02305,text,French,foreign,Gabon,booking_interest,Campo Ma'an National Park,South,neutral,4.4,True,False
QRY-002104,2026-07-23 06:38,SESS-000837,VIS-00838,text,French,foreign,China,cultural_info,Pullman Douala Rabingha,Littoral,positive,3.0,True,False
QRY-005347,2026-07-23 06:48,SESS-002128,VIS-02129,voice_note,English,domestic,Adamawa,transport_fare,Chez Carimo / Lobe Shacks,South,negative,3.8,True,False
QRY-005146,2026-07-23 06:50,SESS-002037,VIS-02038,text,Pidgin,domestic,Centre,pricing,Rue des Artisans,West,negative,4.6,True,False
QRY-001979,2026-07-23 06:55,SESS-000786,VIS-00787,text,French,domestic,South West,cultural_info,Limbe Botanic Garden,South West,positive,1.4,True,False
QRY-005727,2026-07-23 07:01,SESS-002286,VIS-02287,text,Pidgin,foreign,Equatorial Guinea,pricing,Rue des Artisans,West,neutral,2.2,True,False
QRY-002006,2026-07-23 07:08,SESS-000797,VIS-00798,voice_note,French,domestic,North West,pricing,Domaine du Petpenoun,West,neutral,3.3,True,False
QRY-004716,2026-07-23 07:10,SESS-001865,VIS-01866,text,French,foreign,China,transport_fare,Seme Beach Hotel,South West,positive,4.0,True,False
QRY-002945,2026-07-23 07:10,SESS-001161,VIS-01162,voice_note,English,domestic,Littoral,general_chat,,Far North,neutral,2.2,True,False
QRY-005369,2026-07-23 07:41,SESS-002135,VIS-02136,voice_note,French,domestic,East,cultural_info,Mefou Primate Sanctuary,Centre,neutral,2.5,True,False
QRY-006115,2026-07-23 07:47,SESS-002438,VIS-02439,text,English,domestic,East,booking_interest,Grand Batanga & Luma Museum,South,neutral,2.5,True,False
QRY-004706,2026-07-23 07:58,SESS-001863,VIS-01864,text,French,foreign,China,booking_interest,Chez Carimo / Lobe Shacks,South,positive,4.1,True,False
QRY-004124,2026-07-23 08:13,SESS-001632,VIS-01633,voice_note,English,domestic,Centre,cultural_info,Chez Wou & La Salsa,Centre,positive,4.5,True,False
QRY-005076,2026-07-23 08:54,SESS-002008,VIS-02009,voice_note,French,domestic,Far North,pricing,Pullman Douala Rabingha,Littoral,negative,1.8,True,False
QRY-002118,2026-07-23 09:18,SESS-000841,VIS-00842,text,French,domestic,South,transport_fare,Pullman Douala Rabingha,Littoral,positive,5.2,True,False
QRY-002710,2026-07-23 09:26,SESS-001071,VIS-01072,text,French,domestic,East,pricing,Plage de Kribi (Tara Plage),South,positive,1.8,False,False
QRY-001726,2026-07-23 10:32,SESS-000689,VIS-00690,voice_note,English,foreign,Chad,directions,Mount Cameroon (Upper Farms),South West,neutral,3.4,True,False
QRY-004193,2026-07-23 11:24,SESS-001658,VIS-01659,voice_note,Pidgin,foreign,France,general_chat,,North West,neutral,2.0,True,False
QRY-003490,2026-07-23 11:37,SESS-001391,VIS-01392,text,French,foreign,Equatorial Guinea,booking_interest,Limbe Wildlife Centre,South West,positive,3.2,True,False
QRY-000861,2026-07-23 12:05,SESS-000338,VIS-00339,text,English,foreign,Canada,cultural_info,Marche Sandaga & Deido Soya,Littoral,neutral,2.5,True,False
QRY-001830,2026-07-23 12:57,SESS-000728,VIS-00729,voice_note,Pidgin,foreign,Nigeria,opening_hours,Down Beach Roasted Fish Sheds,South West,positive,2.5,True,False
QRY-003049,2026-07-23 13:20,SESS-001206,VIS-01207,text,Pidgin,domestic,North,pricing,Star Land Hotel Bastos,Centre,positive,2.0,True,False
QRY-003899,2026-07-23 13:26,SESS-001551,VIS-01552,text,French,foreign,Gabon,booking_interest,L'Ovalie & La Fourchette,Littoral,positive,2.8,True,False
QRY-003973,2026-07-23 14:02,SESS-001571,VIS-01572,voice_note,French,domestic,Centre,booking_interest,Palais Royal de Foumban & Museum,West,positive,3.9,True,False
QRY-000430,2026-07-23 14:09,SESS-000182,VIS-00183,text,French,domestic,Far North,cultural_info,Bimbia Slave Trade Port,South West,positive,3.0,True,False
QRY-000184,2026-07-23 14:22,SESS-000084,VIS-00085,text,English,foreign,Canada,directions,Limbe Wildlife Centre,South West,positive,3.7,True,False
QRY-000104,2026-07-23 15:00,SESS-000049,VIS-00050,voice_note,French,domestic,Far North,booking_interest,Bimbia Slave Trade Port,South West,positive,3.4,True,False
QRY-006029,2026-07-23 15:03,SESS-002408,VIS-02409,voice_note,French,domestic,Littoral,directions,Les Gites de Kribi,South,neutral,5.4,True,False
QRY-001004,2026-07-23 15:06,SESS-000396,VIS-00397,voice_note,French,foreign,Equatorial Guinea,transport_fare,Campo Ma'an National Park,South,positive,3.3,True,False
QRY-005448,2026-07-23 16:00,SESS-002168,VIS-02169,text,English,domestic,South,booking_interest,Chutes de la Lobe,South,positive,3.1,True,False
QRY-001226,2026-07-23 16:22,SESS-000486,VIS-00487,text,English,domestic,Littoral,pricing,Douala-Edea Wildlife Reserve,Littoral,negative,2.8,True,False
QRY-005195,2026-07-23 16:23,SESS-002060,VIS-02061,text,Pidgin,domestic,Far North,opening_hours,Chez Carimo / Lobe Shacks,South,neutral,4.1,True,False
QRY-004671,2026-07-23 16:33,SESS-001847,VIS-01848,voice_note,French,domestic,Centre,pricing,Limbe Botanic Garden,South West,positive,4.2,True,False
QRY-002258,2026-07-23 16:51,SESS-000902,VIS-00903,text,French,domestic,East,opening_hours,Musee National de Yaounde,Centre,neutral,4.9,True,False
QRY-005401,2026-07-23 16:52,SESS-002142,VIS-02143,text,English,domestic,North West,pricing,Chez Carimo / Lobe Shacks,South,neutral,2.0,True,False
QRY-004532,2026-07-23 16:58,SESS-001788,VIS-01789,text,English,foreign,Equatorial Guinea,opening_hours,Chez Wou & La Salsa,Centre,positive,2.7,True,False
QRY-000362,2026-07-23 17:10,SESS-000159,VIS-00160,text,French,domestic,West,emergency_sos,Mefou Primate Sanctuary,Centre,negative,2.6,True,True
QRY-000139,2026-07-23 17:15,SESS-000064,VIS-00065,voice_note,French,domestic,Far North,transport_fare,Chez Wou & La Salsa,Centre,neutral,5.0,True,False
QRY-001907,2026-07-23 17:23,SESS-000757,VIS-00758,text,French,domestic,South West,directions,Musee National de Yaounde,Centre,positive,1.9,True,False
QRY-000682,2026-07-23 17:59,SESS-000276,VIS-00277,text,French,domestic,North,general_chat,,West,neutral,2.6,True,False
QRY-001335,2026-07-23 18:57,SESS-000530,VIS-00531,text,Pidgin,domestic,Littoral,opening_hours,Hilton Yaounde,Centre,neutral,5.6,False,False
QRY-002461,2026-07-23 19:09,SESS-000986,VIS-00987,text,English,foreign,Chad,directions,Palais Royal de Foumban & Museum,West,neutral,2.6,True,False
QRY-004298,2026-07-23 19:10,SESS-001690,VIS-01691,voice_note,French,domestic,East,pricing,Musee National de Yaounde,Centre,neutral,3.2,True,False
QRY-003399,2026-07-23 19:13,SESS-001360,VIS-01361,text,French,foreign,Chad,pricing,Limbe Botanic Garden,South West,positive,4.4,True,False
QRY-002965,2026-07-23 19:42,SESS-001168,VIS-01169,text,English,domestic,West,directions,Limbe Wildlife Centre,South West,neutral,4.5,True,False
QRY-005298,2026-07-23 20:43,SESS-002104,VIS-02105,voice_note,English,domestic,South,pricing,FINI Hotel Bobende,South West,neutral,3.7,True,False
QRY-003666,2026-07-23 20:49,SESS-001455,VIS-01456,voice_note,French,domestic,North West,transport_fare,Down Beach Roasted Fish Sheds,South West,negative,3.6,True,False
QRY-002082,2026-07-23 21:36,SESS-000829,VIS-00830,voice_note,English,foreign,France,opening_hours,Krystal Palace Douala,Littoral,neutral,3.8,True,False
QRY-000737,2026-07-23 21:40,SESS-000292,VIS-00293,voice_note,English,foreign,Nigeria,pricing,Krystal Palace Douala,Littoral,neutral,3.2,True,False
QRY-000525,2026-07-23 21:45,SESS-000220,VIS-00221,text,English,domestic,South,pricing,Mefou Primate Sanctuary,Centre,positive,4.0,True,False
QRY-001270,2026-07-23 22:00,SESS-000504,VIS-00505,text,Pidgin,domestic,Adamawa,pricing,Bimbia Slave Trade Port,South West,positive,4.9,True,False
QRY-002682,2026-07-23 22:08,SESS-001057,VIS-01058,voice_note,English,domestic,East,pricing,Krystal Palace Douala,Littoral,positive,2.7,True,False
QRY-004717,2026-07-23 22:24,SESS-001865,VIS-01866,text,English,domestic,North,cultural_info,Campo Ma'an National Park,South,positive,2.3,True,False
QRY-002976,2026-07-23 22:34,SESS-001171,VIS-01172,text,English,domestic,Adamawa,opening_hours,Musee Maritime de Douala,Littoral,neutral,0.9,True,False
QRY-005235,2026-07-23 22:56,SESS-002076,VIS-02077,text,French,foreign,Gabon,pricing,Palais des Rois Bell (Pagode),Littoral,positive,3.2,True,False
QRY-005666,2026-07-24 06:04,SESS-002261,VIS-02262,text,English,domestic,South,directions,Down Beach & Batoke Beach,South West,neutral,4.9,True,False
QRY-002543,2026-07-24 06:48,SESS-001015,VIS-01016,text,English,domestic,West,pricing,Down Beach & Batoke Beach,South West,neutral,2.1,True,False
QRY-002330,2026-07-24 07:02,SESS-000929,VIS-00930,text,English,domestic,East,pricing,Down Beach Roasted Fish Sheds,South West,positive,2.3,True,False
QRY-003997,2026-07-24 07:16,SESS-001583,VIS-01584,text,French,domestic,North,opening_hours,Bimbia Slave Trade Port,South West,neutral,4.5,True,False
QRY-000966,2026-07-24 07:19,SESS-000381,VIS-00382,text,French,domestic,Centre,cultural_info,Grand Batanga & Luma Museum,South,neutral,1.8,True,False
QRY-002191,2026-07-24 08:12,SESS-000872,VIS-00873,voice_note,French,domestic,North West,cultural_info,Plage de Kribi (Tara Plage),South,positive,3.7,True,False
QRY-005747,2026-07-24 08:16,SESS-002296,VIS-02297,text,English,domestic,Littoral,booking_interest,Rue des Artisans,West,positive,2.5,True,False
QRY-002948,2026-07-24 08:59,SESS-001162,VIS-01163,voice_note,English,foreign,Nigeria,cultural_info,Chez Wou & La Salsa,Centre,neutral,3.1,True,False
QRY-004125,2026-07-24 08:59,SESS-001633,VIS-01634,text,French,domestic,Adamawa,booking_interest,Bimbia Slave Trade Port,South West,positive,4.4,True,False
QRY-002283,2026-07-24 09:02,SESS-000910,VIS-00911,text,English,domestic,West,pricing,Grand Batanga & Luma Museum,South,neutral,3.8,True,False
QRY-003882,2026-07-24 09:11,SESS-001546,VIS-01547,voice_note,French,foreign,China,cultural_info,FINI Hotel Bobende,South West,positive,3.7,True,False
QRY-000718,2026-07-24 09:15,SESS-000287,VIS-00288,voice_note,French,domestic,Centre,booking_interest,Down Beach Roasted Fish Sheds,South West,positive,1.6,True,False
QRY-001647,2026-07-24 09:20,SESS-000657,VIS-00658,voice_note,French,foreign,Nigeria,opening_hours,Down Beach & Batoke Beach,South West,positive,3.7,True,False
QRY-005085,2026-07-24 09:28,SESS-002012,VIS-02013,text,Pidgin,domestic,West,pricing,Limbe Wildlife Centre,South West,positive,5.2,True,False
QRY-001552,2026-07-24 09:36,SESS-000620,VIS-00621,voice_note,English,domestic,Littoral,directions,Hotel Ilomba,South,neutral,3.8,True,False
QRY-001476,2026-07-24 10:14,SESS-000592,VIS-00593,voice_note,French,domestic,North West,transport_fare,Rue des Artisans,West,neutral,2.2,True,False
QRY-005997,2026-07-24 10:18,SESS-002402,VIS-02403,text,Pidgin,domestic,South,transport_fare,Chutes de la Lobe,South,neutral,3.5,True,False
QRY-003487,2026-07-24 10:35,SESS-001391,VIS-01392,voice_note,English,foreign,Nigeria,general_chat,,Centre,positive,2.6,True,False
QRY-002336,2026-07-24 10:52,SESS-000931,VIS-00932,text,English,domestic,Adamawa,emergency_sos,Artisanal Village & Flower Market,Littoral,negative,2.1,True,True
QRY-004482,2026-07-24 11:14,SESS-001762,VIS-01763,text,English,domestic,Far North,opening_hours,Seme Beach Hotel,South West,neutral,3.2,True,False
QRY-000048,2026-07-24 11:39,SESS-000018,VIS-00019,text,English,domestic,South West,opening_hours,Palais Royal de Foumban & Museum,West,positive,2.9,True,False
QRY-002769,2026-07-24 11:53,SESS-001094,VIS-01095,text,English,foreign,Equatorial Guinea,opening_hours,Hotel Zingana,West,neutral,2.9,True,False
QRY-005633,2026-07-24 12:03,SESS-002245,VIS-02246,text,French,domestic,Adamawa,transport_fare,Palais des Rois Bell (Pagode),Littoral,negative,2.4,True,False
QRY-001052,2026-07-24 12:19,SESS-000414,VIS-00415,text,English,domestic,North,cultural_info,Les Gites de Kribi,South,positive,3.5,True,False
QRY-004135,2026-07-24 12:21,SESS-001634,VIS-01635,text,Pidgin,domestic,North West,opening_hours,Chez Wou & La Salsa,Centre,neutral,3.4,True,False
QRY-003121,2026-07-24 12:26,SESS-001244,VIS-01245,text,English,domestic,Centre,pricing,Chutes d'Ekom Nkam,Littoral,neutral,2.9,True,False
QRY-004580,2026-07-24 12:26,SESS-001809,VIS-01810,voice_note,English,domestic,North,booking_interest,Bimbia Slave Trade Port,South West,positive,4.7,True,False
QRY-001855,2026-07-24 12:26,SESS-000738,VIS-00739,voice_note,French,foreign,USA,transport_fare,Rue des Artisans,West,neutral,4.7,True,False
QRY-001644,2026-07-24 12:33,SESS-000656,VIS-00657,text,French,domestic,East,general_chat,,South,positive,4.6,True,False
QRY-004408,2026-07-24 12:40,SESS-001736,VIS-01737,text,Pidgin,domestic,East,pricing,Bimbia Slave Trade Port,South West,positive,3.1,True,False
QRY-002997,2026-07-24 12:45,SESS-001183,VIS-01184,voice_note,French,domestic,Littoral,directions,L'Ovalie & La Fourchette,Littoral,neutral,2.0,True,False
QRY-002830,2026-07-24 12:49,SESS-001112,VIS-01113,voice_note,English,domestic,North West,directions,Limbe Wildlife Centre,South West,neutral,5.4,True,False
QRY-003873,2026-07-24 12:49,SESS-001543,VIS-01544,text,French,domestic,South,pricing,Artisanal Village & Flower Market,Littoral,neutral,1.8,True,False
QRY-005869,2026-07-24 12:52,SESS-002356,VIS-02357,text,French,domestic,North,transport_fare,Star Land Hotel Bastos,Centre,neutral,5.2,True,False
QRY-004003,2026-07-24 13:00,SESS-001586,VIS-01587,voice_note,French,domestic,South,pricing,Chez Wou & La Salsa,Centre,positive,3.4,True,False
QRY-002954,2026-07-24 13:09,SESS-001165,VIS-01166,text,French,foreign,France,general_chat,,South,positive,2.9,True,False
QRY-001869,2026-07-24 13:41,SESS-000743,VIS-00744,voice_note,French,domestic,Adamawa,booking_interest,Palais des Rois Bell (Pagode),Littoral,positive,3.7,True,False
QRY-005586,2026-07-24 13:46,SESS-002227,VIS-02228,text,English,domestic,East,directions,Palais Royal de Foumban & Museum,West,neutral,3.0,True,False
QRY-005887,2026-07-24 13:51,SESS-002361,VIS-02362,text,English,domestic,East,transport_fare,Monument de la Reunification,Centre,neutral,1.9,True,False
QRY-004553,2026-07-24 14:17,SESS-001796,VIS-01797,voice_note,French,foreign,Belgium,booking_interest,Hilton Yaounde,Centre,neutral,1.5,True,False
QRY-000288,2026-07-24 14:36,SESS-000130,VIS-00131,text,French,domestic,Far North,opening_hours,Chutes de la Lobe,South,positive,3.9,True,False
QRY-003853,2026-07-24 15:06,SESS-001538,VIS-01539,text,French,domestic,Littoral,booking_interest,Chez Carimo / Lobe Shacks,South,neutral,2.4,True,False
QRY-003111,2026-07-24 15:46,SESS-001240,VIS-01241,text,French,domestic,South,directions,Star Land Hotel Bastos,Centre,neutral,3.8,True,False
QRY-000366,2026-07-24 15:56,SESS-000161,VIS-00162,voice_note,English,foreign,Nigeria,pricing,FINI Hotel Bobende,South West,neutral,3.9,True,False
QRY-003597,2026-07-24 16:10,SESS-001429,VIS-01430,text,Pidgin,foreign,South Africa,pricing,Mefou Primate Sanctuary,Centre,neutral,2.6,True,False
QRY-005576,2026-07-24 17:06,SESS-002222,VIS-02223,text,English,domestic,East,cultural_info,Grand Batanga & Luma Museum,South,positive,3.1,True,False
QRY-001863,2026-07-24 17:10,SESS-000741,VIS-00742,text,French,domestic,Littoral,directions,Hotel Ilomba,South,neutral,2.1,True,False
QRY-001857,2026-07-24 17:44,SESS-000740,VIS-00741,voice_note,French,foreign,China,directions,Down Beach Roasted Fish Sheds,South West,neutral,3.4,False,False
QRY-004515,2026-07-24 17:59,SESS-001779,VIS-01780,voice_note,French,domestic,North,directions,West Region Gastronomy Spots,West,neutral,2.3,True,False
QRY-001253,2026-07-24 18:17,SESS-000499,VIS-00500,text,French,domestic,North,pricing,Musee National de Yaounde,Centre,positive,3.9,True,False
QRY-005750,2026-07-24 18:30,SESS-002297,VIS-02298,voice_note,French,foreign,France,cultural_info,L'Ovalie & La Fourchette,Littoral,neutral,3.3,True,False
QRY-001539,2026-07-24 18:37,SESS-000614,VIS-00615,text,French,foreign,UK,directions,Hilton Yaounde,Centre,neutral,2.2,True,False
QRY-004600,2026-07-24 18:54,SESS-001819,VIS-01820,voice_note,English,domestic,Adamawa,booking_interest,Chez Carimo / Lobe Shacks,South,neutral,3.5,True,False
QRY-003542,2026-07-24 19:11,SESS-001409,VIS-01410,voice_note,English,domestic,South,opening_hours,Chefferie de Bandjoun,West,neutral,5.5,True,False
QRY-000959,2026-07-24 19:31,SESS-000379,VIS-00380,voice_note,English,foreign,Gabon,emergency_sos,Down Beach Roasted Fish Sheds,South West,neutral,2.7,True,True
QRY-003405,2026-07-24 20:19,SESS-001361,VIS-01362,text,French,domestic,North,transport_fare,Mvog-Betsi Zoo & Botanical Garden,Centre,negative,3.7,True,False
QRY-000252,2026-07-24 20:23,SESS-000115,VIS-00116,voice_note,English,domestic,East,opening_hours,Les Gites de Kribi,South,positive,2.7,True,False
QRY-001458,2026-07-24 20:24,SESS-000583,VIS-00584,voice_note,French,domestic,Centre,directions,Marche Sandaga & Deido Soya,Littoral,positive,3.9,True,False
QRY-004269,2026-07-24 20:38,SESS-001684,VIS-01685,text,French,domestic,Centre,booking_interest,Mount Cameroon (Upper Farms),South West,positive,3.9,False,False
QRY-006075,2026-07-24 20:57,SESS-002422,VIS-02423,voice_note,French,foreign,Gabon,pricing,Pullman Douala Rabingha,Littoral,neutral,2.6,True,False
QRY-005033,2026-07-24 21:13,SESS-001987,VIS-01988,text,English,foreign,South Africa,general_chat,,North,positive,2.5,True,False
QRY-003296,2026-07-24 21:33,SESS-001319,VIS-01320,text,French,foreign,China,transport_fare,Plage de Kribi (Tara Plage),South,positive,3.2,True,False
QRY-003488,2026-07-24 21:52,SESS-001391,VIS-01392,voice_note,French,foreign,USA,pricing,Mount Cameroon (Upper Farms),South West,negative,3.4,True,False
QRY-000986,2026-07-24 21:56,SESS-000391,VIS-00392,text,French,foreign,Equatorial Guinea,pricing,Douala-Edea Wildlife Reserve,Littoral,neutral,4.0,True,False
QRY-003422,2026-07-24 22:06,SESS-001366,VIS-01367,text,French,foreign,China,pricing,Down Beach & Batoke Beach,South West,positive,2.9,True,False
QRY-005839,2026-07-24 22:06,SESS-002339,VIS-02340,text,French,domestic,North West,pricing,Limbe Wildlife Centre,South West,neutral,2.4,True,False
QRY-001671,2026-07-24 22:10,SESS-000668,VIS-00669,text,English,domestic,Littoral,transport_fare,Mount Cameroon (Upper Farms),South West,neutral,3.1,True,False
QRY-000200,2026-07-24 22:42,SESS-000093,VIS-00094,text,French,foreign,UK,general_chat,,East,negative,3.7,True,False
QRY-005941,2026-07-24 22:44,SESS-002380,VIS-02381,text,English,domestic,Littoral,cultural_info,Hotel Ilomba,South,neutral,2.5,True,False
QRY-006072,2026-07-24 22:49,SESS-002420,VIS-02421,text,French,foreign,South Africa,general_chat,,North,positive,1.4,True,False
QRY-005380,2026-07-24 22:57,SESS-002136,VIS-02137,text,English,domestic,North,opening_hours,Palais Royal de Foumban & Museum,West,positive,5.1,True,False
QRY-002444,2026-07-25 06:32,SESS-000976,VIS-00977,text,French,domestic,West,pricing,Mvog-Betsi Zoo & Botanical Garden,Centre,neutral,3.1,True,False
QRY-000868,2026-07-25 06:43,SESS-000340,VIS-00341,text,Pidgin,domestic,South,cultural_info,Palais Royal de Foumban & Museum,West,positive,2.0,True,False
QRY-002898,2026-07-25 06:58,SESS-001143,VIS-01144,voice_note,French,foreign,China,directions,Hilton Yaounde,Centre,neutral,3.8,True,False
QRY-004211,2026-07-25 07:15,SESS-001667,VIS-01668,text,English,foreign,Gabon,directions,FINI Hotel Bobende,South West,neutral,2.3,True,False
QRY-002160,2026-07-25 07:16,SESS-000862,VIS-00863,text,English,domestic,East,transport_fare,Les Gites de Kribi,South,positive,1.8,True,False
QRY-000311,2026-07-25 07:49,SESS-000140,VIS-00141,text,English,domestic,North,opening_hours,L'Ovalie & La Fourchette,Littoral,positive,4.2,True,False
QRY-004736,2026-07-25 08:14,SESS-001873,VIS-01874,voice_note,French,domestic,South West,pricing,Bimbia Slave Trade Port,South West,neutral,2.4,True,False
QRY-000705,2026-07-25 08:39,SESS-000284,VIS-00285,text,French,domestic,North,directions,Artisanal Village & Flower Market,Littoral,positive,3.2,True,False
QRY-003065,2026-07-25 09:09,SESS-001216,VIS-01217,text,Pidgin,domestic,South,directions,Artisanal Village & Flower Market,Littoral,positive,2.6,True,False
QRY-003858,2026-07-25 09:38,SESS-001539,VIS-01540,text,French,foreign,China,directions,Chefferie de Bandjoun,West,neutral,1.8,True,False
QRY-003849,2026-07-25 09:44,SESS-001536,VIS-01537,voice_note,Pidgin,domestic,West,directions,Hotel Ilomba,South,neutral,4.4,True,False
QRY-006155,2026-07-25 10:09,SESS-002456,VIS-02457,text,French,domestic,North West,booking_interest,Hotel Zingana,West,neutral,2.3,True,False
QRY-003622,2026-07-25 10:16,SESS-001438,VIS-01439,voice_note,Pidgin,domestic,South,booking_interest,Chez Carimo / Lobe Shacks,South,neutral,0.8,True,False
QRY-005394,2026-07-25 10:17,SESS-002140,VIS-02141,voice_note,French,domestic,Adamawa,transport_fare,Chez Wou & La Salsa,Centre,neutral,3.7,True,False
QRY-002439,2026-07-25 10:24,SESS-000975,VIS-00976,text,English,domestic,Adamawa,cultural_info,Mont Febe & Golf Club,Centre,neutral,2.5,True,False
QRY-002725,2026-07-25 11:06,SESS-001077,VIS-01078,text,French,domestic,North,transport_fare,Musee Maritime de Douala,Littoral,positive,2.1,True,False
QRY-001324,2026-07-25 11:07,SESS-000523,VIS-00524,text,English,domestic,East,opening_hours,Hilton Yaounde,Centre,positive,2.5,True,False
QRY-000313,2026-07-25 11:17,SESS-000141,VIS-00142,text,English,domestic,Centre,opening_hours,Down Beach & Batoke Beach,South West,neutral,2.6,True,False
QRY-004570,2026-07-25 11:18,SESS-001804,VIS-01805,text,French,domestic,South West,cultural_info,Monument de la Reunification,Centre,positive,3.4,True,False
QRY-005868,2026-07-25 12:21,SESS-002355,VIS-02356,text,Pidgin,domestic,Littoral,cultural_info,Hotel Ilomba,South,neutral,3.9,True,False
QRY-001258,2026-07-25 12:26,SESS-000501,VIS-00502,text,French,foreign,USA,cultural_info,West Region Gastronomy Spots,West,positive,4.6,True,False
QRY-004049,2026-07-25 12:59,SESS-001603,VIS-01604,voice_note,English,domestic,Littoral,pricing,Limbe Botanic Garden,South West,neutral,3.1,True,False
QRY-000631,2026-07-25 14:21,SESS-000260,VIS-00261,voice_note,English,foreign,Nigeria,booking_interest,Chez Carimo / Lobe Shacks,South,neutral,3.6,True,False
QRY-000713,2026-07-25 14:29,SESS-000285,VIS-00286,voice_note,English,domestic,West,directions,Les Gites de Kribi,South,neutral,4.0,True,False
QRY-000898,2026-07-25 14:35,SESS-000355,VIS-00356,text,French,domestic,Littoral,transport_fare,Hilton Yaounde,Centre,neutral,3.6,True,False
QRY-003316,2026-07-25 14:36,SESS-001327,VIS-01328,voice_note,English,foreign,Germany,cultural_info,Star Land Hotel Bastos,Centre,neutral,3.8,True,False
QRY-004517,2026-07-25 14:49,SESS-001781,VIS-01782,text,French,domestic,North West,pricing,Chez Carimo / Lobe Shacks,South,positive,5.0,True,False
QRY-004930,2026-07-25 15:06,SESS-001948,VIS-01949,text,French,domestic,South,transport_fare,Musee Maritime de Douala,Littoral,neutral,3.6,True,False
QRY-005382,2026-07-25 15:24,SESS-002136,VIS-02137,text,French,foreign,South Africa,transport_fare,Down Beach Roasted Fish Sheds,South West,neutral,3.7,True,False
QRY-002934,2026-07-25 15:33,SESS-001157,VIS-01158,text,French,foreign,USA,general_chat,,South,neutral,2.8,True,False
QRY-001088,2026-07-25 15:36,SESS-000427,VIS-00428,text,English,domestic,Littoral,pricing,Rue des Artisans,West,positive,4.0,True,False
QRY-002020,2026-07-25 15:51,SESS-000803,VIS-00804,text,French,foreign,Canada,directions,Bimbia Slave Trade Port,South West,neutral,2.6,True,False
QRY-005545,2026-07-25 16:13,SESS-002212,VIS-02213,text,English,domestic,Littoral,booking_interest,Les Gites de Kribi,South,positive,2.7,True,False
QRY-002228,2026-07-25 16:28,SESS-000889,VIS-00890,text,French,domestic,South,cultural_info,Artisanal Village & Flower Market,Littoral,positive,2.3,True,False
QRY-004070,2026-07-25 16:44,SESS-001610,VIS-01611,text,French,domestic,East,cultural_info,Mvog-Betsi Zoo & Botanical Garden,Centre,positive,1.6,True,False
QRY-003696,2026-07-25 17:21,SESS-001468,VIS-01469,text,English,domestic,Centre,directions,Mvog-Betsi Zoo & Botanical Garden,Centre,positive,2.5,True,False
QRY-002648,2026-07-25 17:26,SESS-001049,VIS-01050,text,French,domestic,Adamawa,transport_fare,FINI Hotel Bobende,South West,neutral,1.7,True,False
QRY-005027,2026-07-25 17:37,SESS-001985,VIS-01986,voice_note,Pidgin,foreign,Canada,general_chat,,East,neutral,2.8,True,False
QRY-004989,2026-07-25 17:55,SESS-001969,VIS-01970,text,English,domestic,Littoral,opening_hours,Limbe Botanic Garden,South West,neutral,3.6,True,False
QRY-001555,2026-07-25 17:55,SESS-000621,VIS-00622,text,English,domestic,North,cultural_info,Marche Sandaga & Deido Soya,Littoral,neutral,4.5,True,False
QRY-002704,2026-07-25 18:03,SESS-001067,VIS-01068,text,French,domestic,North,cultural_info,Star Land Hotel Bastos,Centre,positive,2.9,True,False
QRY-003814,2026-07-25 18:05,SESS-001522,VIS-01523,text,Pidgin,domestic,West,cultural_info,Limbe Wildlife Centre,South West,neutral,2.4,True,False
QRY-000083,2026-07-25 18:44,SESS-000036,VIS-00037,text,Pidgin,domestic,Littoral,directions,Mefou Primate Sanctuary,Centre,positive,2.9,True,False
QRY-000508,2026-07-25 18:48,SESS-000213,VIS-00214,text,English,domestic,Littoral,directions,Limbe Botanic Garden,South West,neutral,3.2,True,False
QRY-005001,2026-07-25 19:28,SESS-001974,VIS-01975,text,English,domestic,Littoral,directions,Hotel Ilomba,South,positive,2.2,True,False
QRY-001114,2026-07-25 19:35,SESS-000438,VIS-00439,text,English,domestic,Far North,transport_fare,Down Beach Roasted Fish Sheds,South West,neutral,3.7,True,False
QRY-000439,2026-07-25 19:58,SESS-000187,VIS-00188,text,French,domestic,Littoral,cultural_info,Krystal Palace Douala,Littoral,positive,4.5,True,False
QRY-002589,2026-07-25 20:45,SESS-001031,VIS-01032,text,English,domestic,West,directions,Down Beach Roasted Fish Sheds,South West,neutral,2.6,True,False
QRY-000094,2026-07-25 20:51,SESS-000042,VIS-00043,text,English,foreign,Germany,booking_interest,Chutes de la Lobe,South,positive,4.2,True,False
QRY-001140,2026-07-25 20:58,SESS-000451,VIS-00452,text,French,domestic,South West,transport_fare,Bimbia Slave Trade Port,South West,negative,2.8,True,False
QRY-004132,2026-07-25 21:11,SESS-001633,VIS-01634,text,English,foreign,Nigeria,pricing,Musee National de Yaounde,Centre,neutral,4.0,True,False
QRY-004204,2026-07-25 21:24,SESS-001663,VIS-01664,text,English,domestic,Far North,transport_fare,Hilton Yaounde,Centre,positive,2.3,True,False
QRY-004032,2026-07-25 21:29,SESS-001594,VIS-01595,text,French,foreign,Chad,general_chat,,East,neutral,4.2,True,False
QRY-003869,2026-07-25 21:35,SESS-001542,VIS-01543,text,French,domestic,North West,transport_fare,Musee Maritime de Douala,Littoral,neutral,2.2,True,False
QRY-004454,2026-07-25 21:38,SESS-001753,VIS-01754,text,English,foreign,Gabon,opening_hours,FINI Hotel Bobende,South West,positive,2.6,True,False
QRY-000421,2026-07-25 21:43,SESS-000179,VIS-00180,voice_note,English,foreign,Gabon,booking_interest,Limbe Wildlife Centre,South West,positive,1.3,True,False
QRY-005663,2026-07-25 21:52,SESS-002259,VIS-02260,text,French,foreign,Germany,directions,Mount Cameroon (Upper Farms),South West,neutral,3.5,False,False
QRY-004129,2026-07-25 21:53,SESS-001633,VIS-01634,text,French,domestic,North,directions,Mefou Primate Sanctuary,Centre,neutral,3.0,True,False
QRY-004413,2026-07-25 22:16,SESS-001739,VIS-01740,text,French,domestic,South,opening_hours,Palais des Rois Bell (Pagode),Littoral,positive,2.8,True,False
QRY-004946,2026-07-25 22:21,SESS-001954,VIS-01955,voice_note,French,foreign,USA,directions,Musee Maritime de Douala,Littoral,positive,1.8,True,False
QRY-003053,2026-07-25 22:38,SESS-001208,VIS-01209,text,English,domestic,Centre,pricing,Domaine du Petpenoun,West,neutral,3.9,True,False
QRY-006106,2026-07-26 06:02,SESS-002437,VIS-02438,voice_note,French,domestic,West,booking_interest,Marche Sandaga & Deido Soya,Littoral,positive,3.0,True,False
QRY-005007,2026-07-26 06:04,SESS-001978,VIS-01979,text,English,domestic,South,opening_hours,Mvog-Betsi Zoo & Botanical Garden,Centre,positive,3.2,True,False
QRY-000457,2026-07-26 06:19,SESS-000197,VIS-00198,text,French,domestic,Littoral,booking_interest,Marche Sandaga & Deido Soya,Littoral,positive,1.4,True,False
QRY-001914,2026-07-26 07:16,SESS-000761,VIS-00762,text,English,foreign,Chad,cultural_info,Mefou Primate Sanctuary,Centre,positive,4.2,True,False
QRY-005976,2026-07-26 07:20,SESS-002396,VIS-02397,text,French,foreign,France,general_chat,,North West,positive,3.7,True,False
QRY-004852,2026-07-26 07:47,SESS-001914,VIS-01915,voice_note,English,foreign,UK,directions,Palais des Rois Bell (Pagode),Littoral,neutral,2.8,True,False
QRY-003615,2026-07-26 07:57,SESS-001436,VIS-01437,text,French,domestic,North West,pricing,Down Beach Roasted Fish Sheds,South West,negative,3.2,True,False
QRY-002576,2026-07-26 08:11,SESS-001027,VIS-01028,text,English,domestic,South,cultural_info,Limbe Botanic Garden,South West,neutral,3.0,True,False
QRY-005449,2026-07-26 08:27,SESS-002168,VIS-02169,text,French,foreign,Belgium,opening_hours,L'Ovalie & La Fourchette,Littoral,neutral,3.2,True,False
QRY-002843,2026-07-26 08:57,SESS-001118,VIS-01119,text,French,domestic,South West,directions,Rue des Artisans,West,positive,3.7,True,False
QRY-005009,2026-07-26 09:22,SESS-001978,VIS-01979,voice_note,English,domestic,West,pricing,Bimbia Slave Trade Port,South West,neutral,3.8,True,False
QRY-004188,2026-07-26 09:33,SESS-001655,VIS-01656,text,English,foreign,Equatorial Guinea,cultural_info,Palais des Rois Bell (Pagode),Littoral,neutral,2.8,True,False
QRY-005913,2026-07-26 09:38,SESS-002370,VIS-02371,text,Pidgin,domestic,East,opening_hours,Musee National de Yaounde,Centre,neutral,4.5,True,False
QRY-004038,2026-07-26 09:39,SESS-001596,VIS-01597,text,English,domestic,West,pricing,Monument de la Reunification,Centre,positive,4.6,True,False
QRY-003925,2026-07-26 09:41,SESS-001559,VIS-01560,voice_note,English,domestic,Littoral,cultural_info,Mont Febe & Golf Club,Centre,positive,3.5,True,False
QRY-003469,2026-07-26 09:48,SESS-001384,VIS-01385,text,English,foreign,Nigeria,opening_hours,Hotel Ilomba,South,positive,2.3,True,False
QRY-000239,2026-07-26 10:27,SESS-000110,VIS-00111,voice_note,French,foreign,Belgium,booking_interest,West Region Gastronomy Spots,West,positive,3.7,True,False
QRY-001291,2026-07-26 10:30,SESS-000509,VIS-00510,text,English,domestic,Centre,pricing,Grand Batanga & Luma Museum,South,neutral,3.1,False,False
QRY-002292,2026-07-26 10:41,SESS-000912,VIS-00913,text,French,foreign,UK,pricing,Star Land Hotel Bastos,Centre,neutral,2.6,True,False
QRY-000798,2026-07-26 11:17,SESS-000314,VIS-00315,text,French,domestic,South,booking_interest,Monument de la Reunification,Centre,negative,3.9,True,False
QRY-005096,2026-07-26 12:43,SESS-002014,VIS-02015,text,French,domestic,Centre,opening_hours,Hotel Ilomba,South,neutral,3.6,True,False
QRY-002044,2026-07-26 12:44,SESS-000813,VIS-00814,text,French,domestic,Centre,cultural_info,Palais Royal de Foumban & Museum,West,positive,3.4,True,False
QRY-003920,2026-07-26 12:46,SESS-001557,VIS-01558,text,French,domestic,Littoral,cultural_info,Limbe Botanic Garden,South West,neutral,4.4,True,False
QRY-002438,2026-07-26 12:54,SESS-000974,VIS-00975,voice_note,English,domestic,Far North,cultural_info,FINI Hotel Bobende,South West,positive,2.7,True,False
QRY-002866,2026-07-26 13:47,SESS-001130,VIS-01131,voice_note,French,domestic,West,pricing,Krystal Palace Douala,Littoral,neutral,4.8,True,False
QRY-005427,2026-07-26 14:08,SESS-002158,VIS-02159,text,French,foreign,Gabon,opening_hours,Mount Cameroon (Upper Farms),South West,positive,2.3,True,False
QRY-000434,2026-07-26 14:09,SESS-000184,VIS-00185,text,Pidgin,foreign,France,directions,Marche Sandaga & Deido Soya,Littoral,positive,3.2,True,False
QRY-001196,2026-07-26 14:30,SESS-000472,VIS-00473,text,English,foreign,UK,pricing,Chez Wou & La Salsa,Centre,neutral,3.4,True,False
QRY-004407,2026-07-26 14:38,SESS-001735,VIS-01736,text,French,domestic,South West,cultural_info,Musee Maritime de Douala,Littoral,neutral,4.4,True,False
QRY-002940,2026-07-26 14:44,SESS-001159,VIS-01160,text,French,foreign,South Africa,opening_hours,Palais Royal de Foumban & Museum,West,neutral,1.9,True,False
QRY-003229,2026-07-26 14:51,SESS-001292,VIS-01293,text,English,domestic,Far North,directions,Down Beach Roasted Fish Sheds,South West,positive,2.0,True,False
QRY-000016,2026-07-26 15:20,SESS-000007,VIS-00008,text,English,domestic,Far North,opening_hours,West Region Gastronomy Spots,West,positive,1.0,True,False
QRY-003230,2026-07-26 15:36,SESS-001292,VIS-01293,text,English,domestic,East,directions,Seme Beach Hotel,South West,neutral,2.4,True,False
QRY-000720,2026-07-26 15:45,SESS-000287,VIS-00288,text,Pidgin,domestic,Littoral,pricing,Limbe Wildlife Centre,South West,neutral,5.8,False,False
QRY-001934,2026-07-26 15:55,SESS-000772,VIS-00773,voice_note,English,domestic,Centre,booking_interest,Down Beach Roasted Fish Sheds,South West,neutral,4.2,True,False
QRY-002875,2026-07-26 16:03,SESS-001134,VIS-01135,voice_note,English,foreign,Germany,emergency_sos,Musee Maritime de Douala,Littoral,negative,0.8,True,True
QRY-000475,2026-07-26 16:10,SESS-000201,VIS-00202,text,French,domestic,North,directions,Marche Sandaga & Deido Soya,Littoral,neutral,3.6,True,False
QRY-005483,2026-07-26 16:17,SESS-002182,VIS-02183,voice_note,English,domestic,North,general_chat,,Far North,positive,3.4,True,False
QRY-005625,2026-07-26 16:21,SESS-002240,VIS-02241,text,French,foreign,South Africa,general_chat,,Far North,neutral,2.8,True,False
QRY-000449,2026-07-26 16:32,SESS-000193,VIS-00194,text,French,domestic,Centre,pricing,Hotel Zingana,West,neutral,4.1,True,False
QRY-001893,2026-07-26 16:54,SESS-000755,VIS-00756,text,French,foreign,South Africa,general_chat,,South,neutral,3.3,True,False
QRY-002005,2026-07-26 17:24,SESS-000796,VIS-00797,voice_note,French,foreign,France,transport_fare,Star Land Hotel Bastos,Centre,neutral,3.1,True,False
QRY-004025,2026-07-26 17:29,SESS-001593,VIS-01594,voice_note,French,domestic,North,transport_fare,Limbe Botanic Garden,South West,neutral,5.1,True,False
QRY-000433,2026-07-26 17:46,SESS-000183,VIS-00184,text,French,domestic,West,cultural_info,Chez Wou & La Salsa,Centre,neutral,2.7,True,False
QRY-002772,2026-07-26 18:12,SESS-001095,VIS-01096,text,French,foreign,USA,transport_fare,Mvog-Betsi Zoo & Botanical Garden,Centre,neutral,3.8,True,False
QRY-004345,2026-07-26 18:15,SESS-001711,VIS-01712,text,English,foreign,Germany,cultural_info,Krystal Palace Douala,Littoral,neutral,1.5,True,False
QRY-001462,2026-07-26 18:35,SESS-000587,VIS-00588,text,French,domestic,South West,directions,Marche Sandaga & Deido Soya,Littoral,negative,3.8,True,False
QRY-001059,2026-07-26 19:52,SESS-000417,VIS-00418,text,Pidgin,domestic,Adamawa,booking_interest,Hotel Ilomba,South,neutral,1.8,True,False
QRY-001802,2026-07-26 20:04,SESS-000718,VIS-00719,text,French,foreign,Canada,transport_fare,Limbe Botanic Garden,South West,neutral,2.4,True,False
QRY-002582,2026-07-26 20:18,SESS-001028,VIS-01029,text,French,domestic,North West,opening_hours,Limbe Botanic Garden,South West,neutral,4.0,True,False
QRY-006178,2026-07-26 20:59,SESS-002465,VIS-02466,text,French,domestic,Littoral,booking_interest,Chez Wou & La Salsa,Centre,positive,2.9,True,False
QRY-004859,2026-07-26 21:24,SESS-001919,VIS-01920,text,English,foreign,Nigeria,pricing,Palais des Rois Bell (Pagode),Littoral,positive,3.3,True,False
QRY-004437,2026-07-26 21:34,SESS-001746,VIS-01747,text,English,domestic,Littoral,pricing,Palais Royal de Foumban & Museum,West,neutral,2.1,True,False
QRY-002816,2026-07-26 21:37,SESS-001108,VIS-01109,voice_note,French,domestic,North West,pricing,Artisanal Village & Flower Market,Littoral,negative,3.3,True,False
QRY-001344,2026-07-26 21:42,SESS-000531,VIS-00532,text,English,domestic,East,transport_fare,Chez Wou & La Salsa,Centre,positive,4.1,True,False
QRY-001225,2026-07-26 21:50,SESS-000486,VIS-00487,text,French,domestic,North,transport_fare,Hotel Ilomba,South,positive,4.4,True,False
QRY-003084,2026-07-26 21:52,SESS-001227,VIS-01228,text,French,foreign,South Africa,pricing,Marche Sandaga & Deido Soya,Littoral,negative,2.3,True,False
QRY-003473,2026-07-26 22:37,SESS-001385,VIS-01386,voice_note,French,foreign,USA,directions,Hotel Zingana,West,neutral,3.6,True,False
QRY-001050,2026-07-26 22:45,SESS-000413,VIS-00414,text,French,domestic,South West,opening_hours,Musee Maritime de Douala,Littoral,positive,4.1,True,False
QRY-001598,2026-07-26 22:53,SESS-000634,VIS-00635,voice_note,Pidgin,domestic,East,opening_hours,Palais Royal de Foumban & Museum,West,neutral,4.4,True,False
QRY-003627,2026-07-27 06:05,SESS-001439,VIS-01440,text,English,foreign,UK,cultural_info,Marche Sandaga & Deido Soya,Littoral,neutral,2.3,True,False
QRY-001913,2026-07-27 06:46,SESS-000760,VIS-00761,voice_note,French,domestic,North,booking_interest,Down Beach Roasted Fish Sheds,South West,neutral,4.3,True,False
QRY-002991,2026-07-27 07:14,SESS-001180,VIS-01181,voice_note,French,domestic,North,pricing,Limbe Wildlife Centre,South West,neutral,3.0,True,False
QRY-005035,2026-07-27 08:16,SESS-001988,VIS-01989,text,English,foreign,Germany,pricing,Musee Maritime de Douala,Littoral,neutral,2.7,True,False
QRY-002249,2026-07-27 08:20,SESS-000899,VIS-00900,text,French,domestic,North West,cultural_info,Pullman Douala Rabingha,Littoral,neutral,3.5,True,False
QRY-006034,2026-07-27 08:41,SESS-002409,VIS-02410,text,French,domestic,North West,opening_hours,Campo Ma'an National Park,South,positive,4.5,False,False
QRY-005493,2026-07-27 08:48,SESS-002185,VIS-02186,voice_note,English,foreign,Nigeria,cultural_info,L'Ovalie & La Fourchette,Littoral,neutral,3.6,True,False
QRY-003354,2026-07-27 08:54,SESS-001344,VIS-01345,text,French,foreign,South Africa,directions,Artisanal Village & Flower Market,Littoral,positive,3.4,True,False
QRY-002760,2026-07-27 09:10,SESS-001090,VIS-01091,text,English,domestic,North West,opening_hours,Plage de Kribi (Tara Plage),South,neutral,2.8,True,False
QRY-005681,2026-07-27 09:23,SESS-002265,VIS-02266,text,French,domestic,Far North,directions,Chutes d'Ekom Nkam,Littoral,neutral,3.7,True,False
QRY-006096,2026-07-27 09:54,SESS-002432,VIS-02433,voice_note,English,domestic,Littoral,opening_hours,Rue des Artisans,West,neutral,2.8,True,False
QRY-000331,2026-07-27 10:14,SESS-000148,VIS-00149,voice_note,English,domestic,South,booking_interest,Les Gites de Kribi,South,positive,2.0,True,False
QRY-003223,2026-07-27 10:44,SESS-001289,VIS-01290,text,English,domestic,South,transport_fare,Plage de Kribi (Tara Plage),South,neutral,2.1,True,False
QRY-003336,2026-07-27 10:50,SESS-001337,VIS-01338,text,English,domestic,Littoral,opening_hours,Monument de la Reunification,Centre,positive,2.8,True,False
QRY-005555,2026-07-27 11:02,SESS-002216,VIS-02217,voice_note,French,domestic,Centre,pricing,Limbe Botanic Garden,South West,neutral,3.5,True,False
QRY-002201,2026-07-27 11:06,SESS-000875,VIS-00876,text,English,domestic,Far North,opening_hours,Hilton Yaounde,Centre,positive,3.3,True,False
QRY-002167,2026-07-27 11:31,SESS-000864,VIS-00865,text,French,foreign,Nigeria,general_chat,,South,positive,2.1,True,False
QRY-005455,2026-07-27 11:42,SESS-002170,VIS-02171,voice_note,French,foreign,France,booking_interest,Les Gites de Kribi,South,positive,2.6,True,False
QRY-001783,2026-07-27 11:42,SESS-000711,VIS-00712,voice_note,English,domestic,Far North,cultural_info,Chutes de la Lobe,South,negative,2.6,True,False
QRY-005984,2026-07-27 11:50,SESS-002399,VIS-02400,text,French,foreign,Belgium,directions,Mount Cameroon (Upper Farms),South West,positive,4.1,True,False
QRY-006164,2026-07-27 11:55,SESS-002460,VIS-02461,text,French,foreign,Germany,directions,Chez Carimo / Lobe Shacks,South,neutral,1.5,True,False
QRY-004583,2026-07-27 11:59,SESS-001812,VIS-01813,text,French,domestic,North,emergency_sos,Mont Febe & Golf Club,Centre,neutral,0.8,True,True
QRY-004073,2026-07-27 12:06,SESS-001612,VIS-01613,text,French,foreign,Gabon,pricing,Mont Febe & Golf Club,Centre,neutral,3.3,True,False
QRY-003994,2026-07-27 12:08,SESS-001583,VIS-01584,voice_note,English,domestic,Far North,cultural_info,Mont Febe & Golf Club,Centre,neutral,1.8,True,False
QRY-000824,2026-07-27 12:36,SESS-000324,VIS-00325,text,French,domestic,East,pricing,Musee National de Yaounde,Centre,neutral,4.0,False,False
QRY-005012,2026-07-27 13:03,SESS-001979,VIS-01980,text,French,domestic,South West,pricing,Limbe Wildlife Centre,South West,neutral,3.3,True,False
QRY-000696,2026-07-27 13:10,SESS-000279,VIS-00280,voice_note,French,foreign,Belgium,directions,Mont Febe & Golf Club,Centre,neutral,4.3,True,False
QRY-004450,2026-07-27 13:14,SESS-001751,VIS-01752,voice_note,French,domestic,Centre,directions,Limbe Botanic Garden,South West,neutral,3.4,True,False
QRY-004156,2026-07-27 13:16,SESS-001642,VIS-01643,voice_note,English,foreign,China,emergency_sos,Grand Batanga & Luma Museum,South,negative,2.2,False,True
QRY-000205,2026-07-27 13:28,SESS-000096,VIS-00097,voice_note,French,domestic,Littoral,transport_fare,Limbe Wildlife Centre,South West,neutral,3.6,True,False
QRY-001993,2026-07-27 14:05,SESS-000791,VIS-00792,text,French,foreign,Equatorial Guinea,pricing,Palais des Rois Bell (Pagode),Littoral,neutral,5.7,True,False
QRY-003976,2026-07-27 14:11,SESS-001572,VIS-01573,text,French,foreign,Canada,cultural_info,Star Land Hotel Bastos,Centre,positive,4.1,True,False
QRY-005813,2026-07-27 14:36,SESS-002329,VIS-02330,voice_note,French,domestic,East,booking_interest,Palais des Rois Bell (Pagode),Littoral,neutral,4.5,True,False
QRY-000670,2026-07-27 14:46,SESS-000272,VIS-00273,text,English,domestic,North,opening_hours,Krystal Palace Douala,Littoral,positive,2.1,True,False
QRY-000701,2026-07-27 15:26,SESS-000282,VIS-00283,text,French,domestic,Adamawa,directions,Bimbia Slave Trade Port,South West,positive,3.3,True,False
QRY-004749,2026-07-27 15:30,SESS-001877,VIS-01878,text,French,domestic,Centre,directions,Chutes de la Lobe,South,positive,2.9,True,False
QRY-000079,2026-07-27 15:34,SESS-000034,VIS-00035,voice_note,French,domestic,North West,cultural_info,Chefferie de Bandjoun,West,positive,4.6,True,False
QRY-004502,2026-07-27 15:38,SESS-001771,VIS-01772,text,French,domestic,North West,general_chat,,Centre,positive,2.4,True,False
QRY-003374,2026-07-27 16:19,SESS-001350,VIS-01351,text,English,domestic,North West,directions,Bimbia Slave Trade Port,South West,positive,3.6,True,False
QRY-001096,2026-07-27 16:36,SESS-000431,VIS-00432,voice_note,French,domestic,Far North,transport_fare,Marche Sandaga & Deido Soya,Littoral,negative,3.5,True,False
QRY-006045,2026-07-27 16:37,SESS-002412,VIS-02413,text,French,domestic,North West,booking_interest,Chutes de la Lobe,South,neutral,3.8,True,False
QRY-000796,2026-07-27 16:39,SESS-000313,VIS-00314,text,English,foreign,Canada,transport_fare,Artisanal Village & Flower Market,Littoral,neutral,4.7,True,False
QRY-002453,2026-07-27 17:06,SESS-000982,VIS-00983,voice_note,French,foreign,USA,pricing,FINI Hotel Bobende,South West,neutral,1.1,True,False
QRY-003135,2026-07-27 17:13,SESS-001251,VIS-01252,voice_note,French,foreign,Nigeria,pricing,Chez Wou & La Salsa,Centre,positive,3.1,True,False
QRY-004174,2026-07-27 17:14,SESS-001649,VIS-01650,text,Pidgin,domestic,North West,transport_fare,Down Beach & Batoke Beach,South West,positive,3.5,True,False
QRY-003908,2026-07-27 17:37,SESS-001554,VIS-01555,text,French,foreign,Chad,directions,Les Gites de Kribi,South,positive,2.3,True,False
QRY-006033,2026-07-27 18:02,SESS-002408,VIS-02409,voice_note,French,domestic,Far North,pricing,Grand Batanga & Luma Museum,South,positive,2.9,True,False
QRY-003837,2026-07-27 18:07,SESS-001533,VIS-01534,voice_note,French,foreign,South Africa,transport_fare,Grand Batanga & Luma Museum,South,neutral,3.4,True,False
QRY-000087,2026-07-27 18:23,SESS-000038,VIS-00039,text,French,domestic,West,pricing,Mont Febe & Golf Club,Centre,positive,2.4,True,False
QRY-000132,2026-07-27 18:25,SESS-000059,VIS-00060,text,English,foreign,Chad,booking_interest,L'Ovalie & La Fourchette,Littoral,positive,3.4,True,False
QRY-004487,2026-07-27 18:39,SESS-001765,VIS-01766,voice_note,French,domestic,Far North,pricing,Chutes de la Lobe,South,neutral,4.2,True,False
QRY-001886,2026-07-27 18:41,SESS-000753,VIS-00754,text,English,domestic,Adamawa,directions,Artisanal Village & Flower Market,Littoral,neutral,3.1,True,False
QRY-004693,2026-07-27 18:46,SESS-001855,VIS-01856,text,French,foreign,USA,general_chat,,North West,positive,4.5,True,False
QRY-002425,2026-07-27 18:50,SESS-000968,VIS-00969,text,French,foreign,Germany,directions,Monument de la Reunification,Centre,positive,3.7,True,False
QRY-005013,2026-07-27 19:48,SESS-001980,VIS-01981,voice_note,English,domestic,Adamawa,directions,Hotel Ilomba,South,positive,5.2,True,False
QRY-004935,2026-07-27 20:03,SESS-001951,VIS-01952,text,French,domestic,Centre,pricing,Pullman Douala Rabingha,Littoral,negative,3.4,True,False
QRY-005535,2026-07-27 20:55,SESS-002203,VIS-02204,text,English,domestic,North West,pricing,Rue des Artisans,West,neutral,2.2,True,False
QRY-000592,2026-07-27 21:17,SESS-000248,VIS-00249,voice_note,English,foreign,Belgium,cultural_info,Hotel Ilomba,South,positive,3.4,False,False
QRY-000192,2026-07-27 21:49,SESS-000086,VIS-00087,voice_note,English,domestic,North West,transport_fare,Campo Ma'an National Park,South,positive,5.1,True,False
QRY-006077,2026-07-27 21:49,SESS-002423,VIS-02424,voice_note,English,domestic,South,cultural_info,Seme Beach Hotel,South West,positive,3.4,True,False
QRY-000223,2026-07-27 22:00,SESS-000104,VIS-00105,text,English,domestic,North West,cultural_info,Marche Sandaga & Deido Soya,Littoral,neutral,4.9,True,False
QRY-004664,2026-07-27 22:05,SESS-001846,VIS-01847,text,English,domestic,East,transport_fare,Mefou Primate Sanctuary,Centre,positive,4.1,True,False
QRY-005824,2026-07-27 22:17,SESS-002333,VIS-02334,voice_note,French,domestic,North,pricing,Limbe Botanic Garden,South West,positive,3.8,True,False
QRY-005499,2026-07-27 22:46,SESS-002186,VIS-02187,text,French,domestic,South West,booking_interest,Campo Ma'an National Park,South,neutral,4.2,True,False
QRY-000478,2026-07-28 06:01,SESS-000202,VIS-00203,text,English,domestic,Far North,booking_interest,Limbe Wildlife Centre,South West,neutral,3.7,True,False
QRY-000902,2026-07-28 06:13,SESS-000357,VIS-00358,text,French,foreign,Gabon,general_chat,,Centre,neutral,2.5,True,False
QRY-005224,2026-07-28 06:16,SESS-002071,VIS-02072,text,Pidgin,domestic,South West,emergency_sos,Les Gites de Kribi,South,negative,2.9,False,True
QRY-004166,2026-07-28 07:27,SESS-001646,VIS-01647,text,French,domestic,North,opening_hours,Chez Wou & La Salsa,Centre,positive,3.1,True,False
QRY-003631,2026-07-28 07:31,SESS-001440,VIS-01441,text,French,domestic,Far North,directions,Musee Maritime de Douala,Littoral,positive,3.4,True,False
QRY-001124,2026-07-28 07:57,SESS-000442,VIS-00443,text,English,domestic,East,pricing,Artisanal Village & Flower Market,Littoral,negative,3.7,False,False
QRY-002688,2026-07-28 08:32,SESS-001058,VIS-01059,voice_note,French,domestic,South West,pricing,Hilton Yaounde,Centre,positive,4.4,True,False
QRY-003794,2026-07-28 08:57,SESS-001514,VIS-01515,voice_note,English,foreign,Canada,opening_hours,Chez Carimo / Lobe Shacks,South,neutral,1.8,True,False
QRY-001368,2026-07-28 09:06,SESS-000542,VIS-00543,voice_note,English,foreign,UK,directions,Monument de la Reunification,Centre,neutral,4.4,True,False
QRY-002926,2026-07-28 09:16,SESS-001155,VIS-01156,voice_note,English,foreign,China,general_chat,,Far North,negative,4.4,True,False
QRY-002117,2026-07-28 09:45,SESS-000840,VIS-00841,text,French,domestic,South,directions,Hilton Yaounde,Centre,neutral,3.9,True,False
QRY-001017,2026-07-28 09:48,SESS-000401,VIS-00402,text,French,foreign,Canada,transport_fare,Hilton Yaounde,Centre,negative,4.3,True,False
QRY-000951,2026-07-28 10:10,SESS-000375,VIS-00376,text,French,domestic,North West,transport_fare,Chutes de la Lobe,South,positive,1.3,True,False
QRY-004348,2026-07-28 10:22,SESS-001712,VIS-01713,text,Pidgin,foreign,Nigeria,booking_interest,Chez Wou & La Salsa,Centre,positive,4.0,True,False
QRY-004046,2026-07-28 10:40,SESS-001601,VIS-01602,text,French,foreign,Gabon,pricing,Pullman Douala Rabingha,Littoral,neutral,3.9,True,False
QRY-002083,2026-07-28 10:57,SESS-000829,VIS-00830,voice_note,French,domestic,South West,pricing,Musee Maritime de Douala,Littoral,neutral,2.6,True,False
QRY-001710,2026-07-28 11:11,SESS-000683,VIS-00684,text,English,domestic,North,general_chat,,North West,positive,1.3,True,False
QRY-003918,2026-07-28 11:15,SESS-001556,VIS-01557,text,English,domestic,Far North,opening_hours,Chez Carimo / Lobe Shacks,South,positive,2.0,True,False
QRY-000474,2026-07-28 11:31,SESS-000201,VIS-00202,text,French,domestic,North,cultural_info,FINI Hotel Bobende,South West,positive,1.1,True,False
QRY-003901,2026-07-28 11:33,SESS-001551,VIS-01552,text,French,domestic,North,directions,Bimbia Slave Trade Port,South West,neutral,3.6,True,False
QRY-004449,2026-07-28 11:34,SESS-001750,VIS-01751,text,English,foreign,South Africa,pricing,Hotel Zingana,West,positive,4.5,True,False
QRY-005575,2026-07-28 12:24,SESS-002222,VIS-02223,text,French,foreign,Belgium,pricing,Chutes de la Lobe,South,positive,3.9,True,False
QRY-005496,2026-07-28 12:31,SESS-002185,VIS-02186,text,French,domestic,Littoral,pricing,Chez Carimo / Lobe Shacks,South,neutral,2.4,True,False
QRY-004956,2026-07-28 12:42,SESS-001957,VIS-01958,text,French,domestic,Littoral,emergency_sos,Krystal Palace Douala,Littoral,negative,2.2,True,True
QRY-003981,2026-07-28 13:20,SESS-001573,VIS-01574,text,English,domestic,Littoral,pricing,Mvog-Betsi Zoo & Botanical Garden,Centre,neutral,4.0,True,False
QRY-001152,2026-07-28 13:39,SESS-000457,VIS-00458,voice_note,English,foreign,Gabon,transport_fare,Chutes de la Lobe,South,negative,4.0,True,False
QRY-002783,2026-07-28 13:55,SESS-001097,VIS-01098,text,French,foreign,South Africa,cultural_info,Star Land Hotel Bastos,Centre,positive,1.2,True,False
QRY-004057,2026-07-28 14:44,SESS-001603,VIS-01604,text,Pidgin,domestic,South,transport_fare,Monument de la Reunification,Centre,positive,2.2,True,False
QRY-002683,2026-07-28 14:47,SESS-001058,VIS-01059,text,English,foreign,Gabon,booking_interest,Down Beach & Batoke Beach,South West,neutral,1.6,True,False
QRY-000407,2026-07-28 14:56,SESS-000177,VIS-00178,voice_note,English,foreign,Gabon,cultural_info,Limbe Botanic Garden,South West,negative,3.4,True,False
QRY-005389,2026-07-28 15:07,SESS-002138,VIS-02139,text,English,domestic,North West,opening_hours,Krystal Palace Douala,Littoral,positive,1.7,True,False
QRY-006069,2026-07-28 15:23,SESS-002419,VIS-02420,voice_note,French,domestic,Adamawa,cultural_info,Seme Beach Hotel,South West,neutral,4.3,True,False
QRY-003798,2026-07-28 15:29,SESS-001515,VIS-01516,voice_note,French,domestic,South,opening_hours,Down Beach Roasted Fish Sheds,South West,neutral,4.3,True,False
QRY-001950,2026-07-28 15:57,SESS-000779,VIS-00780,text,French,domestic,South West,pricing,Rue des Artisans,West,negative,3.2,True,False
QRY-005809,2026-07-28 16:00,SESS-002327,VIS-02328,text,French,foreign,China,cultural_info,Krystal Palace Douala,Littoral,neutral,2.9,True,False
QRY-003012,2026-07-28 16:22,SESS-001185,VIS-01186,text,English,domestic,Far North,cultural_info,L'Ovalie & La Fourchette,Littoral,negative,2.0,True,False
QRY-000488,2026-07-28 16:30,SESS-000205,VIS-00206,voice_note,English,foreign,Equatorial Guinea,directions,Plage de Kribi (Tara Plage),South,neutral,2.6,True,False
QRY-002988,2026-07-28 17:10,SESS-001179,VIS-01180,text,French,domestic,Littoral,general_chat,,North West,positive,2.6,True,False
QRY-004813,2026-07-28 17:20,SESS-001900,VIS-01901,text,French,foreign,South Africa,transport_fare,Mount Cameroon (Upper Farms),South West,neutral,2.8,True,False
QRY-003657,2026-07-28 17:23,SESS-001451,VIS-01452,text,French,domestic,Adamawa,directions,Pullman Douala Rabingha,Littoral,neutral,3.5,True,False
QRY-001655,2026-07-28 17:41,SESS-000661,VIS-00662,text,English,domestic,North,cultural_info,Mont Febe & Golf Club,Centre,neutral,3.4,True,False
QRY-003661,2026-07-28 17:57,SESS-001453,VIS-01454,text,French,domestic,Centre,opening_hours,Plage de Kribi (Tara Plage),South,positive,2.8,True,False
QRY-001818,2026-07-28 18:39,SESS-000725,VIS-00726,text,French,domestic,East,pricing,Bimbia Slave Trade Port,South West,neutral,3.7,True,False
QRY-005501,2026-07-28 18:49,SESS-002188,VIS-02189,text,French,foreign,Gabon,transport_fare,Hilton Yaounde,Centre,negative,4.3,True,False
QRY-000707,2026-07-28 19:03,SESS-000285,VIS-00286,text,English,domestic,South,opening_hours,Pullman Douala Rabingha,Littoral,positive,4.7,False,False
QRY-000259,2026-07-28 19:06,SESS-000117,VIS-00118,text,Pidgin,foreign,Belgium,pricing,Mefou Primate Sanctuary,Centre,positive,1.3,True,False
QRY-005387,2026-07-28 19:31,SESS-002137,VIS-02138,text,French,domestic,North West,opening_hours,Pullman Douala Rabingha,Littoral,positive,2.9,True,False
QRY-003755,2026-07-28 19:36,SESS-001497,VIS-01498,text,French,domestic,Centre,transport_fare,Artisanal Village & Flower Market,Littoral,neutral,2.7,True,False
QRY-005375,2026-07-28 19:46,SESS-002136,VIS-02137,voice_note,English,domestic,North,general_chat,,Littoral,positive,2.2,True,False
QRY-001315,2026-07-28 19:54,SESS-000518,VIS-00519,text,French,domestic,Littoral,booking_interest,Domaine du Petpenoun,West,positive,1.9,False,False
QRY-000142,2026-07-28 20:05,SESS-000065,VIS-00066,voice_note,French,foreign,China,transport_fare,Pullman Douala Rabingha,Littoral,positive,1.9,True,False
QRY-003270,2026-07-28 20:09,SESS-001307,VIS-01308,text,French,foreign,Nigeria,directions,FINI Hotel Bobende,South West,neutral,4.0,True,False
QRY-003876,2026-07-28 20:14,SESS-001543,VIS-01544,voice_note,French,foreign,France,pricing,Hotel Ilomba,South,negative,2.6,True,False
QRY-002845,2026-07-28 21:30,SESS-001118,VIS-01119,text,English,foreign,China,pricing,Musee National de Yaounde,Centre,negative,3.9,True,False
QRY-002116,2026-07-28 21:46,SESS-000839,VIS-00840,text,French,domestic,North,directions,Seme Beach Hotel,South West,positive,3.1,True,False
QRY-000938,2026-07-28 22:00,SESS-000372,VIS-00373,text,French,foreign,Chad,pricing,Krystal Palace Douala,Littoral,neutral,3.3,True,False
QRY-002145,2026-07-28 22:11,SESS-000852,VIS-00853,text,English,foreign,Nigeria,booking_interest,Hotel Ilomba,South,neutral,2.6,True,False
QRY-000698,2026-07-28 22:27,SESS-000280,VIS-00281,text,French,foreign,Canada,pricing,Pullman Douala Rabingha,Littoral,neutral,2.9,True,False
QRY-000843,2026-07-28 22:34,SESS-000331,VIS-00332,text,French,domestic,North,directions,Down Beach & Batoke Beach,South West,positive,3.3,True,False
QRY-004638,2026-07-28 22:41,SESS-001832,VIS-01833,voice_note,French,domestic,Littoral,pricing,Mvog-Betsi Zoo & Botanical Garden,Centre,negative,3.9,True,False
QRY-004004,2026-07-28 22:47,SESS-001586,VIS-01587,voice_note,Pidgin,foreign,China,general_chat,,North West,neutral,3.7,True,False
QRY-004573,2026-07-28 22:58,SESS-001806,VIS-01807,text,Pidgin,foreign,China,directions,Domaine du Petpenoun,West,neutral,3.1,True,False
QRY-000441,2026-07-29 06:16,SESS-000188,VIS-00189,text,French,domestic,South West,cultural_info,Plage de Kribi (Tara Plage),South,positive,3.0,True,False
QRY-004209,2026-07-29 06:25,SESS-001666,VIS-01667,text,English,foreign,Equatorial Guinea,emergency_sos,Mvog-Betsi Zoo & Botanical Garden,Centre,negative,2.6,True,True
QRY-006016,2026-07-29 06:56,SESS-002405,VIS-02406,text,English,domestic,South,cultural_info,Chutes de la Lobe,South,neutral,2.8,True,False
QRY-005153,2026-07-29 06:59,SESS-002041,VIS-02042,text,French,foreign,France,pricing,Pullman Douala Rabingha,Littoral,positive,5.2,True,False
QRY-003572,2026-07-29 07:47,SESS-001421,VIS-01422,text,French,domestic,South,directions,Chez Carimo / Lobe Shacks,South,neutral,1.1,True,False
QRY-005605,2026-07-29 07:59,SESS-002233,VIS-02234,text,English,domestic,West,opening_hours,Hilton Yaounde,Centre,positive,2.7,True,False
QRY-003014,2026-07-29 07:59,SESS-001186,VIS-01187,text,English,foreign,Germany,pricing,Bimbia Slave Trade Port,South West,positive,2.1,True,False
QRY-005073,2026-07-29 08:14,SESS-002008,VIS-02009,voice_note,English,foreign,UK,pricing,Mvog-Betsi Zoo & Botanical Garden,Centre,negative,3.5,True,False
QRY-004773,2026-07-29 08:25,SESS-001885,VIS-01886,text,Pidgin,foreign,China,cultural_info,Pullman Douala Rabingha,Littoral,neutral,3.7,True,False
QRY-003299,2026-07-29 08:34,SESS-001321,VIS-01322,text,English,domestic,Littoral,opening_hours,Chutes d'Ekom Nkam,Littoral,negative,1.9,True,False
QRY-002806,2026-07-29 08:47,SESS-001106,VIS-01107,voice_note,French,domestic,North,transport_fare,Domaine du Petpenoun,West,neutral,2.6,True,False
QRY-003114,2026-07-29 08:51,SESS-001242,VIS-01243,text,English,foreign,Equatorial Guinea,directions,Pullman Douala Rabingha,Littoral,neutral,3.2,True,False
QRY-004041,2026-07-29 09:08,SESS-001599,VIS-01600,text,English,domestic,North West,booking_interest,Bimbia Slave Trade Port,South West,positive,3.1,True,False
QRY-000167,2026-07-29 09:39,SESS-000077,VIS-00078,text,English,domestic,South,pricing,Marche Sandaga & Deido Soya,Littoral,positive,3.3,True,False
QRY-002407,2026-07-29 09:42,SESS-000961,VIS-00962,voice_note,English,domestic,North West,booking_interest,FINI Hotel Bobende,South West,neutral,1.9,True,False
QRY-001742,2026-07-29 09:46,SESS-000698,VIS-00699,text,English,domestic,Centre,cultural_info,Mont Febe & Golf Club,Centre,positive,3.2,True,False
QRY-001133,2026-07-29 09:47,SESS-000447,VIS-00448,text,Pidgin,domestic,West,pricing,Star Land Hotel Bastos,Centre,positive,1.6,True,False
QRY-003248,2026-07-29 09:49,SESS-001302,VIS-01303,text,French,domestic,North West,transport_fare,Artisanal Village & Flower Market,Littoral,neutral,4.5,True,False
QRY-004409,2026-07-29 10:00,SESS-001737,VIS-01738,text,English,domestic,East,opening_hours,Krystal Palace Douala,Littoral,positive,4.2,True,False
QRY-004092,2026-07-29 10:06,SESS-001620,VIS-01621,voice_note,French,foreign,Belgium,cultural_info,Palais des Rois Bell (Pagode),Littoral,neutral,3.9,True,False
QRY-000400,2026-07-29 10:20,SESS-000175,VIS-00176,text,French,foreign,Chad,directions,Down Beach Roasted Fish Sheds,South West,positive,3.1,True,False
QRY-001746,2026-07-29 11:02,SESS-000698,VIS-00699,voice_note,English,foreign,South Africa,opening_hours,Hilton Yaounde,Centre,neutral,3.4,True,False
QRY-002667,2026-07-29 11:08,SESS-001053,VIS-01054,text,English,domestic,North West,cultural_info,Bimbia Slave Trade Port,South West,neutral,3.6,True,False
QRY-004556,2026-07-29 11:18,SESS-001798,VIS-01799,text,Pidgin,foreign,Gabon,general_chat,,South,neutral,3.5,True,False
QRY-001153,2026-07-29 11:33,SESS-000457,VIS-00458,text,English,domestic,West,opening_hours,Pullman Douala Rabingha,Littoral,neutral,3.2,True,False
QRY-000194,2026-07-29 12:03,SESS-000088,VIS-00089,voice_note,English,domestic,Far North,cultural_info,Palais des Rois Bell (Pagode),Littoral,positive,2.5,True,False
QRY-003533,2026-07-29 13:07,SESS-001405,VIS-01406,text,French,domestic,East,cultural_info,Rue des Artisans,West,positive,2.5,True,False
QRY-000060,2026-07-29 13:12,SESS-000024,VIS-00025,voice_note,English,domestic,West,transport_fare,Chutes de la Lobe,South,neutral,3.0,True,False
QRY-003058,2026-07-29 13:32,SESS-001210,VIS-01211,text,English,foreign,USA,directions,Mount Cameroon (Upper Farms),South West,neutral,0.8,True,False
QRY-001118,2026-07-29 13:34,SESS-000440,VIS-00441,text,French,foreign,Belgium,opening_hours,Hotel Ilomba,South,positive,4.2,True,False
QRY-005817,2026-07-29 13:44,SESS-002331,VIS-02332,text,French,domestic,East,booking_interest,Plage de Kribi (Tara Plage),South,neutral,3.7,True,False
QRY-001514,2026-07-29 15:03,SESS-000606,VIS-00607,text,French,domestic,Centre,directions,Pullman Douala Rabingha,Littoral,neutral,3.5,True,False
QRY-000847,2026-07-29 15:07,SESS-000332,VIS-00333,text,English,foreign,USA,transport_fare,Krystal Palace Douala,Littoral,neutral,2.4,True,False
QRY-002514,2026-07-29 15:15,SESS-001002,VIS-01003,text,French,domestic,Far North,opening_hours,Mont Febe & Golf Club,Centre,neutral,4.1,True,False
QRY-002241,2026-07-29 15:23,SESS-000897,VIS-00898,text,French,domestic,West,booking_interest,Krystal Palace Douala,Littoral,positive,4.3,True,False
QRY-000762,2026-07-29 15:25,SESS-000303,VIS-00304,text,French,foreign,Belgium,opening_hours,Down Beach Roasted Fish Sheds,South West,neutral,3.7,True,False
QRY-005558,2026-07-29 17:33,SESS-002217,VIS-02218,text,French,foreign,Gabon,opening_hours,Star Land Hotel Bastos,Centre,neutral,3.0,True,False
QRY-001045,2026-07-29 17:43,SESS-000411,VIS-00412,text,English,domestic,East,transport_fare,Down Beach & Batoke Beach,South West,neutral,3.2,True,False
QRY-005289,2026-07-29 17:54,SESS-002101,VIS-02102,voice_note,English,foreign,Nigeria,transport_fare,Hotel Ilomba,South,neutral,3.2,True,False
QRY-002403,2026-07-29 17:56,SESS-000960,VIS-00961,text,French,domestic,South,directions,Palais des Rois Bell (Pagode),Littoral,neutral,4.8,True,False
QRY-003474,2026-07-29 18:30,SESS-001385,VIS-01386,text,French,domestic,South West,pricing,Limbe Botanic Garden,South West,positive,4.4,True,False
QRY-000107,2026-07-29 19:03,SESS-000050,VIS-00051,text,English,foreign,Nigeria,pricing,Down Beach & Batoke Beach,South West,negative,3.4,True,False
QRY-002019,2026-07-29 19:25,SESS-000803,VIS-00804,text,French,foreign,China,transport_fare,Pullman Douala Rabingha,Littoral,neutral,6.2,True,False
QRY-003011,2026-07-29 20:09,SESS-001185,VIS-01186,text,French,domestic,East,booking_interest,Musee Maritime de Douala,Littoral,neutral,3.9,True,False
QRY-003889,2026-07-29 20:10,SESS-001548,VIS-01549,voice_note,English,domestic,North,pricing,Palais Royal de Foumban & Museum,West,positive,2.1,True,False
QRY-001891,2026-07-29 20:20,SESS-000753,VIS-00754,voice_note,French,foreign,Nigeria,opening_hours,Chez Wou & La Salsa,Centre,positive,3.5,True,False
QRY-002925,2026-07-29 20:22,SESS-001154,VIS-01155,text,French,domestic,North West,pricing,Mont Febe & Golf Club,Centre,positive,4.0,True,False
QRY-005480,2026-07-29 20:28,SESS-002181,VIS-02182,voice_note,French,foreign,Belgium,directions,Plage de Kribi (Tara Plage),South,neutral,2.8,True,False
QRY-005745,2026-07-29 20:30,SESS-002295,VIS-02296,text,French,domestic,South West,pricing,Artisanal Village & Flower Market,Littoral,positive,3.0,True,False
QRY-000678,2026-07-29 20:36,SESS-000275,VIS-00276,text,English,domestic,Littoral,opening_hours,Limbe Botanic Garden,South West,positive,2.7,True,False
QRY-005987,2026-07-29 20:43,SESS-002399,VIS-02400,text,French,domestic,North,transport_fare,Musee National de Yaounde,Centre,neutral,2.9,True,False
QRY-002552,2026-07-29 20:52,SESS-001020,VIS-01021,voice_note,English,domestic,Far North,transport_fare,Hotel Ilomba,South,negative,2.4,True,False
QRY-000703,2026-07-29 21:50,SESS-000283,VIS-00284,text,English,foreign,USA,opening_hours,Palais des Rois Bell (Pagode),Littoral,positive,2.4,True,False
QRY-001801,2026-07-29 21:55,SESS-000717,VIS-00718,text,French,foreign,UK,pricing,Bimbia Slave Trade Port,South West,neutral,4.5,True,False
QRY-005238,2026-07-29 22:17,SESS-002078,VIS-02079,text,English,foreign,Chad,directions,Musee Maritime de Douala,Littoral,positive,4.5,True,False
QRY-003958,2026-07-29 22:22,SESS-001566,VIS-01567,text,French,domestic,South,pricing,Chez Wou & La Salsa,Centre,positive,4.5,True,False
QRY-003706,2026-07-29 22:23,SESS-001475,VIS-01476,text,French,domestic,South,pricing,FINI Hotel Bobende,South West,positive,2.0,True,False
QRY-004163,2026-07-29 22:40,SESS-001645,VIS-01646,text,French,foreign,Equatorial Guinea,general_chat,,Adamawa,neutral,3.3,True,False
QRY-005993,2026-07-30 06:04,SESS-002400,VIS-02401,text,English,domestic,Far North,general_chat,,Centre,neutral,2.6,True,False
QRY-004265,2026-07-30 06:04,SESS-001683,VIS-01684,text,English,foreign,USA,pricing,Star Land Hotel Bastos,Centre,negative,2.7,True,False
QRY-005960,2026-07-30 06:33,SESS-002390,VIS-02391,voice_note,French,foreign,Equatorial Guinea,pricing,Star Land Hotel Bastos,Centre,positive,3.0,True,False
QRY-001342,2026-07-30 06:42,SESS-000530,VIS-00531,text,French,domestic,Littoral,opening_hours,Marche Sandaga & Deido Soya,Littoral,positive,3.2,True,False
QRY-005908,2026-07-30 07:02,SESS-002367,VIS-02368,text,English,domestic,Adamawa,transport_fare,West Region Gastronomy Spots,West,positive,3.4,True,False
QRY-002512,2026-07-30 07:07,SESS-001002,VIS-01003,text,Pidgin,foreign,Canada,opening_hours,Mefou Primate Sanctuary,Centre,positive,2.1,True,False
QRY-001092,2026-07-30 07:12,SESS-000429,VIS-00430,text,French,domestic,Adamawa,cultural_info,FINI Hotel Bobende,South West,positive,2.2,True,False
QRY-005974,2026-07-30 07:16,SESS-002395,VIS-02396,text,French,foreign,Gabon,general_chat,,Far North,neutral,3.5,True,False
QRY-000862,2026-07-30 07:17,SESS-000339,VIS-00340,text,French,domestic,Adamawa,pricing,Les Gites de Kribi,South,neutral,2.7,True,False
QRY-002855,2026-07-30 07:44,SESS-001122,VIS-01123,text,French,foreign,Nigeria,general_chat,,North,neutral,4.2,True,False
QRY-000857,2026-07-30 07:48,SESS-000337,VIS-00338,text,French,domestic,North,cultural_info,Monument de la Reunification,Centre,positive,3.9,True,False
QRY-003137,2026-07-30 07:59,SESS-001251,VIS-01252,text,English,domestic,South West,general_chat,,East,positive,1.5,True,False
QRY-005775,2026-07-30 08:14,SESS-002309,VIS-02310,text,French,foreign,France,emergency_sos,Seme Beach Hotel,South West,negative,1.4,True,True
QRY-003880,2026-07-30 08:20,SESS-001544,VIS-01545,text,French,domestic,Adamawa,pricing,Pullman Douala Rabingha,Littoral,positive,3.1,True,False
QRY-002025,2026-07-30 08:22,SESS-000805,VIS-00806,text,French,domestic,Centre,booking_interest,Rue des Artisans,West,positive,3.4,True,False
QRY-002489,2026-07-30 08:23,SESS-000994,VIS-00995,text,English,domestic,North,cultural_info,Down Beach Roasted Fish Sheds,South West,positive,2.3,True,False
QRY-003585,2026-07-30 08:39,SESS-001424,VIS-01425,text,English,domestic,Centre,transport_fare,Star Land Hotel Bastos,Centre,neutral,3.6,True,False
QRY-004786,2026-07-30 08:52,SESS-001890,VIS-01891,text,English,domestic,Littoral,directions,Down Beach Roasted Fish Sheds,South West,positive,2.5,True,False
QRY-003350,2026-07-30 08:54,SESS-001343,VIS-01344,text,French,domestic,West,cultural_info,Monument de la Reunification,Centre,negative,2.1,True,False
QRY-001148,2026-07-30 09:17,SESS-000455,VIS-00456,text,French,domestic,South West,directions,Artisanal Village & Flower Market,Littoral,neutral,3.6,True,False
QRY-004405,2026-07-30 09:22,SESS-001735,VIS-01736,text,Pidgin,foreign,Nigeria,cultural_info,Hilton Yaounde,Centre,positive,3.9,True,False
QRY-005262,2026-07-30 09:36,SESS-002089,VIS-02090,text,Pidgin,domestic,West,pricing,L'Ovalie & La Fourchette,Littoral,neutral,2.2,True,False
QRY-003766,2026-07-30 10:25,SESS-001503,VIS-01504,text,French,domestic,North,directions,Star Land Hotel Bastos,Centre,positive,3.3,True,False
QRY-000982,2026-07-30 10:37,SESS-000389,VIS-00390,voice_note,French,foreign,Canada,opening_hours,Palais des Rois Bell (Pagode),Littoral,neutral,3.4,True,False
QRY-001238,2026-07-30 11:19,SESS-000493,VIS-00494,voice_note,French,foreign,China,cultural_info,Hotel Ilomba,South,neutral,3.3,True,False
QRY-000383,2026-07-30 12:04,SESS-000169,VIS-00170,text,French,domestic,North,pricing,Limbe Wildlife Centre,South West,neutral,5.0,True,False
QRY-002209,2026-07-30 12:24,SESS-000878,VIS-00879,text,French,domestic,South West,booking_interest,Bimbia Slave Trade Port,South West,neutral,2.5,False,False
QRY-002927,2026-07-30 12:53,SESS-001155,VIS-01156,text,English,domestic,West,directions,Down Beach & Batoke Beach,South West,neutral,2.4,True,False
QRY-005270,2026-07-30 13:11,SESS-002091,VIS-02092,text,French,foreign,China,opening_hours,FINI Hotel Bobende,South West,neutral,3.4,True,False
QRY-003598,2026-07-30 13:18,SESS-001429,VIS-01430,text,French,domestic,Centre,cultural_info,Limbe Botanic Garden,South West,positive,2.3,True,False
QRY-003302,2026-07-30 13:37,SESS-001322,VIS-01323,text,English,foreign,China,cultural_info,Musee National de Yaounde,Centre,neutral,2.3,True,False
QRY-003484,2026-07-30 13:53,SESS-001389,VIS-01390,text,French,foreign,Chad,transport_fare,Chutes de la Lobe,South,negative,3.7,True,False
QRY-002730,2026-07-30 13:57,SESS-001081,VIS-01082,voice_note,French,foreign,Canada,cultural_info,Mont Febe & Golf Club,Centre,neutral,4.2,True,False
QRY-004708,2026-07-30 14:03,SESS-001864,VIS-01865,voice_note,French,domestic,North,directions,Down Beach & Batoke Beach,South West,neutral,3.1,True,False
QRY-005136,2026-07-30 14:18,SESS-002030,VIS-02031,voice_note,Pidgin,domestic,West,pricing,Limbe Wildlife Centre,South West,neutral,4.0,True,False
QRY-005528,2026-07-30 14:20,SESS-002201,VIS-02202,text,French,domestic,Far North,cultural_info,Grand Batanga & Luma Museum,South,positive,3.6,True,False
QRY-002669,2026-07-30 14:29,SESS-001053,VIS-01054,text,French,foreign,Canada,booking_interest,Monument de la Reunification,Centre,neutral,1.9,True,False
QRY-001856,2026-07-30 15:05,SESS-000739,VIS-00740,text,English,foreign,France,pricing,Limbe Botanic Garden,South West,positive,3.3,True,False
QRY-000594,2026-07-30 15:12,SESS-000249,VIS-00250,voice_note,French,domestic,North,directions,Star Land Hotel Bastos,Centre,positive,5.8,True,False
QRY-004858,2026-07-30 15:28,SESS-001918,VIS-01919,text,Pidgin,domestic,Far North,pricing,Chez Wou & La Salsa,Centre,neutral,2.1,True,False
QRY-003676,2026-07-30 15:43,SESS-001458,VIS-01459,voice_note,English,domestic,South,cultural_info,Star Land Hotel Bastos,Centre,neutral,5.7,True,False
QRY-006173,2026-07-30 15:47,SESS-002463,VIS-02464,text,French,foreign,USA,booking_interest,Hotel Ilomba,South,neutral,3.7,True,False
QRY-000578,2026-07-30 15:54,SESS-000245,VIS-00246,text,English,domestic,North,cultural_info,Seme Beach Hotel,South West,neutral,3.9,True,False
QRY-002631,2026-07-30 16:22,SESS-001041,VIS-01042,voice_note,English,domestic,South West,general_chat,,West,positive,3.9,True,False
QRY-000778,2026-07-30 16:45,SESS-000309,VIS-00310,text,French,domestic,West,directions,Les Gites de Kribi,South,neutral,3.7,True,False
QRY-003846,2026-07-30 17:24,SESS-001534,VIS-01535,text,French,domestic,North West,pricing,Plage de Kribi (Tara Plage),South,positive,2.7,True,False
QRY-000052,2026-07-30 17:28,SESS-000022,VIS-00023,voice_note,English,domestic,West,directions,Limbe Botanic Garden,South West,neutral,3.8,True,False
QRY-002069,2026-07-30 17:49,SESS-000825,VIS-00826,text,Pidgin,domestic,South,pricing,Musee Maritime de Douala,Littoral,positive,3.8,True,False
QRY-003060,2026-07-30 17:56,SESS-001211,VIS-01212,voice_note,English,domestic,South West,emergency_sos,Rue des Artisans,West,negative,0.8,True,True
QRY-002477,2026-07-30 18:29,SESS-000991,VIS-00992,voice_note,French,foreign,Chad,opening_hours,Monument de la Reunification,Centre,positive,2.3,True,False
QRY-005003,2026-07-30 18:29,SESS-001975,VIS-01976,text,French,domestic,Centre,directions,Artisanal Village & Flower Market,Littoral,positive,2.3,True,False
QRY-005115,2026-07-30 18:50,SESS-002021,VIS-02022,voice_note,French,foreign,Gabon,transport_fare,Artisanal Village & Flower Market,Littoral,positive,2.3,True,False
QRY-005985,2026-07-30 18:51,SESS-002399,VIS-02400,text,French,foreign,China,emergency_sos,Star Land Hotel Bastos,Centre,negative,1.1,True,True
QRY-001084,2026-07-30 20:03,SESS-000426,VIS-00427,text,French,domestic,South West,booking_interest,L'Ovalie & La Fourchette,Littoral,positive,4.9,True,False
QRY-003479,2026-07-30 20:46,SESS-001387,VIS-01388,text,French,foreign,USA,transport_fare,Hilton Yaounde,Centre,positive,2.4,True,False
QRY-000165,2026-07-30 20:53,SESS-000076,VIS-00077,text,English,domestic,Centre,cultural_info,Chefferie de Bandjoun,West,neutral,3.6,True,False
QRY-001981,2026-07-30 21:14,SESS-000786,VIS-00787,voice_note,English,domestic,South West,opening_hours,Palais des Rois Bell (Pagode),Littoral,positive,1.5,True,False
QRY-001911,2026-07-30 21:45,SESS-000758,VIS-00759,text,French,foreign,France,cultural_info,Musee National de Yaounde,Centre,neutral,1.9,True,False
QRY-004089,2026-07-30 21:46,SESS-001618,VIS-01619,text,English,domestic,East,directions,Marche Sandaga & Deido Soya,Littoral,neutral,3.2,True,False
QRY-004618,2026-07-30 22:31,SESS-001826,VIS-01827,text,French,domestic,Adamawa,cultural_info,Chutes de la Lobe,South,neutral,4.4,True,False
QRY-000061,2026-07-30 22:58,SESS-000024,VIS-00025,text,French,domestic,South West,general_chat,,Adamawa,positive,3.4,True,False
QRY-000225,2026-07-31 06:12,SESS-000105,VIS-00106,text,Pidgin,domestic,South,pricing,Plage de Kribi (Tara Plage),South,positive,1.8,True,False
QRY-006187,2026-07-31 06:34,SESS-002469,VIS-02470,text,English,domestic,Far North,pricing,Rue des Artisans,West,neutral,3.2,True,False
QRY-002634,2026-07-31 06:43,SESS-001043,VIS-01044,voice_note,French,foreign,Equatorial Guinea,pricing,Monument de la Reunification,Centre,positive,3.6,True,False
QRY-003225,2026-07-31 06:51,SESS-001289,VIS-01290,text,French,domestic,Adamawa,pricing,Musee Maritime de Douala,Littoral,positive,4.6,True,False
QRY-004543,2026-07-31 07:22,SESS-001793,VIS-01794,voice_note,French,foreign,Canada,opening_hours,Grand Batanga & Luma Museum,South,neutral,3.2,False,False
QRY-002793,2026-07-31 07:39,SESS-001100,VIS-01101,text,English,foreign,China,booking_interest,Les Gites de Kribi,South,positive,2.5,True,False
QRY-005210,2026-07-31 08:03,SESS-002067,VIS-02068,text,Pidgin,domestic,North West,directions,Chutes de la Lobe,South,neutral,4.7,True,False
QRY-001316,2026-07-31 08:08,SESS-000519,VIS-00520,text,Pidgin,foreign,France,transport_fare,Rue des Artisans,West,positive,0.8,True,False
QRY-005611,2026-07-31 08:08,SESS-002236,VIS-02237,text,French,foreign,Chad,booking_interest,Chez Carimo / Lobe Shacks,South,neutral,4.2,True,False
QRY-001271,2026-07-31 08:31,SESS-000504,VIS-00505,text,English,foreign,Nigeria,pricing,Mont Febe & Golf Club,Centre,neutral,3.4,False,False
QRY-004672,2026-07-31 09:17,SESS-001847,VIS-01848,text,French,foreign,Canada,pricing,West Region Gastronomy Spots,West,positive,3.2,True,False
QRY-000899,2026-07-31 09:37,SESS-000356,VIS-00357,text,English,domestic,Adamawa,general_chat,,West,neutral,3.3,True,False
QRY-002501,2026-07-31 09:38,SESS-000997,VIS-00998,voice_note,English,foreign,South Africa,transport_fare,Mvog-Betsi Zoo & Botanical Garden,Centre,positive,4.3,True,False
QRY-004820,2026-07-31 09:41,SESS-001902,VIS-01903,text,Pidgin,domestic,Centre,opening_hours,Grand Batanga & Luma Museum,South,positive,2.0,True,False
QRY-002578,2026-07-31 10:23,SESS-001027,VIS-01028,voice_note,French,foreign,Chad,pricing,Mvog-Betsi Zoo & Botanical Garden,Centre,neutral,3.2,True,False
QRY-004480,2026-07-31 10:27,SESS-001761,VIS-01762,text,French,domestic,North West,transport_fare,Artisanal Village & Flower Market,Littoral,positive,3.6,True,False
QRY-003470,2026-07-31 11:02,SESS-001385,VIS-01386,voice_note,French,domestic,West,general_chat,,Adamawa,positive,4.6,True,False
QRY-003939,2026-07-31 11:05,SESS-001563,VIS-01564,text,English,foreign,Gabon,cultural_info,Chutes de la Lobe,South,neutral,4.0,True,False
QRY-006063,2026-07-31 11:16,SESS-002418,VIS-02419,text,English,domestic,North,directions,Artisanal Village & Flower Market,Littoral,positive,2.7,True,False
QRY-001157,2026-07-31 11:17,SESS-000458,VIS-00459,text,English,domestic,South,general_chat,,Far North,positive,3.5,True,False
QRY-000568,2026-07-31 11:26,SESS-000240,VIS-00241,voice_note,English,domestic,East,pricing,Chutes de la Lobe,South,positive,0.9,True,False
QRY-003496,2026-07-31 11:32,SESS-001395,VIS-01396,text,French,foreign,USA,directions,Musee National de Yaounde,Centre,neutral,3.9,True,False
QRY-001248,2026-07-31 11:35,SESS-000497,VIS-00498,text,English,foreign,France,cultural_info,Les Gites de Kribi,South,neutral,2.3,True,False
QRY-005444,2026-07-31 11:55,SESS-002167,VIS-02168,voice_note,French,foreign,Belgium,pricing,Chez Carimo / Lobe Shacks,South,positive,3.6,True,False
QRY-002503,2026-07-31 12:03,SESS-000998,VIS-00999,text,English,foreign,Equatorial Guinea,general_chat,,North,positive,4.0,True,False
QRY-003124,2026-07-31 12:05,SESS-001245,VIS-01246,voice_note,French,domestic,Far North,pricing,Grand Batanga & Luma Museum,South,positive,1.9,True,False
QRY-005717,2026-07-31 12:46,SESS-002279,VIS-02280,voice_note,English,domestic,Adamawa,opening_hours,Palais des Rois Bell (Pagode),Littoral,neutral,4.0,True,False
QRY-004981,2026-07-31 13:12,SESS-001965,VIS-01966,text,English,domestic,South,opening_hours,Star Land Hotel Bastos,Centre,neutral,3.7,True,False
QRY-004769,2026-07-31 13:43,SESS-001884,VIS-01885,text,French,foreign,Nigeria,pricing,Seme Beach Hotel,South West,neutral,1.7,True,False
QRY-003569,2026-07-31 14:09,SESS-001419,VIS-01420,text,English,foreign,France,directions,Down Beach & Batoke Beach,South West,neutral,3.0,True,False
QRY-000794,2026-07-31 14:30,SESS-000313,VIS-00314,text,English,domestic,Littoral,general_chat,,Adamawa,neutral,3.3,True,False
QRY-004027,2026-07-31 14:30,SESS-001593,VIS-01594,voice_note,French,domestic,Centre,general_chat,,Far North,positive,4.0,True,False
QRY-003149,2026-07-31 15:06,SESS-001258,VIS-01259,text,French,foreign,South Africa,transport_fare,Les Gites de Kribi,South,positive,2.5,True,False
QRY-000846,2026-07-31 15:08,SESS-000332,VIS-00333,text,French,foreign,South Africa,cultural_info,Palais des Rois Bell (Pagode),Littoral,neutral,2.4,True,False
QRY-005274,2026-07-31 15:10,SESS-002094,VIS-02095,text,English,foreign,USA,transport_fare,Palais des Rois Bell (Pagode),Littoral,neutral,2.3,True,False
QRY-003645,2026-07-31 15:11,SESS-001447,VIS-01448,voice_note,French,domestic,Littoral,transport_fare,Palais des Rois Bell (Pagode),Littoral,neutral,2.3,True,False
QRY-005399,2026-07-31 15:36,SESS-002141,VIS-02142,text,English,foreign,UK,pricing,Grand Batanga & Luma Museum,South,negative,4.1,True,False
QRY-005737,2026-07-31 15:40,SESS-002291,VIS-02292,text,French,domestic,North West,transport_fare,Mefou Primate Sanctuary,Centre,neutral,4.9,True,False
QRY-001377,2026-07-31 16:32,SESS-000547,VIS-00548,text,English,foreign,Canada,cultural_info,Hilton Yaounde,Centre,positive,3.4,True,False
QRY-003772,2026-07-31 16:33,SESS-001503,VIS-01504,voice_note,French,foreign,USA,general_chat,,North West,neutral,0.8,True,False
QRY-005780,2026-07-31 16:34,SESS-002312,VIS-02313,text,French,domestic,Centre,directions,Grand Batanga & Luma Museum,South,neutral,2.3,True,False
QRY-005825,2026-07-31 16:46,SESS-002333,VIS-02334,text,French,foreign,Canada,booking_interest,Limbe Botanic Garden,South West,neutral,3.9,True,False
QRY-005956,2026-07-31 17:32,SESS-002388,VIS-02389,text,English,domestic,Adamawa,directions,Mefou Primate Sanctuary,Centre,neutral,1.1,False,False
QRY-000203,2026-07-31 18:18,SESS-000094,VIS-00095,voice_note,French,domestic,North West,cultural_info,Douala-Edea Wildlife Reserve,Littoral,negative,4.8,True,False
QRY-000589,2026-07-31 18:32,SESS-000247,VIS-00248,text,English,foreign,Germany,booking_interest,Palais Royal de Foumban & Museum,West,neutral,4.2,True,False
QRY-004479,2026-07-31 18:36,SESS-001760,VIS-01761,text,French,domestic,North West,general_chat,,East,neutral,3.0,True,False
QRY-003667,2026-07-31 18:47,SESS-001455,VIS-01456,voice_note,French,foreign,Canada,directions,Krystal Palace Douala,Littoral,neutral,2.9,True,False
QRY-000023,2026-07-31 18:57,SESS-000009,VIS-00010,text,French,foreign,China,pricing,Chefferie de Bandjoun,West,positive,4.2,True,False
QRY-005536,2026-07-31 19:07,SESS-002204,VIS-02205,text,English,domestic,West,opening_hours,Down Beach & Batoke Beach,South West,neutral,3.3,True,False
QRY-005870,2026-07-31 20:25,SESS-002356,VIS-02357,voice_note,French,domestic,West,booking_interest,Limbe Botanic Garden,South West,neutral,2.1,True,False
QRY-000636,2026-07-31 20:53,SESS-000261,VIS-00262,text,French,foreign,USA,booking_interest,Star Land Hotel Bastos,Centre,neutral,2.6,True,False
QRY-002340,2026-07-31 20:58,SESS-000934,VIS-00935,text,Pidgin,domestic,West,pricing,Palais Royal de Foumban & Museum,West,positive,3.0,True,False
QRY-001169,2026-07-31 21:07,SESS-000461,VIS-00462,voice_note,English,foreign,Nigeria,booking_interest,Seme Beach Hotel,South West,positive,3.3,True,False
QRY-002280,2026-07-31 21:14,SESS-000908,VIS-00909,text,French,foreign,China,directions,Mont Febe & Golf Club,Centre,neutral,2.9,True,False
QRY-002348,2026-07-31 21:25,SESS-000937,VIS-00938,text,French,foreign,Nigeria,opening_hours,Limbe Wildlife Centre,South West,neutral,3.3,True,False
QRY-003762,2026-07-31 21:52,SESS-001501,VIS-01502,text,English,foreign,UK,transport_fare,Musee Maritime de Douala,Littoral,neutral,3.1,True,False
QRY-005067,2026-07-31 21:54,SESS-002005,VIS-02006,voice_note,Pidgin,domestic,Littoral,cultural_info,Chez Carimo / Lobe Shacks,South,positive,1.8,True,False
QRY-004149,2026-07-31 22:08,SESS-001639,VIS-01640,text,English,foreign,France,general_chat,,South West,neutral,2.7,True,False
QRY-004048,2026-07-31 22:53,SESS-001603,VIS-01604,text,Pidgin,domestic,West,transport_fare,Marche Sandaga & Deido Soya,Littoral,neutral,3.8,True,False
QRY-002869,2026-07-31 22:58,SESS-001132,VIS-01133,text,English,domestic,Littoral,opening_hours,Chez Wou & La Salsa,Centre,positive,4.6,True,False
QRY-002008,2026-08-01 06:02,SESS-000798,VIS-00799,text,French,foreign,France,directions,Palais Royal de Foumban & Museum,West,neutral,2.8,True,False
QRY-000001,2026-08-01 06:04,SESS-000002,VIS-00003,text,English,domestic,Centre,cultural_info,Hotel Ilomba,South,positive,4.1,True,False
QRY-001384,2026-08-01 06:08,SESS-000550,VIS-00551,text,French,domestic,Adamawa,transport_fare,Chez Carimo / Lobe Shacks,South,neutral,3.6,True,False
QRY-000991,2026-08-01 06:08,SESS-000391,VIS-00392,text,English,domestic,North,cultural_info,Mont Febe & Golf Club,Centre,neutral,1.8,True,False
QRY-003903,2026-08-01 06:09,SESS-001552,VIS-01553,text,French,domestic,North West,directions,Hotel Ilomba,South,neutral,1.9,True,False
QRY-005898,2026-08-01 06:16,SESS-002364,VIS-02365,text,English,domestic,Littoral,opening_hours,Bimbia Slave Trade Port,South West,positive,4.3,True,False
QRY-005277,2026-08-01 06:41,SESS-002096,VIS-02097,text,English,foreign,USA,pricing,Rue des Artisans,West,negative,3.3,True,False
QRY-002326,2026-08-01 06:43,SESS-000929,VIS-00930,text,English,foreign,Germany,booking_interest,Down Beach Roasted Fish Sheds,South West,positive,1.5,True,False
QRY-000155,2026-08-01 07:00,SESS-000070,VIS-00071,voice_note,French,domestic,Centre,general_chat,,Littoral,positive,4.5,True,False
QRY-003372,2026-08-01 07:03,SESS-001348,VIS-01349,voice_note,French,domestic,South West,booking_interest,Chutes de la Lobe,South,positive,4.6,True,False
QRY-005603,2026-08-01 07:44,SESS-002232,VIS-02233,text,French,foreign,Germany,booking_interest,Musee Maritime de Douala,Littoral,neutral,2.7,True,False
QRY-000638,2026-08-01 07:59,SESS-000262,VIS-00263,text,French,foreign,France,opening_hours,Palais Royal de Foumban & Museum,West,positive,4.1,True,False
QRY-002833,2026-08-01 08:37,SESS-001114,VIS-01115,text,French,foreign,Chad,opening_hours,Chutes d'Ekom Nkam,Littoral,positive,3.4,True,False
QRY-000019,2026-08-01 08:38,SESS-000009,VIS-00010,text,French,domestic,North West,opening_hours,Chez Wou & La Salsa,Centre,positive,2.5,True,False
QRY-001003,2026-08-01 09:14,SESS-000395,VIS-00396,text,French,foreign,Germany,pricing,Palais des Rois Bell (Pagode),Littoral,neutral,4.5,True,False
QRY-004503,2026-08-01 09:19,SESS-001772,VIS-01773,text,French,domestic,Centre,pricing,Musee Maritime de Douala,Littoral,neutral,5.5,True,False
QRY-000543,2026-08-01 09:43,SESS-000228,VIS-00229,text,Pidgin,domestic,West,pricing,West Region Gastronomy Spots,West,neutral,2.4,True,False
QRY-000949,2026-08-01 09:44,SESS-000375,VIS-00376,voice_note,English,foreign,Gabon,opening_hours,Chez Carimo / Lobe Shacks,South,positive,3.0,True,False
QRY-002605,2026-08-01 09:57,SESS-001034,VIS-01035,voice_note,French,foreign,Germany,pricing,Musee National de Yaounde,Centre,negative,3.8,True,False
QRY-001053,2026-08-01 10:06,SESS-000414,VIS-00415,text,French,foreign,China,pricing,Musee Maritime de Douala,Littoral,neutral,4.4,True,False
QRY-004136,2026-08-01 10:15,SESS-001634,VIS-01635,text,French,foreign,France,opening_hours,Palais des Rois Bell (Pagode),Littoral,neutral,2.3,True,False
QRY-002568,2026-08-01 10:20,SESS-001025,VIS-01026,text,French,domestic,West,pricing,Limbe Wildlife Centre,South West,neutral,3.5,True,False
QRY-001354,2026-08-01 10:24,SESS-000536,VIS-00537,voice_note,French,foreign,Germany,opening_hours,West Region Gastronomy Spots,West,positive,4.7,True,False
QRY-001288,2026-08-01 10:26,SESS-000507,VIS-00508,text,French,foreign,Nigeria,transport_fare,Artisanal Village & Flower Market,Littoral,positive,3.8,True,False
QRY-003150,2026-08-01 11:21,SESS-001258,VIS-01259,voice_note,French,domestic,South,opening_hours,Marche Sandaga & Deido Soya,Littoral,neutral,3.6,True,False
QRY-004718,2026-08-01 11:27,SESS-001866,VIS-01867,text,French,foreign,China,pricing,Grand Batanga & Luma Museum,South,positive,2.9,True,False
QRY-002022,2026-08-01 11:42,SESS-000803,VIS-00804,text,French,domestic,North,general_chat,,West,positive,3.0,True,False
QRY-006076,2026-08-01 12:02,SESS-002422,VIS-02423,text,French,domestic,Littoral,directions,Artisanal Village & Flower Market,Littoral,positive,0.8,False,False
QRY-000214,2026-08-01 12:06,SESS-000101,VIS-00102,text,French,foreign,USA,directions,West Region Gastronomy Spots,West,neutral,3.2,True,False
QRY-002764,2026-08-01 12:19,SESS-001091,VIS-01092,voice_note,French,foreign,South Africa,opening_hours,Musee National de Yaounde,Centre,positive,3.0,True,False
QRY-003182,2026-08-01 12:47,SESS-001271,VIS-01272,text,French,domestic,East,opening_hours,L'Ovalie & La Fourchette,Littoral,positive,1.2,True,False
QRY-002537,2026-08-01 13:10,SESS-001011,VIS-01012,voice_note,Pidgin,domestic,South West,emergency_sos,Musee National de Yaounde,Centre,negative,3.4,True,True
QRY-000029,2026-08-01 13:10,SESS-000012,VIS-00013,text,French,foreign,Chad,directions,Monument de la Reunification,Centre,neutral,1.5,True,False
QRY-004988,2026-08-01 13:13,SESS-001968,VIS-01969,text,English,domestic,North,opening_hours,Palais Royal de Foumban & Museum,West,positive,1.6,True,False
QRY-004050,2026-08-01 13:19,SESS-001603,VIS-01604,text,French,domestic,Littoral,directions,Monument de la Reunification,Centre,neutral,3.0,True,False
QRY-002093,2026-08-01 13:22,SESS-000832,VIS-00833,voice_note,French,foreign,China,directions,FINI Hotel Bobende,South West,positive,2.9,True,False
QRY-005017,2026-08-01 13:25,SESS-001981,VIS-01982,voice_note,English,domestic,Adamawa,directions,Mvog-Betsi Zoo & Botanical Garden,Centre,neutral,4.5,True,False
QRY-000172,2026-08-01 13:38,SESS-000080,VIS-00081,text,French,domestic,South West,opening_hours,Mount Cameroon (Upper Farms),South West,positive,2.5,True,False
QRY-002797,2026-08-01 13:40,SESS-001102,VIS-01103,text,English,domestic,North West,pricing,Down Beach Roasted Fish Sheds,South West,neutral,3.4,True,False
QRY-004971,2026-08-01 13:56,SESS-001961,VIS-01962,text,English,domestic,South,cultural_info,Limbe Wildlife Centre,South West,neutral,3.3,True,False
QRY-002178,2026-08-01 14:36,SESS-000867,VIS-00868,text,French,foreign,China,directions,Musee National de Yaounde,Centre,neutral,2.6,True,False
QRY-004821,2026-08-01 14:45,SESS-001903,VIS-01904,text,English,domestic,South West,opening_hours,Chez Wou & La Salsa,Centre,neutral,3.3,True,False
QRY-001614,2026-08-01 14:57,SESS-000640,VIS-00641,text,English,foreign,South Africa,pricing,Hilton Yaounde,Centre,neutral,3.1,True,False
QRY-003670,2026-08-01 14:57,SESS-001456,VIS-01457,text,Pidgin,foreign,Canada,transport_fare,Pullman Douala Rabingha,Littoral,negative,3.8,True,False
QRY-003611,2026-08-01 15:07,SESS-001435,VIS-01436,voice_note,English,foreign,Chad,directions,FINI Hotel Bobende,South West,neutral,4.9,True,False
QRY-005800,2026-08-01 15:12,SESS-002321,VIS-02322,voice_note,Pidgin,domestic,North West,opening_hours,Musee National de Yaounde,Centre,neutral,4.2,True,False
QRY-005204,2026-08-01 15:13,SESS-002063,VIS-02064,voice_note,French,foreign,South Africa,emergency_sos,Star Land Hotel Bastos,Centre,negative,2.5,True,True
QRY-005582,2026-08-01 15:36,SESS-002225,VIS-02226,voice_note,French,domestic,West,pricing,Musee National de Yaounde,Centre,neutral,5.0,True,False
QRY-001325,2026-08-01 16:17,SESS-000524,VIS-00525,text,French,domestic,Littoral,directions,Rue des Artisans,West,positive,3.8,True,False
QRY-003345,2026-08-01 16:50,SESS-001341,VIS-01342,text,French,domestic,Far North,cultural_info,Musee National de Yaounde,Centre,positive,0.8,True,False
QRY-004231,2026-08-01 17:59,SESS-001672,VIS-01673,text,French,foreign,Germany,directions,Rue des Artisans,West,positive,2.4,True,False
QRY-000365,2026-08-01 17:59,SESS-000161,VIS-00162,voice_note,English,foreign,Nigeria,transport_fare,Monument de la Reunification,Centre,neutral,1.4,True,False
QRY-005812,2026-08-01 18:14,SESS-002328,VIS-02329,text,English,foreign,Nigeria,directions,Mvog-Betsi Zoo & Botanical Garden,Centre,positive,3.1,True,False
QRY-000710,2026-08-01 18:18,SESS-000285,VIS-00286,text,French,domestic,South West,directions,Douala-Edea Wildlife Reserve,Littoral,positive,2.0,True,False
QRY-003610,2026-08-01 18:28,SESS-001435,VIS-01436,text,French,domestic,Far North,cultural_info,Chez Wou & La Salsa,Centre,neutral,2.9,True,False
QRY-002139,2026-08-01 19:07,SESS-000849,VIS-00850,text,English,domestic,West,transport_fare,Limbe Botanic Garden,South West,negative,4.6,True,False
QRY-002998,2026-08-01 19:38,SESS-001183,VIS-01184,text,English,domestic,Littoral,opening_hours,Chez Wou & La Salsa,Centre,positive,4.9,True,False
QRY-004994,2026-08-01 19:39,SESS-001972,VIS-01973,text,French,foreign,China,cultural_info,FINI Hotel Bobende,South West,negative,2.9,True,False
QRY-003252,2026-08-01 19:48,SESS-001302,VIS-01303,text,French,domestic,West,cultural_info,Mvog-Betsi Zoo & Botanical Garden,Centre,neutral,4.9,True,False
QRY-001134,2026-08-01 20:06,SESS-000448,VIS-00449,text,English,domestic,Centre,general_chat,,Littoral,positive,3.8,True,False
QRY-005043,2026-08-01 20:11,SESS-001992,VIS-01993,voice_note,French,foreign,Gabon,directions,Chez Carimo / Lobe Shacks,South,neutral,1.4,True,False
QRY-001524,2026-08-01 20:21,SESS-000608,VIS-00609,voice_note,French,foreign,Gabon,pricing,Chez Wou & La Salsa,Centre,neutral,3.1,True,False
QRY-002844,2026-08-01 20:33,SESS-001118,VIS-01119,text,French,domestic,Far North,pricing,Musee Maritime de Douala,Littoral,positive,3.0,True,False
QRY-002532,2026-08-01 20:38,SESS-001009,VIS-01010,text,English,domestic,Adamawa,general_chat,,South,neutral,1.9,True,False
QRY-000452,2026-08-01 20:47,SESS-000195,VIS-00196,voice_note,English,domestic,Far North,directions,Palais des Rois Bell (Pagode),Littoral,positive,2.1,True,False
QRY-005086,2026-08-01 21:02,SESS-002012,VIS-02013,text,English,foreign,USA,cultural_info,Grand Batanga & Luma Museum,South,negative,3.5,True,False
QRY-002561,2026-08-01 21:24,SESS-001022,VIS-01023,text,French,foreign,Chad,general_chat,,South West,neutral,1.7,True,False
QRY-000271,2026-08-01 21:27,SESS-000124,VIS-00125,voice_note,English,domestic,West,cultural_info,Hotel Ilomba,South,neutral,4.3,True,False
QRY-004595,2026-08-01 21:34,SESS-001816,VIS-01817,text,English,foreign,France,booking_interest,Palais Royal de Foumban & Museum,West,neutral,2.5,True,False
QRY-001774,2026-08-01 21:35,SESS-000710,VIS-00711,text,French,domestic,South West,pricing,Hotel Ilomba,South,neutral,4.0,True,False
QRY-003451,2026-08-01 21:55,SESS-001376,VIS-01377,text,English,domestic,North West,opening_hours,Star Land Hotel Bastos,Centre,neutral,3.6,True,False
QRY-000122,2026-08-01 22:19,SESS-000055,VIS-00056,voice_note,French,domestic,North,opening_hours,Hilton Yaounde,Centre,neutral,4.2,True,False
QRY-002872,2026-08-01 22:20,SESS-001134,VIS-01135,voice_note,French,foreign,China,directions,Palais des Rois Bell (Pagode),Littoral,neutral,3.1,True,False
QRY-004637,2026-08-01 22:23,SESS-001832,VIS-01833,text,French,foreign,UK,directions,Krystal Palace Douala,Littoral,neutral,2.3,True,False
QRY-005283,2026-08-01 22:25,SESS-002097,VIS-02098,voice_note,French,foreign,UK,pricing,Chez Carimo / Lobe Shacks,South,neutral,3.8,True,False
QRY-001597,2026-08-01 22:34,SESS-000634,VIS-00635,text,Pidgin,foreign,UK,pricing,Palais Royal de Foumban & Museum,West,positive,3.4,True,False
QRY-003438,2026-08-01 22:45,SESS-001372,VIS-01373,voice_note,French,foreign,Equatorial Guinea,general_chat,,South,positive,4.1,True,False
QRY-002526,2026-08-02 06:10,SESS-001006,VIS-01007,voice_note,French,domestic,West,booking_interest,Mont Febe & Golf Club,Centre,neutral,2.8,True,False
QRY-001904,2026-08-02 06:52,SESS-000757,VIS-00758,voice_note,English,domestic,Far North,pricing,Star Land Hotel Bastos,Centre,neutral,3.3,True,False
QRY-000834,2026-08-02 07:02,SESS-000330,VIS-00331,text,French,domestic,Adamawa,transport_fare,Plage de Kribi (Tara Plage),South,neutral,4.1,True,False
QRY-000228,2026-08-02 07:19,SESS-000107,VIS-00108,voice_note,Pidgin,domestic,East,pricing,Mefou Primate Sanctuary,Centre,neutral,1.5,False,False
QRY-005237,2026-08-02 07:25,SESS-002077,VIS-02078,text,French,domestic,East,directions,Mount Cameroon (Upper Farms),South West,positive,3.3,True,False
QRY-005321,2026-08-02 07:30,SESS-002113,VIS-02114,voice_note,French,foreign,UK,opening_hours,Douala-Edea Wildlife Reserve,Littoral,positive,3.2,True,False
QRY-002136,2026-08-02 07:44,SESS-000848,VIS-00849,voice_note,French,domestic,North,general_chat,,Adamawa,neutral,4.2,True,False
QRY-005822,2026-08-02 07:51,SESS-002333,VIS-02334,voice_note,English,foreign,France,directions,Down Beach Roasted Fish Sheds,South West,neutral,5.0,True,False
QRY-004939,2026-08-02 07:53,SESS-001953,VIS-01954,text,French,domestic,South,booking_interest,Artisanal Village & Flower Market,Littoral,neutral,4.5,True,False
QRY-005896,2026-08-02 08:24,SESS-002363,VIS-02364,text,French,foreign,France,general_chat,,West,positive,1.7,True,False
QRY-003095,2026-08-02 08:56,SESS-001233,VIS-01234,text,French,domestic,Centre,opening_hours,Artisanal Village & Flower Market,Littoral,neutral,3.9,True,False
QRY-000045,2026-08-02 09:28,SESS-000017,VIS-00018,text,English,foreign,France,directions,Musee National de Yaounde,Centre,neutral,3.6,True,False
QRY-000173,2026-08-02 10:01,SESS-000080,VIS-00081,text,English,foreign,Canada,pricing,Plage de Kribi (Tara Plage),South,positive,4.2,True,False
QRY-002013,2026-08-02 10:13,SESS-000800,VIS-00801,text,French,domestic,North West,opening_hours,Rue des Artisans,West,neutral,2.6,True,False
QRY-004589,2026-08-02 10:31,SESS-001813,VIS-01814,voice_note,English,domestic,Far North,pricing,Palais Royal de Foumban & Museum,West,neutral,3.0,True,False
QRY-003952,2026-08-02 10:37,SESS-001565,VIS-01566,text,French,domestic,North West,directions,Musee Maritime de Douala,Littoral,neutral,3.1,True,False
QRY-001532,2026-08-02 10:41,SESS-000611,VIS-00612,text,English,foreign,USA,general_chat,,West,neutral,4.6,True,False
QRY-005337,2026-08-02 10:49,SESS-002122,VIS-02123,voice_note,English,domestic,Adamawa,general_chat,,Adamawa,neutral,3.8,True,False
QRY-002828,2026-08-02 10:57,SESS-001112,VIS-01113,voice_note,French,domestic,South,cultural_info,Mvog-Betsi Zoo & Botanical Garden,Centre,negative,0.8,True,False
QRY-003642,2026-08-02 10:58,SESS-001446,VIS-01447,voice_note,French,domestic,North West,directions,Limbe Botanic Garden,South West,positive,2.2,True,False
QRY-002876,2026-08-02 11:05,SESS-001135,VIS-01136,text,English,domestic,Littoral,opening_hours,Down Beach & Batoke Beach,South West,positive,3.3,True,False
QRY-004808,2026-08-02 11:22,SESS-001899,VIS-01900,voice_note,French,domestic,West,opening_hours,Hilton Yaounde,Centre,neutral,1.3,True,False
QRY-001974,2026-08-02 11:27,SESS-000785,VIS-00786,text,French,domestic,Far North,opening_hours,Plage de Kribi (Tara Plage),South,neutral,1.8,True,False
QRY-002499,2026-08-02 11:36,SESS-000997,VIS-00998,voice_note,English,domestic,Far North,pricing,L'Ovalie & La Fourchette,Littoral,negative,2.5,True,False
QRY-001517,2026-08-02 11:37,SESS-000606,VIS-00607,text,French,domestic,West,opening_hours,Star Land Hotel Bastos,Centre,neutral,2.6,True,False
QRY-002569,2026-08-02 12:56,SESS-001025,VIS-01026,text,English,domestic,Centre,general_chat,,East,negative,3.0,True,False
QRY-000438,2026-08-02 12:57,SESS-000187,VIS-00188,voice_note,Pidgin,domestic,West,cultural_info,Musee Maritime de Douala,Littoral,neutral,3.5,True,False
QRY-004851,2026-08-02 13:14,SESS-001913,VIS-01914,text,French,foreign,Equatorial Guinea,pricing,Mount Cameroon (Upper Farms),South West,negative,0.9,True,False
QRY-000526,2026-08-02 13:23,SESS-000220,VIS-00221,text,English,foreign,Germany,emergency_sos,Limbe Botanic Garden,South West,negative,2.8,True,True
QRY-003120,2026-08-02 13:29,SESS-001244,VIS-01245,voice_note,Pidgin,domestic,West,opening_hours,Monument de la Reunification,Centre,neutral,0.8,True,False
QRY-000552,2026-08-02 14:06,SESS-000231,VIS-00232,voice_note,English,foreign,USA,pricing,Domaine du Petpenoun,West,negative,1.3,True,False
QRY-001299,2026-08-02 14:08,SESS-000511,VIS-00512,text,French,domestic,Centre,cultural_info,Douala-Edea Wildlife Reserve,Littoral,neutral,3.0,True,False
QRY-004984,2026-08-02 14:11,SESS-001966,VIS-01967,text,French,domestic,South,opening_hours,Mont Febe & Golf Club,Centre,positive,2.3,True,False
QRY-004501,2026-08-02 14:13,SESS-001771,VIS-01772,text,English,foreign,South Africa,pricing,Palais des Rois Bell (Pagode),Littoral,neutral,3.8,True,False
QRY-006048,2026-08-02 14:20,SESS-002413,VIS-02414,text,English,domestic,West,directions,Pullman Douala Rabingha,Littoral,positive,3.9,True,False
QRY-000882,2026-08-02 14:37,SESS-000347,VIS-00348,text,English,domestic,South West,pricing,Plage de Kribi (Tara Plage),South,neutral,3.9,True,False
QRY-003388,2026-08-02 15:17,SESS-001354,VIS-01355,text,French,foreign,Equatorial Guinea,booking_interest,Monument de la Reunification,Centre,neutral,3.2,True,False
QRY-001184,2026-08-02 15:27,SESS-000465,VIS-00466,text,French,domestic,South,booking_interest,Palais des Rois Bell (Pagode),Littoral,neutral,2.0,True,False
QRY-000840,2026-08-02 15:29,SESS-000330,VIS-00331,text,French,foreign,Equatorial Guinea,pricing,Down Beach & Batoke Beach,South West,positive,3.0,True,False
QRY-000224,2026-08-02 15:51,SESS-000105,VIS-00106,text,English,domestic,Centre,opening_hours,Limbe Wildlife Centre,South West,negative,4.3,True,False
QRY-004577,2026-08-02 16:31,SESS-001808,VIS-01809,text,French,foreign,USA,pricing,Rue des Artisans,West,neutral,3.0,True,False
QRY-002306,2026-08-02 16:33,SESS-000919,VIS-00920,text,Pidgin,foreign,USA,pricing,Mont Febe & Golf Club,Centre,negative,5.9,True,False
QRY-001069,2026-08-02 16:41,SESS-000422,VIS-00423,text,French,foreign,Belgium,transport_fare,Chutes de la Lobe,South,negative,2.4,True,False
QRY-001337,2026-08-02 16:53,SESS-000530,VIS-00531,text,English,foreign,USA,transport_fare,Down Beach & Batoke Beach,South West,neutral,2.2,True,False
QRY-003257,2026-08-02 17:29,SESS-001303,VIS-01304,text,French,foreign,Equatorial Guinea,opening_hours,L'Ovalie & La Fourchette,Littoral,neutral,2.9,True,False
QRY-006147,2026-08-02 17:43,SESS-002452,VIS-02453,text,French,domestic,North,booking_interest,Down Beach Roasted Fish Sheds,South West,neutral,2.4,True,False
QRY-000889,2026-08-02 17:45,SESS-000351,VIS-00352,text,English,domestic,Far North,booking_interest,Campo Ma'an National Park,South,positive,4.3,True,False
QRY-005892,2026-08-02 17:54,SESS-002363,VIS-02364,text,French,foreign,Germany,emergency_sos,Krystal Palace Douala,Littoral,negative,3.1,True,True
QRY-006177,2026-08-02 18:11,SESS-002465,VIS-02466,text,French,domestic,Far North,emergency_sos,Hilton Yaounde,Centre,negative,1.4,True,True
QRY-003019,2026-08-02 18:12,SESS-001190,VIS-01191,text,English,domestic,East,opening_hours,Grand Batanga & Luma Museum,South,positive,2.6,True,False
QRY-002109,2026-08-02 18:35,SESS-000837,VIS-00838,text,English,foreign,Gabon,transport_fare,Bimbia Slave Trade Port,South West,neutral,3.2,True,False
QRY-001853,2026-08-02 18:56,SESS-000737,VIS-00738,voice_note,English,domestic,Centre,cultural_info,Down Beach & Batoke Beach,South West,positive,3.4,True,False
QRY-005160,2026-08-02 19:20,SESS-002045,VIS-02046,text,Pidgin,foreign,China,opening_hours,Hotel Ilomba,South,neutral,1.6,True,False
QRY-005746,2026-08-02 19:36,SESS-002295,VIS-02296,text,French,foreign,China,directions,Limbe Botanic Garden,South West,positive,4.3,True,False
QRY-003713,2026-08-02 19:49,SESS-001476,VIS-01477,text,French,foreign,Canada,opening_hours,Marche Sandaga & Deido Soya,Littoral,neutral,3.9,True,False
QRY-002819,2026-08-02 20:05,SESS-001110,VIS-01111,voice_note,English,domestic,East,transport_fare,Artisanal Village & Flower Market,Littoral,positive,2.2,False,False
QRY-000643,2026-08-02 20:23,SESS-000262,VIS-00263,text,French,domestic,East,pricing,Plage de Kribi (Tara Plage),South,positive,2.9,True,False
QRY-005217,2026-08-02 20:23,SESS-002070,VIS-02071,text,Pidgin,foreign,Gabon,emergency_sos,West Region Gastronomy Spots,West,negative,0.8,True,True
QRY-005426,2026-08-02 20:45,SESS-002158,VIS-02159,voice_note,English,domestic,Far North,cultural_info,Chez Carimo / Lobe Shacks,South,neutral,1.0,True,False
QRY-001940,2026-08-02 20:50,SESS-000774,VIS-00775,voice_note,French,domestic,South,booking_interest,Chez Wou & La Salsa,Centre,neutral,2.6,True,False
QRY-004616,2026-08-02 21:21,SESS-001826,VIS-01827,voice_note,French,domestic,Far North,pricing,Marche Sandaga & Deido Soya,Littoral,positive,2.9,True,False
QRY-005142,2026-08-02 21:23,SESS-002034,VIS-02035,text,French,foreign,Chad,directions,Chez Carimo / Lobe Shacks,South,positive,3.4,True,False
QRY-003076,2026-08-02 21:42,SESS-001223,VIS-01224,text,French,foreign,South Africa,cultural_info,Hotel Ilomba,South,neutral,3.3,True,False
QRY-000062,2026-08-02 22:16,SESS-000024,VIS-00025,voice_note,French,domestic,Littoral,opening_hours,Les Gites de Kribi,South,positive,3.9,True,False
QRY-000522,2026-08-02 22:31,SESS-000220,VIS-00221,text,English,domestic,West,transport_fare,Pullman Douala Rabingha,Littoral,neutral,3.2,True,False
QRY-002317,2026-08-03 06:02,SESS-000925,VIS-00926,text,English,domestic,South West,booking_interest,Down Beach & Batoke Beach,South West,positive,3.0,True,False
QRY-001698,2026-08-03 06:29,SESS-000677,VIS-00678,text,French,domestic,West,cultural_info,Palais des Rois Bell (Pagode),Littoral,neutral,4.8,True,False
QRY-002435,2026-08-03 06:40,SESS-000972,VIS-00973,text,French,foreign,Chad,booking_interest,Monument de la Reunification,Centre,positive,3.8,True,False
QRY-003856,2026-08-03 07:00,SESS-001539,VIS-01540,text,French,foreign,France,cultural_info,Pullman Douala Rabingha,Littoral,positive,3.9,True,False
QRY-006192,2026-08-03 07:06,SESS-002471,VIS-02472,text,French,domestic,Centre,cultural_info,Musee Maritime de Douala,Littoral,neutral,4.2,True,False
QRY-004442,2026-08-03 07:14,SESS-001749,VIS-01750,text,French,domestic,Far North,general_chat,,Far North,positive,3.6,True,False
QRY-000699,2026-08-03 07:14,SESS-000281,VIS-00282,text,French,domestic,North,directions,Grand Batanga & Luma Museum,South,neutral,2.0,True,False
QRY-006031,2026-08-03 07:29,SESS-002408,VIS-02409,text,English,foreign,China,pricing,Hotel Zingana,West,positive,2.8,True,False
QRY-005599,2026-08-03 07:45,SESS-002230,VIS-02231,voice_note,French,domestic,North West,directions,Limbe Wildlife Centre,South West,neutral,5.1,True,False
QRY-003681,2026-08-03 07:47,SESS-001460,VIS-01461,text,English,foreign,France,opening_hours,Hilton Yaounde,Centre,neutral,2.3,True,False
QRY-004518,2026-08-03 08:23,SESS-001782,VIS-01783,text,French,domestic,North West,transport_fare,Hotel Zingana,West,neutral,2.6,True,False
QRY-004383,2026-08-03 08:29,SESS-001728,VIS-01729,text,English,domestic,Adamawa,directions,Palais Royal de Foumban & Museum,West,negative,2.3,True,False
QRY-000086,2026-08-03 09:05,SESS-000037,VIS-00038,text,Pidgin,domestic,East,pricing,Krystal Palace Douala,Littoral,neutral,3.6,True,False
QRY-005011,2026-08-03 09:20,SESS-001979,VIS-01980,text,English,foreign,USA,directions,Chutes de la Lobe,South,neutral,4.8,True,False
QRY-005509,2026-08-03 09:23,SESS-002191,VIS-02192,text,English,foreign,USA,emergency_sos,Hotel Ilomba,South,negative,2.5,True,True
QRY-000412,2026-08-03 09:44,SESS-000177,VIS-00178,text,English,domestic,North West,opening_hours,Chez Carimo / Lobe Shacks,South,neutral,4.4,True,False
QRY-004452,2026-08-03 09:46,SESS-001753,VIS-01754,text,Pidgin,domestic,Centre,general_chat,,North,positive,5.5,True,False
QRY-001293,2026-08-03 09:51,SESS-000511,VIS-00512,text,French,foreign,Germany,emergency_sos,FINI Hotel Bobende,South West,negative,2.7,True,True
QRY-002486,2026-08-03 10:05,SESS-000994,VIS-00995,text,French,domestic,Far North,transport_fare,Limbe Wildlife Centre,South West,neutral,4.2,True,False
QRY-005541,2026-08-03 10:30,SESS-002208,VIS-02209,text,French,domestic,Centre,cultural_info,Chez Wou & La Salsa,Centre,neutral,2.7,True,False
QRY-005787,2026-08-03 10:31,SESS-002315,VIS-02316,voice_note,English,foreign,South Africa,pricing,Mefou Primate Sanctuary,Centre,positive,1.9,True,False
QRY-006167,2026-08-03 10:36,SESS-002461,VIS-02462,voice_note,French,domestic,West,directions,Chez Wou & La Salsa,Centre,positive,0.8,True,False
QRY-005874,2026-08-03 10:47,SESS-002357,VIS-02358,text,French,foreign,UK,booking_interest,Mont Febe & Golf Club,Centre,neutral,3.2,True,False
QRY-003194,2026-08-03 11:00,SESS-001277,VIS-01278,text,English,domestic,South,opening_hours,FINI Hotel Bobende,South West,positive,3.6,True,False
QRY-005495,2026-08-03 11:09,SESS-002185,VIS-02186,text,Pidgin,domestic,North,pricing,Marche Sandaga & Deido Soya,Littoral,positive,4.0,True,False
QRY-003337,2026-08-03 11:32,SESS-001338,VIS-01339,text,French,foreign,Belgium,opening_hours,L'Ovalie & La Fourchette,Littoral,neutral,3.2,True,False
QRY-005292,2026-08-03 11:49,SESS-002103,VIS-02104,text,English,domestic,Centre,cultural_info,Rue des Artisans,West,positive,4.8,True,False
QRY-001971,2026-08-03 12:02,SESS-000785,VIS-00786,voice_note,English,domestic,North West,cultural_info,Musee National de Yaounde,Centre,positive,4.5,True,False
QRY-004725,2026-08-03 12:11,SESS-001868,VIS-01869,text,English,domestic,Littoral,pricing,Pullman Douala Rabingha,Littoral,positive,2.5,True,False
QRY-004759,2026-08-03 12:47,SESS-001882,VIS-01883,text,English,domestic,Centre,opening_hours,Plage de Kribi (Tara Plage),South,positive,2.0,True,False
QRY-003239,2026-08-03 12:59,SESS-001297,VIS-01298,text,English,domestic,South West,general_chat,,Centre,negative,3.5,True,False
QRY-005513,2026-08-03 13:03,SESS-002194,VIS-02195,text,Pidgin,domestic,West,transport_fare,Krystal Palace Douala,Littoral,positive,3.3,True,False
QRY-004102,2026-08-03 13:15,SESS-001623,VIS-01624,voice_note,Pidgin,domestic,Littoral,opening_hours,Rue des Artisans,West,negative,5.2,True,False
QRY-003412,2026-08-03 13:36,SESS-001362,VIS-01363,voice_note,French,domestic,North West,pricing,Rue des Artisans,West,neutral,3.5,True,False
QRY-000520,2026-08-03 13:37,SESS-000220,VIS-00221,voice_note,English,domestic,North West,pricing,Krystal Palace Douala,Littoral,neutral,3.4,True,False
QRY-002635,2026-08-03 13:49,SESS-001044,VIS-01045,text,French,foreign,Belgium,general_chat,,Far North,neutral,3.9,True,False
QRY-004429,2026-08-03 14:04,SESS-001742,VIS-01743,text,English,domestic,South West,opening_hours,Les Gites de Kribi,South,neutral,3.4,True,False
QRY-005100,2026-08-03 14:40,SESS-002015,VIS-02016,text,English,foreign,USA,transport_fare,Palais des Rois Bell (Pagode),Littoral,positive,5.0,True,False
QRY-001501,2026-08-03 15:06,SESS-000600,VIS-00601,text,French,foreign,Canada,pricing,Star Land Hotel Bastos,Centre,neutral,3.1,True,False
QRY-001381,2026-08-03 16:08,SESS-000549,VIS-00550,text,French,domestic,North West,transport_fare,Down Beach Roasted Fish Sheds,South West,neutral,2.8,True,False
QRY-003592,2026-08-03 16:27,SESS-001427,VIS-01428,voice_note,Pidgin,foreign,USA,pricing,Pullman Douala Rabingha,Littoral,positive,2.4,True,False
QRY-003421,2026-08-03 16:39,SESS-001365,VIS-01366,text,French,foreign,Equatorial Guinea,pricing,Rue des Artisans,West,positive,4.7,True,False
QRY-002091,2026-08-03 17:00,SESS-000832,VIS-00833,text,French,domestic,Littoral,general_chat,,Littoral,neutral,2.0,True,False
QRY-004306,2026-08-03 17:12,SESS-001695,VIS-01696,text,French,domestic,East,booking_interest,Monument de la Reunification,Centre,neutral,3.2,True,False
QRY-003966,2026-08-03 18:18,SESS-001568,VIS-01569,text,Pidgin,domestic,Far North,directions,Mefou Primate Sanctuary,Centre,neutral,3.1,True,False
QRY-004785,2026-08-03 18:31,SESS-001890,VIS-01891,text,French,foreign,UK,cultural_info,Mount Cameroon (Upper Farms),South West,positive,4.8,True,False
QRY-000905,2026-08-03 18:35,SESS-000358,VIS-00359,text,French,domestic,Centre,pricing,Plage de Kribi (Tara Plage),South,neutral,3.1,True,False
QRY-005053,2026-08-03 18:51,SESS-001997,VIS-01998,text,English,domestic,Far North,cultural_info,Hilton Yaounde,Centre,positive,3.2,True,False
QRY-000237,2026-08-03 18:59,SESS-000109,VIS-00110,text,French,domestic,Littoral,directions,Hotel Ilomba,South,neutral,3.1,True,False
QRY-004791,2026-08-03 19:06,SESS-001892,VIS-01893,text,English,foreign,Nigeria,booking_interest,Plage de Kribi (Tara Plage),South,neutral,2.7,True,False
QRY-002062,2026-08-03 19:24,SESS-000822,VIS-00823,text,French,domestic,Centre,cultural_info,Rue des Artisans,West,neutral,3.9,True,False
QRY-002771,2026-08-03 19:55,SESS-001094,VIS-01095,text,French,domestic,Centre,directions,Limbe Wildlife Centre,South West,neutral,2.4,True,False
QRY-000301,2026-08-03 20:39,SESS-000137,VIS-00138,text,English,foreign,France,cultural_info,Musee National de Yaounde,Centre,positive,2.6,True,False
QRY-005466,2026-08-03 20:57,SESS-002174,VIS-02175,voice_note,Pidgin,domestic,North West,opening_hours,Monument de la Reunification,Centre,neutral,2.8,True,False
QRY-005614,2026-08-03 21:01,SESS-002237,VIS-02238,voice_note,French,foreign,Chad,booking_interest,Mont Febe & Golf Club,Centre,positive,3.1,True,False
QRY-001450,2026-08-03 21:10,SESS-000579,VIS-00580,text,English,domestic,Adamawa,cultural_info,Rue des Artisans,West,positive,4.1,True,False
QRY-003143,2026-08-03 21:23,SESS-001254,VIS-01255,text,French,domestic,West,pricing,Mefou Primate Sanctuary,Centre,neutral,5.5,True,False
QRY-002253,2026-08-03 21:29,SESS-000900,VIS-00901,text,French,domestic,East,directions,Plage de Kribi (Tara Plage),South,neutral,2.0,True,False
QRY-004714,2026-08-03 21:30,SESS-001865,VIS-01866,text,French,domestic,Centre,transport_fare,Star Land Hotel Bastos,Centre,positive,2.6,True,False
QRY-000455,2026-08-03 21:46,SESS-000196,VIS-00197,text,English,foreign,Germany,opening_hours,Palais Royal de Foumban & Museum,West,neutral,3.5,True,False
QRY-001407,2026-08-03 22:15,SESS-000562,VIS-00563,text,English,foreign,Germany,directions,Star Land Hotel Bastos,Centre,positive,4.1,True,False
QRY-000294,2026-08-03 22:19,SESS-000135,VIS-00136,text,French,domestic,Littoral,opening_hours,Marche Sandaga & Deido Soya,Littoral,positive,1.8,True,False
QRY-001910,2026-08-03 22:32,SESS-000758,VIS-00759,voice_note,French,foreign,Equatorial Guinea,pricing,Bimbia Slave Trade Port,South West,neutral,2.7,True,False
QRY-001637,2026-08-03 22:41,SESS-000652,VIS-00653,text,English,foreign,China,directions,Palais Royal de Foumban & Museum,West,positive,3.8,True,False
QRY-003839,2026-08-03 22:56,SESS-001533,VIS-01534,text,French,foreign,Equatorial Guinea,transport_fare,Chez Carimo / Lobe Shacks,South,neutral,3.8,True,False
QRY-000752,2026-08-04 06:40,SESS-000298,VIS-00299,voice_note,Pidgin,foreign,UK,cultural_info,Mont Febe & Golf Club,Centre,neutral,1.8,True,False
QRY-005904,2026-08-04 06:41,SESS-002366,VIS-02367,text,French,foreign,South Africa,directions,Artisanal Village & Flower Market,Littoral,positive,2.0,True,False
QRY-000542,2026-08-04 06:53,SESS-000227,VIS-00228,text,English,domestic,West,opening_hours,Seme Beach Hotel,South West,neutral,1.4,True,False
QRY-002699,2026-08-04 06:55,SESS-001064,VIS-01065,text,English,domestic,Littoral,cultural_info,Domaine du Petpenoun,West,neutral,4.6,True,False
QRY-004666,2026-08-04 07:00,SESS-001847,VIS-01848,text,French,domestic,North,booking_interest,Limbe Botanic Garden,South West,positive,3.9,True,False
QRY-002392,2026-08-04 07:10,SESS-000957,VIS-00958,voice_note,French,domestic,East,opening_hours,Down Beach Roasted Fish Sheds,South West,neutral,3.8,True,False
QRY-002824,2026-08-04 07:15,SESS-001111,VIS-01112,text,French,foreign,UK,directions,Mefou Primate Sanctuary,Centre,positive,2.0,True,False
QRY-002939,2026-08-04 07:16,SESS-001158,VIS-01159,voice_note,French,foreign,Germany,directions,Limbe Botanic Garden,South West,negative,3.8,True,False
QRY-001935,2026-08-04 07:26,SESS-000773,VIS-00774,text,French,domestic,East,pricing,FINI Hotel Bobende,South West,positive,1.1,True,False
QRY-001247,2026-08-04 07:27,SESS-000496,VIS-00497,text,English,foreign,Gabon,directions,Monument de la Reunification,Centre,positive,1.9,True,False
QRY-003860,2026-08-04 07:36,SESS-001539,VIS-01540,text,French,foreign,China,opening_hours,Star Land Hotel Bastos,Centre,positive,3.6,True,False
QRY-006047,2026-08-04 07:42,SESS-002413,VIS-02414,text,French,foreign,Gabon,opening_hours,Marche Sandaga & Deido Soya,Littoral,neutral,4.6,True,False
QRY-000970,2026-08-04 07:50,SESS-000384,VIS-00385,voice_note,French,domestic,West,pricing,Artisanal Village & Flower Market,Littoral,neutral,3.8,True,False
QRY-006050,2026-08-04 07:52,SESS-002415,VIS-02416,text,English,foreign,Gabon,opening_hours,Krystal Palace Douala,Littoral,neutral,2.2,True,False
QRY-001143,2026-08-04 08:00,SESS-000453,VIS-00454,text,French,foreign,Gabon,cultural_info,Chez Carimo / Lobe Shacks,South,neutral,1.8,True,False
QRY-001741,2026-08-04 09:02,SESS-000697,VIS-00698,text,French,domestic,Centre,pricing,Bimbia Slave Trade Port,South West,negative,2.3,True,False
QRY-002981,2026-08-04 09:11,SESS-001174,VIS-01175,text,French,domestic,South,transport_fare,Marche Sandaga & Deido Soya,Littoral,positive,2.7,True,False
QRY-003360,2026-08-04 09:20,SESS-001346,VIS-01347,text,French,foreign,Gabon,pricing,Chutes de la Lobe,South,positive,3.4,True,False
QRY-000962,2026-08-04 09:35,SESS-000380,VIS-00381,voice_note,French,domestic,South,opening_hours,Mefou Primate Sanctuary,Centre,positive,2.8,True,False
QRY-006070,2026-08-04 09:47,SESS-002420,VIS-02421,text,French,domestic,South West,opening_hours,Mvog-Betsi Zoo & Botanical Garden,Centre,positive,2.4,True,False
QRY-002594,2026-08-04 10:01,SESS-001033,VIS-01034,voice_note,Pidgin,domestic,South West,cultural_info,Plage de Kribi (Tara Plage),South,neutral,3.5,True,False
QRY-005888,2026-08-04 10:19,SESS-002362,VIS-02363,text,English,domestic,North,opening_hours,Les Gites de Kribi,South,neutral,4.5,True,False
QRY-002718,2026-08-04 10:43,SESS-001076,VIS-01077,text,French,domestic,West,emergency_sos,Bimbia Slave Trade Port,South West,negative,0.8,True,True
QRY-003287,2026-08-04 10:53,SESS-001316,VIS-01317,text,English,domestic,Adamawa,pricing,Down Beach & Batoke Beach,South West,positive,1.9,True,False
QRY-001350,2026-08-04 11:06,SESS-000534,VIS-00535,text,French,domestic,West,pricing,Limbe Wildlife Centre,South West,positive,3.1,True,False
QRY-006003,2026-08-04 11:15,SESS-002403,VIS-02404,voice_note,French,foreign,Gabon,transport_fare,Krystal Palace Douala,Littoral,positive,3.8,True,False
QRY-005776,2026-08-04 11:30,SESS-002310,VIS-02311,text,French,domestic,West,directions,Hilton Yaounde,Centre,neutral,2.1,True,False
QRY-005070,2026-08-04 11:32,SESS-002006,VIS-02007,text,French,domestic,Far North,transport_fare,Rue des Artisans,West,negative,1.7,True,False
QRY-005101,2026-08-04 11:33,SESS-002016,VIS-02017,text,English,foreign,Canada,transport_fare,Krystal Palace Douala,Littoral,neutral,2.6,True,False
QRY-001563,2026-08-04 11:41,SESS-000621,VIS-00622,text,French,foreign,China,opening_hours,Pullman Douala Rabingha,Littoral,neutral,3.8,True,False
QRY-001393,2026-08-04 12:16,SESS-000553,VIS-00554,text,French,foreign,Nigeria,pricing,Musee Maritime de Douala,Littoral,positive,3.0,True,False
QRY-001529,2026-08-04 12:27,SESS-000610,VIS-00611,text,English,domestic,East,opening_hours,Limbe Wildlife Centre,South West,positive,5.1,True,False
QRY-003629,2026-08-04 12:55,SESS-001439,VIS-01440,text,English,domestic,Littoral,transport_fare,Musee Maritime de Douala,Littoral,neutral,3.2,True,False
QRY-004828,2026-08-04 13:11,SESS-001908,VIS-01909,text,French,domestic,North,cultural_info,Palais Royal de Foumban & Museum,West,neutral,3.2,True,False
QRY-003511,2026-08-04 13:14,SESS-001400,VIS-01401,text,French,foreign,Germany,directions,Les Gites de Kribi,South,positive,2.8,True,False
QRY-004139,2026-08-04 13:25,SESS-001635,VIS-01636,text,Pidgin,domestic,West,transport_fare,Palais Royal de Foumban & Museum,West,neutral,4.7,True,False
QRY-000227,2026-08-04 13:31,SESS-000106,VIS-00107,text,French,domestic,Far North,general_chat,,South West,negative,3.4,True,False
QRY-004381,2026-08-04 13:33,SESS-001727,VIS-01728,text,French,domestic,North West,directions,Mvog-Betsi Zoo & Botanical Garden,Centre,negative,3.0,True,False
QRY-006189,2026-08-04 13:45,SESS-002470,VIS-02471,text,English,domestic,North West,directions,Hotel Ilomba,South,positive,4.4,True,False
QRY-003202,2026-08-04 14:22,SESS-001280,VIS-01281,text,Pidgin,foreign,Equatorial Guinea,emergency_sos,Musee Maritime de Douala,Littoral,negative,2.8,True,True
QRY-005661,2026-08-04 14:33,SESS-002258,VIS-02259,text,English,domestic,Littoral,booking_interest,Down Beach Roasted Fish Sheds,South West,positive,4.2,True,False
QRY-002123,2026-08-04 14:33,SESS-000844,VIS-00845,text,French,domestic,North West,directions,Plage de Kribi (Tara Plage),South,positive,5.3,True,False
QRY-002067,2026-08-04 14:48,SESS-000824,VIS-00825,voice_note,French,domestic,West,directions,Limbe Wildlife Centre,South West,neutral,2.7,True,False
QRY-005730,2026-08-04 14:57,SESS-002288,VIS-02289,text,English,foreign,Chad,general_chat,,West,positive,3.4,True,False
QRY-005034,2026-08-04 15:35,SESS-001987,VIS-01988,text,Pidgin,domestic,South West,transport_fare,Hotel Ilomba,South,positive,3.6,True,False
QRY-000168,2026-08-04 15:38,SESS-000078,VIS-00079,text,French,foreign,UK,opening_hours,Hilton Yaounde,Centre,neutral,3.2,True,False
QRY-003242,2026-08-04 15:39,SESS-001298,VIS-01299,text,French,foreign,UK,directions,Mvog-Betsi Zoo & Botanical Garden,Centre,neutral,3.4,True,False
QRY-001633,2026-08-04 15:55,SESS-000650,VIS-00651,text,French,domestic,South West,cultural_info,Chutes de la Lobe,South,neutral,4.3,True,False
QRY-000102,2026-08-04 16:55,SESS-000048,VIS-00049,text,Pidgin,foreign,Canada,cultural_info,Domaine du Petpenoun,West,neutral,4.6,True,False
QRY-001680,2026-08-04 17:08,SESS-000671,VIS-00672,text,English,domestic,Far North,general_chat,,Far North,positive,4.5,True,False
QRY-002714,2026-08-04 17:28,SESS-001074,VIS-01075,text,English,domestic,North West,opening_hours,Hilton Yaounde,Centre,neutral,3.5,True,False
QRY-001469,2026-08-04 18:01,SESS-000590,VIS-00591,text,English,domestic,Far North,transport_fare,Chez Carimo / Lobe Shacks,South,positive,0.8,True,False
QRY-004335,2026-08-04 18:02,SESS-001706,VIS-01707,text,French,domestic,Centre,directions,Artisanal Village & Flower Market,Littoral,neutral,4.4,True,False
QRY-002158,2026-08-04 18:05,SESS-000861,VIS-00862,text,French,foreign,UK,directions,Domaine du Petpenoun,West,positive,4.2,True,False
QRY-004903,2026-08-04 18:09,SESS-001939,VIS-01940,text,French,foreign,South Africa,booking_interest,FINI Hotel Bobende,South West,positive,2.5,True,False
QRY-006080,2026-08-04 18:19,SESS-002425,VIS-02426,text,French,foreign,Gabon,opening_hours,Limbe Wildlife Centre,South West,neutral,1.9,True,False
QRY-002763,2026-08-04 18:24,SESS-001091,VIS-01092,text,English,domestic,Adamawa,pricing,FINI Hotel Bobende,South West,negative,2.5,True,False
QRY-003862,2026-08-04 19:18,SESS-001539,VIS-01540,text,French,domestic,South West,cultural_info,Musee Maritime de Douala,Littoral,neutral,1.4,True,False
QRY-006073,2026-08-04 19:30,SESS-002420,VIS-02421,text,English,foreign,Canada,cultural_info,Plage de Kribi (Tara Plage),South,neutral,4.1,False,False
QRY-001312,2026-08-04 19:37,SESS-000516,VIS-00517,voice_note,English,foreign,Belgium,opening_hours,West Region Gastronomy Spots,West,neutral,4.2,False,False
QRY-001102,2026-08-04 19:45,SESS-000432,VIS-00433,voice_note,French,foreign,UK,pricing,Star Land Hotel Bastos,Centre,neutral,2.2,True,False
QRY-002077,2026-08-04 19:58,SESS-000827,VIS-00828,text,French,foreign,Gabon,transport_fare,Chutes d'Ekom Nkam,Littoral,neutral,1.8,True,False
QRY-000202,2026-08-04 20:06,SESS-000094,VIS-00095,text,English,domestic,Adamawa,directions,Bimbia Slave Trade Port,South West,neutral,2.1,True,False
QRY-005273,2026-08-04 20:07,SESS-002093,VIS-02094,voice_note,English,domestic,South West,transport_fare,Rue des Artisans,West,positive,2.6,True,False
QRY-003714,2026-08-04 20:17,SESS-001476,VIS-01477,text,English,domestic,Littoral,cultural_info,Chez Wou & La Salsa,Centre,positive,3.1,True,False
QRY-003689,2026-08-04 20:42,SESS-001464,VIS-01465,text,French,domestic,South,booking_interest,Pullman Douala Rabingha,Littoral,neutral,4.1,True,False
QRY-003215,2026-08-04 20:47,SESS-001286,VIS-01287,voice_note,English,foreign,UK,directions,Down Beach & Batoke Beach,South West,neutral,1.9,True,False
QRY-002338,2026-08-04 20:50,SESS-000932,VIS-00933,voice_note,French,domestic,North West,general_chat,,Centre,positive,3.5,True,False
QRY-005527,2026-08-04 20:56,SESS-002200,VIS-02201,text,French,foreign,Equatorial Guinea,cultural_info,Hotel Ilomba,South,neutral,4.2,True,False
QRY-003575,2026-08-04 21:05,SESS-001422,VIS-01423,text,English,foreign,France,pricing,Mefou Primate Sanctuary,Centre,positive,2.1,True,False
QRY-003945,2026-08-04 21:16,SESS-001564,VIS-01565,text,Pidgin,domestic,West,cultural_info,Campo Ma'an National Park,South,positive,2.9,True,False
QRY-001646,2026-08-04 21:38,SESS-000656,VIS-00657,text,English,domestic,East,general_chat,,South,neutral,3.2,True,False
QRY-003886,2026-08-04 21:44,SESS-001547,VIS-01548,voice_note,English,foreign,Belgium,opening_hours,Limbe Wildlife Centre,South West,neutral,1.6,True,False
QRY-006093,2026-08-04 21:47,SESS-002431,VIS-02432,voice_note,French,foreign,France,pricing,Bimbia Slave Trade Port,South West,neutral,2.9,True,False
QRY-002350,2026-08-04 22:11,SESS-000938,VIS-00939,text,French,foreign,UK,directions,Les Gites de Kribi,South,neutral,2.1,True,False
QRY-005964,2026-08-04 22:13,SESS-002390,VIS-02391,text,French,foreign,Equatorial Guinea,directions,Limbe Wildlife Centre,South West,positive,4.3,True,False
QRY-000074,2026-08-04 22:45,SESS-000032,VIS-00033,text,French,domestic,South West,pricing,Chefferie de Bandjoun,West,positive,4.2,True,False
QRY-000244,2026-08-04 22:46,SESS-000112,VIS-00113,text,French,domestic,North West,cultural_info,FINI Hotel Bobende,South West,neutral,3.3,True,False
QRY-004911,2026-08-05 06:14,SESS-001943,VIS-01944,voice_note,English,domestic,North West,transport_fare,Musee National de Yaounde,Centre,neutral,3.0,True,False
QRY-002518,2026-08-05 06:17,SESS-001002,VIS-01003,text,English,foreign,Chad,cultural_info,Bimbia Slave Trade Port,South West,positive,3.5,True,False
QRY-002980,2026-08-05 06:39,SESS-001174,VIS-01175,text,French,foreign,USA,booking_interest,Star Land Hotel Bastos,Centre,neutral,3.4,True,False
QRY-000419,2026-08-05 06:49,SESS-000179,VIS-00180,text,French,domestic,Littoral,general_chat,,Centre,positive,4.5,True,False
QRY-001314,2026-08-05 07:07,SESS-000517,VIS-00518,voice_note,English,foreign,USA,booking_interest,Chez Carimo / Lobe Shacks,South,neutral,4.0,True,False
QRY-004931,2026-08-05 07:19,SESS-001948,VIS-01949,text,English,domestic,South,transport_fare,Domaine du Petpenoun,West,neutral,2.4,True,False
QRY-002909,2026-08-05 07:21,SESS-001146,VIS-01147,text,French,foreign,Germany,transport_fare,Hilton Yaounde,Centre,neutral,3.4,True,False
QRY-004068,2026-08-05 07:27,SESS-001610,VIS-01611,text,French,domestic,Centre,pricing,Down Beach & Batoke Beach,South West,neutral,1.3,True,False
QRY-003894,2026-08-05 08:12,SESS-001549,VIS-01550,text,French,domestic,Centre,opening_hours,Palais des Rois Bell (Pagode),Littoral,neutral,3.3,False,False
QRY-003413,2026-08-05 08:13,SESS-001362,VIS-01363,text,French,foreign,South Africa,booking_interest,Star Land Hotel Bastos,Centre,positive,4.2,True,False
QRY-003191,2026-08-05 08:29,SESS-001275,VIS-01276,voice_note,French,foreign,Germany,pricing,Mefou Primate Sanctuary,Centre,positive,3.1,True,False
QRY-000577,2026-08-05 08:58,SESS-000244,VIS-00245,voice_note,French,foreign,France,transport_fare,Chutes de la Lobe,South,positive,3.7,True,False
QRY-004883,2026-08-05 09:18,SESS-001932,VIS-01933,text,French,domestic,South West,pricing,Palais Royal de Foumban & Museum,West,positive,2.8,True,False
QRY-001297,2026-08-05 09:44,SESS-000511,VIS-00512,text,French,domestic,North West,transport_fare,Limbe Wildlife Centre,South West,positive,2.2,True,False
QRY-005307,2026-08-05 09:45,SESS-002108,VIS-02109,voice_note,French,domestic,North,directions,Palais des Rois Bell (Pagode),Littoral,positive,3.6,True,False
QRY-002454,2026-08-05 10:12,SESS-000982,VIS-00983,voice_note,English,domestic,North,general_chat,,South,positive,3.1,True,False
QRY-002243,2026-08-05 10:48,SESS-000897,VIS-00898,text,French,domestic,Far North,opening_hours,Mont Febe & Golf Club,Centre,negative,2.5,True,False
QRY-002541,2026-08-05 11:20,SESS-001015,VIS-01016,text,French,foreign,South Africa,pricing,Star Land Hotel Bastos,Centre,neutral,3.6,True,False
QRY-001781,2026-08-05 11:36,SESS-000711,VIS-00712,text,English,foreign,UK,pricing,Down Beach Roasted Fish Sheds,South West,negative,2.2,True,False
QRY-000248,2026-08-05 11:43,SESS-000114,VIS-00115,voice_note,English,domestic,North West,cultural_info,Chez Carimo / Lobe Shacks,South,neutral,3.5,True,False
QRY-002480,2026-08-05 12:05,SESS-000991,VIS-00992,text,Pidgin,foreign,China,pricing,Palais Royal de Foumban & Museum,West,neutral,5.0,True,False
QRY-005850,2026-08-05 12:17,SESS-002347,VIS-02348,text,French,domestic,South West,general_chat,,Adamawa,positive,5.5,True,False
QRY-002723,2026-08-05 12:23,SESS-001077,VIS-01078,text,English,foreign,Belgium,transport_fare,Musee Maritime de Douala,Littoral,positive,2.9,True,False
QRY-005335,2026-08-05 12:24,SESS-002121,VIS-02122,text,Pidgin,domestic,North West,emergency_sos,Rue des Artisans,West,neutral,1.4,True,True
QRY-000476,2026-08-05 12:24,SESS-000201,VIS-00202,text,English,domestic,Far North,transport_fare,Limbe Wildlife Centre,South West,neutral,4.1,True,False
QRY-001033,2026-08-05 12:26,SESS-000409,VIS-00410,text,Pidgin,domestic,Centre,opening_hours,FINI Hotel Bobende,South West,positive,0.9,True,False
QRY-003842,2026-08-05 13:15,SESS-001534,VIS-01535,text,Pidgin,domestic,South,pricing,Grand Batanga & Luma Museum,South,neutral,3.0,True,False
QRY-001239,2026-08-05 13:24,SESS-000493,VIS-00494,text,Pidgin,foreign,UK,pricing,Down Beach & Batoke Beach,South West,positive,4.7,True,False
QRY-005373,2026-08-05 13:32,SESS-002135,VIS-02136,text,French,domestic,South,opening_hours,Mvog-Betsi Zoo & Botanical Garden,Centre,neutral,3.6,True,False
QRY-002052,2026-08-05 13:47,SESS-000817,VIS-00818,text,French,domestic,Adamawa,pricing,Rue des Artisans,West,neutral,4.5,True,False
QRY-000993,2026-08-05 14:09,SESS-000392,VIS-00393,text,French,foreign,Belgium,pricing,Marche Sandaga & Deido Soya,Littoral,neutral,1.4,True,False
QRY-002786,2026-08-05 14:14,SESS-001098,VIS-01099,text,English,domestic,North,directions,Plage de Kribi (Tara Plage),South,neutral,4.6,True,False
QRY-001415,2026-08-05 14:15,SESS-000566,VIS-00567,voice_note,English,domestic,North,cultural_info,Chez Wou & La Salsa,Centre,positive,1.9,True,False
QRY-003241,2026-08-05 14:16,SESS-001298,VIS-01299,text,French,domestic,West,opening_hours,Chez Carimo / Lobe Shacks,South,neutral,4.0,True,False
QRY-003050,2026-08-05 14:27,SESS-001207,VIS-01208,voice_note,French,domestic,West,opening_hours,FINI Hotel Bobende,South West,positive,5.9,True,False
QRY-004906,2026-08-05 15:05,SESS-001940,VIS-01941,voice_note,French,domestic,Centre,emergency_sos,Down Beach & Batoke Beach,South West,negative,2.3,True,True
QRY-002601,2026-08-05 15:18,SESS-001034,VIS-01035,text,French,foreign,USA,cultural_info,Musee Maritime de Douala,Littoral,positive,3.9,True,False
QRY-000071,2026-08-05 15:20,SESS-000030,VIS-00031,text,English,domestic,South West,directions,Marche Sandaga & Deido Soya,Littoral,positive,3.7,True,False
QRY-005998,2026-08-05 15:26,SESS-002402,VIS-02403,voice_note,English,domestic,Far North,opening_hours,Hotel Zingana,West,positive,4.3,True,False
QRY-000575,2026-08-05 16:04,SESS-000244,VIS-00245,text,Pidgin,domestic,Littoral,booking_interest,Les Gites de Kribi,South,neutral,5.4,True,False
QRY-004901,2026-08-05 16:10,SESS-001939,VIS-01940,text,French,foreign,Canada,directions,West Region Gastronomy Spots,West,neutral,3.0,True,False
QRY-004631,2026-08-05 16:21,SESS-001828,VIS-01829,text,French,foreign,USA,transport_fare,Mont Febe & Golf Club,Centre,neutral,1.3,True,False
QRY-005944,2026-08-05 16:23,SESS-002383,VIS-02384,voice_note,English,domestic,South,pricing,Limbe Botanic Garden,South West,negative,4.2,True,False
QRY-003824,2026-08-05 16:39,SESS-001523,VIS-01524,voice_note,English,foreign,Chad,opening_hours,Chez Carimo / Lobe Shacks,South,negative,2.5,True,False
QRY-004181,2026-08-05 16:56,SESS-001651,VIS-01652,text,French,foreign,Nigeria,pricing,L'Ovalie & La Fourchette,Littoral,neutral,3.4,True,False
QRY-005684,2026-08-05 17:06,SESS-002266,VIS-02267,text,French,domestic,East,pricing,Rue des Artisans,West,neutral,3.6,True,False
QRY-005929,2026-08-05 17:39,SESS-002378,VIS-02379,text,French,foreign,Gabon,directions,Artisanal Village & Flower Market,Littoral,positive,3.0,True,False
QRY-002273,2026-08-05 18:02,SESS-000907,VIS-00908,text,English,foreign,Canada,pricing,Star Land Hotel Bastos,Centre,neutral,3.9,True,False
QRY-002502,2026-08-05 18:13,SESS-000997,VIS-00998,text,French,foreign,Nigeria,directions,Hotel Zingana,West,neutral,4.2,True,False
QRY-005156,2026-08-05 18:14,SESS-002043,VIS-02044,text,French,foreign,Canada,pricing,Pullman Douala Rabingha,Littoral,neutral,3.0,True,False
QRY-003152,2026-08-05 18:27,SESS-001259,VIS-01260,voice_note,English,foreign,South Africa,transport_fare,Plage de Kribi (Tara Plage),South,neutral,3.7,True,False
QRY-003921,2026-08-05 18:36,SESS-001558,VIS-01559,voice_note,English,foreign,Germany,booking_interest,Palais Royal de Foumban & Museum,West,neutral,2.9,True,False
QRY-005005,2026-08-05 18:38,SESS-001977,VIS-01978,text,English,foreign,Gabon,pricing,Krystal Palace Douala,Littoral,neutral,2.5,True,False
QRY-001021,2026-08-05 18:43,SESS-000402,VIS-00403,text,French,domestic,North West,opening_hours,Plage de Kribi (Tara Plage),South,positive,4.2,True,False
QRY-005805,2026-08-05 18:49,SESS-002324,VIS-02325,text,French,domestic,North,directions,Krystal Palace Douala,Littoral,neutral,2.9,True,False
QRY-000360,2026-08-05 18:59,SESS-000158,VIS-00159,voice_note,French,domestic,Littoral,pricing,Pullman Douala Rabingha,Littoral,neutral,1.5,True,False
QRY-001310,2026-08-05 19:00,SESS-000514,VIS-00515,voice_note,English,foreign,Nigeria,cultural_info,Bimbia Slave Trade Port,South West,neutral,3.4,True,False
QRY-004853,2026-08-05 19:11,SESS-001915,VIS-01916,text,French,domestic,North West,transport_fare,Mont Febe & Golf Club,Centre,neutral,3.8,True,False
QRY-005468,2026-08-05 19:13,SESS-002174,VIS-02175,text,English,foreign,USA,pricing,Palais Royal de Foumban & Museum,West,neutral,1.6,True,False
QRY-000825,2026-08-05 19:33,SESS-000324,VIS-00325,text,English,foreign,France,general_chat,,East,neutral,2.9,True,False
QRY-004141,2026-08-05 19:58,SESS-001636,VIS-01637,voice_note,English,domestic,Centre,cultural_info,Chez Wou & La Salsa,Centre,positive,2.9,True,False
QRY-005470,2026-08-05 20:12,SESS-002176,VIS-02177,voice_note,French,domestic,North,general_chat,,Littoral,neutral,3.4,True,False
QRY-003789,2026-08-05 20:42,SESS-001512,VIS-01513,voice_note,French,foreign,Equatorial Guinea,cultural_info,L'Ovalie & La Fourchette,Littoral,positive,2.8,True,False
QRY-000590,2026-08-05 20:53,SESS-000247,VIS-00248,text,French,foreign,Chad,transport_fare,FINI Hotel Bobende,South West,negative,4.2,True,False
QRY-002703,2026-08-05 21:08,SESS-001066,VIS-01067,text,French,domestic,Far North,directions,FINI Hotel Bobende,South West,neutral,3.6,False,False
QRY-005704,2026-08-05 21:20,SESS-002273,VIS-02274,text,French,foreign,USA,pricing,Down Beach & Batoke Beach,South West,neutral,3.6,True,False
QRY-002700,2026-08-05 21:47,SESS-001065,VIS-01066,voice_note,French,foreign,Gabon,transport_fare,Monument de la Reunification,Centre,negative,2.2,True,False
QRY-001624,2026-08-05 22:01,SESS-000643,VIS-00644,text,French,foreign,UK,general_chat,,West,neutral,3.7,True,False
QRY-003659,2026-08-05 22:02,SESS-001452,VIS-01453,text,French,domestic,South,general_chat,,Littoral,positive,2.7,True,False
QRY-005680,2026-08-05 22:13,SESS-002265,VIS-02266,text,French,foreign,Belgium,directions,Chez Wou & La Salsa,Centre,positive,2.4,True,False
QRY-005404,2026-08-05 22:54,SESS-002144,VIS-02145,voice_note,English,domestic,South,cultural_info,Limbe Botanic Garden,South West,positive,1.8,True,False
QRY-005202,2026-08-06 06:25,SESS-002062,VIS-02063,text,French,domestic,South West,cultural_info,Grand Batanga & Luma Museum,South,positive,3.7,True,False
QRY-004147,2026-08-06 06:30,SESS-001638,VIS-01639,text,French,domestic,South,directions,Hilton Yaounde,Centre,positive,3.4,True,False
QRY-001338,2026-08-06 06:33,SESS-000530,VIS-00531,voice_note,French,domestic,East,transport_fare,Grand Batanga & Luma Museum,South,neutral,3.5,True,False
QRY-005130,2026-08-06 06:46,SESS-002027,VIS-02028,text,Pidgin,domestic,West,general_chat,,Adamawa,neutral,3.9,True,False
QRY-000063,2026-08-06 06:57,SESS-000025,VIS-00026,text,English,foreign,France,cultural_info,L'Ovalie & La Fourchette,Littoral,positive,3.8,True,False
QRY-005728,2026-08-06 07:22,SESS-002286,VIS-02287,text,English,domestic,Far North,cultural_info,West Region Gastronomy Spots,West,neutral,1.3,True,False
QRY-002295,2026-08-06 08:06,SESS-000913,VIS-00914,text,English,domestic,North,emergency_sos,Grand Batanga & Luma Museum,South,neutral,1.8,True,True
QRY-001340,2026-08-06 08:23,SESS-000530,VIS-00531,text,French,domestic,Adamawa,directions,West Region Gastronomy Spots,West,positive,4.1,True,False
QRY-002023,2026-08-06 08:25,SESS-000804,VIS-00805,text,Pidgin,domestic,East,opening_hours,Rue des Artisans,West,neutral,3.9,True,False
QRY-002056,2026-08-06 08:30,SESS-000819,VIS-00820,text,English,foreign,South Africa,transport_fare,Pullman Douala Rabingha,Littoral,negative,5.1,True,False
QRY-003786,2026-08-06 08:41,SESS-001510,VIS-01511,voice_note,French,domestic,North,directions,Star Land Hotel Bastos,Centre,positive,3.3,True,False
QRY-003616,2026-08-06 09:03,SESS-001436,VIS-01437,text,English,domestic,Far North,cultural_info,Campo Ma'an National Park,South,negative,2.5,True,False
QRY-001583,2026-08-06 09:06,SESS-000627,VIS-00628,voice_note,Pidgin,domestic,Centre,cultural_info,Campo Ma'an National Park,South,neutral,4.7,True,False
QRY-001731,2026-08-06 09:15,SESS-000691,VIS-00692,text,French,foreign,Belgium,pricing,Limbe Wildlife Centre,South West,neutral,3.6,True,False
QRY-002753,2026-08-06 09:31,SESS-001087,VIS-01088,text,Pidgin,domestic,Adamawa,directions,Bimbia Slave Trade Port,South West,positive,4.5,True,False
QRY-002381,2026-08-06 09:42,SESS-000953,VIS-00954,voice_note,English,domestic,West,directions,Musee Maritime de Douala,Littoral,neutral,3.2,False,False
QRY-003995,2026-08-06 10:20,SESS-001583,VIS-01584,text,English,domestic,South West,transport_fare,Mont Febe & Golf Club,Centre,neutral,4.1,True,False
QRY-005835,2026-08-06 10:39,SESS-002338,VIS-02339,voice_note,French,foreign,France,directions,Monument de la Reunification,Centre,neutral,3.3,True,False
QRY-004806,2026-08-06 10:42,SESS-001899,VIS-01900,voice_note,French,domestic,North West,transport_fare,Down Beach Roasted Fish Sheds,South West,neutral,4.4,True,False
QRY-002924,2026-08-06 10:44,SESS-001153,VIS-01154,text,English,domestic,Littoral,pricing,Down Beach & Batoke Beach,South West,negative,3.0,True,False
QRY-002445,2026-08-06 11:00,SESS-000976,VIS-00977,voice_note,French,domestic,West,opening_hours,Palais Royal de Foumban & Museum,West,positive,2.7,True,False
QRY-002846,2026-08-06 11:14,SESS-001119,VIS-01120,text,Pidgin,domestic,East,transport_fare,Chez Carimo / Lobe Shacks,South,neutral,3.9,True,False
QRY-003009,2026-08-06 11:26,SESS-001184,VIS-01185,voice_note,English,foreign,Belgium,pricing,Domaine du Petpenoun,West,positive,5.1,True,False
QRY-000281,2026-08-06 12:08,SESS-000128,VIS-00129,text,English,domestic,South West,cultural_info,Chez Wou & La Salsa,Centre,positive,2.9,True,False
QRY-004296,2026-08-06 12:12,SESS-001689,VIS-01690,text,French,domestic,North West,booking_interest,Chez Wou & La Salsa,Centre,neutral,3.5,True,False
QRY-000153,2026-08-06 12:21,SESS-000070,VIS-00071,text,Pidgin,domestic,Centre,directions,Marche Sandaga & Deido Soya,Littoral,neutral,4.0,True,False
QRY-006168,2026-08-06 12:29,SESS-002461,VIS-02462,text,French,foreign,Chad,directions,Marche Sandaga & Deido Soya,Littoral,positive,2.5,True,False
QRY-000591,2026-08-06 12:42,SESS-000247,VIS-00248,voice_note,French,foreign,Germany,directions,Musee National de Yaounde,Centre,positive,1.6,True,False
QRY-001683,2026-08-06 12:48,SESS-000673,VIS-00674,voice_note,English,domestic,East,cultural_info,Krystal Palace Douala,Littoral,positive,3.1,True,False
QRY-000393,2026-08-06 13:09,SESS-000172,VIS-00173,text,French,domestic,Centre,opening_hours,Chez Wou & La Salsa,Centre,positive,3.0,True,False
QRY-006089,2026-08-06 13:29,SESS-002429,VIS-02430,text,French,foreign,UK,booking_interest,Star Land Hotel Bastos,Centre,positive,3.0,True,False
QRY-001305,2026-08-06 14:01,SESS-000511,VIS-00512,text,Pidgin,domestic,Far North,booking_interest,Limbe Botanic Garden,South West,positive,3.0,True,False
QRY-005278,2026-08-06 14:09,SESS-002096,VIS-02097,text,English,domestic,East,booking_interest,Chez Carimo / Lobe Shacks,South,negative,3.1,True,False
QRY-003726,2026-08-06 14:25,SESS-001481,VIS-01482,text,French,domestic,East,opening_hours,Domaine du Petpenoun,West,positive,2.4,True,False
QRY-004662,2026-08-06 14:31,SESS-001844,VIS-01845,voice_note,French,domestic,East,transport_fare,Hilton Yaounde,Centre,neutral,1.9,True,False
QRY-000897,2026-08-06 14:31,SESS-000354,VIS-00355,voice_note,French,domestic,Adamawa,transport_fare,Musee Maritime de Douala,Littoral,positive,3.5,True,False
QRY-005843,2026-08-06 14:51,SESS-002342,VIS-02343,voice_note,French,domestic,East,pricing,Mont Febe & Golf Club,Centre,neutral,3.3,True,False
QRY-006113,2026-08-06 14:51,SESS-002438,VIS-02439,text,French,foreign,UK,directions,Palais Royal de Foumban & Museum,West,neutral,2.9,True,False
QRY-002951,2026-08-06 15:13,SESS-001163,VIS-01164,text,English,domestic,Littoral,cultural_info,Plage de Kribi (Tara Plage),South,positive,2.5,True,False
QRY-000518,2026-08-06 15:18,SESS-000219,VIS-00220,text,English,foreign,France,general_chat,,Adamawa,positive,2.9,True,False
QRY-005945,2026-08-06 15:30,SESS-002383,VIS-02384,text,French,domestic,West,transport_fare,Limbe Botanic Garden,South West,positive,4.3,True,False
QRY-000477,2026-08-06 15:43,SESS-000202,VIS-00203,voice_note,English,foreign,Equatorial Guinea,directions,Chez Wou & La Salsa,Centre,positive,2.7,True,False
QRY-006133,2026-08-06 15:51,SESS-002446,VIS-02447,text,Pidgin,domestic,South West,pricing,Campo Ma'an National Park,South,positive,3.3,True,False
QRY-004534,2026-08-06 16:22,SESS-001790,VIS-01791,voice_note,French,foreign,USA,booking_interest,Limbe Botanic Garden,South West,neutral,4.0,True,False
QRY-000612,2026-08-06 16:30,SESS-000254,VIS-00255,text,French,domestic,North West,opening_hours,Star Land Hotel Bastos,Centre,positive,3.3,True,False
QRY-003236,2026-08-06 16:33,SESS-001296,VIS-01297,voice_note,English,domestic,Littoral,cultural_info,Les Gites de Kribi,South,positive,3.9,True,False
QRY-000196,2026-08-06 17:06,SESS-000090,VIS-00091,text,French,domestic,East,general_chat,,Centre,neutral,3.3,True,False
QRY-001425,2026-08-06 17:39,SESS-000571,VIS-00572,text,French,foreign,UK,pricing,Monument de la Reunification,Centre,negative,4.2,True,False
QRY-005578,2026-08-06 17:40,SESS-002224,VIS-02225,text,French,foreign,Canada,general_chat,,North West,neutral,2.3,True,False
QRY-003361,2026-08-06 18:56,SESS-001346,VIS-01347,text,English,foreign,France,directions,Les Gites de Kribi,South,neutral,3.1,True,False
QRY-005441,2026-08-06 19:31,SESS-002166,VIS-02167,text,Pidgin,foreign,Gabon,directions,Les Gites de Kribi,South,positive,3.1,True,False
QRY-001478,2026-08-06 19:31,SESS-000593,VIS-00594,voice_note,English,domestic,South,transport_fare,Down Beach Roasted Fish Sheds,South West,neutral,3.6,True,False
QRY-004313,2026-08-06 19:37,SESS-001699,VIS-01700,text,English,domestic,South West,transport_fare,Plage de Kribi (Tara Plage),South,neutral,2.6,True,False
QRY-000800,2026-08-06 19:39,SESS-000316,VIS-00317,text,English,domestic,Adamawa,general_chat,,West,negative,1.9,True,False
QRY-000454,2026-08-06 19:46,SESS-000195,VIS-00196,text,English,foreign,Gabon,booking_interest,Chutes de la Lobe,South,neutral,2.9,True,False
QRY-001509,2026-08-06 20:00,SESS-000605,VIS-00606,text,English,domestic,Far North,opening_hours,Hilton Yaounde,Centre,positive,1.7,True,False
QRY-001394,2026-08-06 20:11,SESS-000554,VIS-00555,voice_note,French,domestic,Littoral,booking_interest,Chutes de la Lobe,South,neutral,3.5,True,False
QRY-002250,2026-08-06 20:16,SESS-000900,VIS-00901,text,English,foreign,South Africa,cultural_info,Plage de Kribi (Tara Plage),South,neutral,4.4,True,False
QRY-002774,2026-08-06 20:17,SESS-001095,VIS-01096,text,Pidgin,domestic,Far North,cultural_info,Chez Wou & La Salsa,Centre,positive,1.1,True,False
QRY-004282,2026-08-06 20:23,SESS-001685,VIS-01686,text,English,domestic,North West,booking_interest,Chez Carimo / Lobe Shacks,South,positive,2.8,True,False
QRY-005083,2026-08-06 20:24,SESS-002011,VIS-02012,text,French,domestic,South West,directions,Les Gites de Kribi,South,neutral,2.1,True,False
QRY-002903,2026-08-06 20:34,SESS-001145,VIS-01146,voice_note,English,domestic,North,booking_interest,Krystal Palace Douala,Littoral,positive,3.3,False,False
QRY-001424,2026-08-06 20:45,SESS-000570,VIS-00571,text,English,foreign,Belgium,pricing,Chez Carimo / Lobe Shacks,South,positive,4.8,True,False
QRY-003052,2026-08-06 20:59,SESS-001208,VIS-01209,text,Pidgin,domestic,Adamawa,transport_fare,Plage de Kribi (Tara Plage),South,neutral,4.6,True,False
QRY-004311,2026-08-06 21:25,SESS-001698,VIS-01699,text,French,domestic,West,cultural_info,Chez Carimo / Lobe Shacks,South,neutral,3.9,True,False
QRY-004964,2026-08-06 21:43,SESS-001959,VIS-01960,voice_note,English,foreign,Germany,opening_hours,Hilton Yaounde,Centre,neutral,3.3,True,False
QRY-005318,2026-08-06 21:45,SESS-002113,VIS-02114,text,English,foreign,Canada,booking_interest,Hotel Zingana,West,neutral,2.3,True,False
QRY-001500,2026-08-06 21:48,SESS-000599,VIS-00600,voice_note,English,domestic,Adamawa,cultural_info,Marche Sandaga & Deido Soya,Littoral,neutral,2.2,True,False
QRY-005982,2026-08-06 21:48,SESS-002398,VIS-02399,text,Pidgin,foreign,China,transport_fare,Monument de la Reunification,Centre,neutral,3.1,True,False
QRY-003532,2026-08-06 21:53,SESS-001405,VIS-01406,text,French,foreign,Equatorial Guinea,pricing,Mount Cameroon (Upper Farms),South West,positive,4.2,True,False
QRY-002757,2026-08-07 06:04,SESS-001088,VIS-01089,voice_note,English,domestic,North West,pricing,Hotel Zingana,West,positive,4.5,True,False
QRY-003365,2026-08-07 06:22,SESS-001346,VIS-01347,voice_note,French,domestic,East,opening_hours,Chez Wou & La Salsa,Centre,positive,3.9,True,False
QRY-003577,2026-08-07 06:37,SESS-001423,VIS-01424,text,French,foreign,USA,pricing,Bimbia Slave Trade Port,South West,neutral,4.3,True,False
QRY-004606,2026-08-07 06:38,SESS-001821,VIS-01822,text,French,domestic,Littoral,directions,Chez Carimo / Lobe Shacks,South,neutral,1.9,True,False
QRY-005707,2026-08-07 06:44,SESS-002275,VIS-02276,voice_note,French,domestic,Adamawa,booking_interest,Rue des Artisans,West,positive,2.4,True,False
QRY-000416,2026-08-07 06:54,SESS-000178,VIS-00179,voice_note,French,domestic,North West,transport_fare,Hotel Ilomba,South,negative,3.5,True,False
QRY-004644,2026-08-07 07:04,SESS-001836,VIS-01837,text,French,domestic,Far North,cultural_info,Mount Cameroon (Upper Farms),South West,neutral,2.7,True,False
QRY-004186,2026-08-07 07:49,SESS-001654,VIS-01655,voice_note,English,foreign,South Africa,booking_interest,Mefou Primate Sanctuary,Centre,neutral,3.2,True,False
QRY-003203,2026-08-07 07:53,SESS-001281,VIS-01282,text,English,domestic,South,directions,Bimbia Slave Trade Port,South West,positive,3.6,True,False
QRY-005174,2026-08-07 08:16,SESS-002052,VIS-02053,text,French,domestic,North West,booking_interest,Palais Royal de Foumban & Museum,West,positive,4.7,True,False
QRY-003437,2026-08-07 08:21,SESS-001372,VIS-01373,text,French,domestic,South West,booking_interest,Hilton Yaounde,Centre,neutral,2.5,True,False
QRY-000035,2026-08-07 08:33,SESS-000013,VIS-00014,text,French,domestic,North,pricing,Limbe Wildlife Centre,South West,negative,3.9,True,False
QRY-000599,2026-08-07 09:40,SESS-000250,VIS-00251,text,English,foreign,Germany,opening_hours,Bimbia Slave Trade Port,South West,positive,3.3,False,False
QRY-004434,2026-08-07 09:43,SESS-001745,VIS-01746,text,French,domestic,West,directions,FINI Hotel Bobende,South West,neutral,4.1,True,False
QRY-003069,2026-08-07 09:53,SESS-001218,VIS-01219,text,French,foreign,China,pricing,Mvog-Betsi Zoo & Botanical Garden,Centre,neutral,3.9,True,False
QRY-002105,2026-08-07 09:58,SESS-000837,VIS-00838,text,French,domestic,North West,transport_fare,Artisanal Village & Flower Market,Littoral,neutral,3.3,True,False
QRY-002102,2026-08-07 10:11,SESS-000836,VIS-00837,text,French,domestic,South,directions,L'Ovalie & La Fourchette,Littoral,positive,1.8,True,False
QRY-001803,2026-08-07 10:18,SESS-000718,VIS-00719,voice_note,English,domestic,West,booking_interest,Palais Royal de Foumban & Museum,West,positive,2.6,True,False
QRY-004528,2026-08-07 10:43,SESS-001788,VIS-01789,text,English,foreign,Germany,cultural_info,Chez Wou & La Salsa,Centre,neutral,2.7,True,False
QRY-001767,2026-08-07 11:17,SESS-000707,VIS-00708,text,English,domestic,East,pricing,Hotel Ilomba,South,neutral,2.6,True,False
QRY-001872,2026-08-07 11:26,SESS-000744,VIS-00745,voice_note,Pidgin,foreign,Canada,directions,Chefferie de Bandjoun,West,neutral,2.2,True,False
QRY-002467,2026-08-07 11:29,SESS-000988,VIS-00989,text,French,domestic,East,general_chat,,South West,neutral,5.0,True,False
QRY-004554,2026-08-07 11:35,SESS-001796,VIS-01797,voice_note,French,domestic,South,directions,Palais des Rois Bell (Pagode),Littoral,neutral,3.1,True,False
QRY-000495,2026-08-07 12:32,SESS-000210,VIS-00211,text,French,domestic,Centre,directions,Mefou Primate Sanctuary,Centre,positive,3.9,True,False
QRY-001812,2026-08-07 12:34,SESS-000721,VIS-00722,text,French,foreign,Belgium,cultural_info,Hilton Yaounde,Centre,positive,4.8,True,False
QRY-005065,2026-08-07 12:38,SESS-002004,VIS-02005,text,French,domestic,Littoral,opening_hours,Down Beach Roasted Fish Sheds,South West,positive,5.2,True,False
QRY-002542,2026-08-07 13:13,SESS-001015,VIS-01016,text,English,foreign,UK,pricing,Marche Sandaga & Deido Soya,Littoral,neutral,3.3,True,False
QRY-000911,2026-08-07 13:26,SESS-000359,VIS-00360,text,English,domestic,South,directions,Musee National de Yaounde,Centre,positive,3.4,True,False
QRY-004212,2026-08-07 13:29,SESS-001667,VIS-01668,text,English,domestic,North,cultural_info,Chutes de la Lobe,South,neutral,4.1,True,False
QRY-004406,2026-08-07 13:50,SESS-001735,VIS-01736,voice_note,French,foreign,Nigeria,directions,Pullman Douala Rabingha,Littoral,neutral,2.6,True,False
QRY-001273,2026-08-07 13:51,SESS-000504,VIS-00505,voice_note,English,domestic,Littoral,pricing,Palais Royal de Foumban & Museum,West,positive,4.3,True,False
QRY-000620,2026-08-07 13:53,SESS-000256,VIS-00257,voice_note,French,foreign,Nigeria,transport_fare,Star Land Hotel Bastos,Centre,neutral,2.1,True,False
QRY-003106,2026-08-07 14:07,SESS-001237,VIS-01238,voice_note,English,foreign,Equatorial Guinea,transport_fare,Star Land Hotel Bastos,Centre,positive,4.4,True,False
QRY-005018,2026-08-07 14:12,SESS-001981,VIS-01982,text,English,domestic,South,directions,Monument de la Reunification,Centre,neutral,3.8,True,False
QRY-004148,2026-08-07 14:48,SESS-001638,VIS-01639,text,English,domestic,Centre,pricing,Mount Cameroon (Upper Farms),South West,positive,1.3,False,False
QRY-000108,2026-08-07 14:53,SESS-000050,VIS-00051,voice_note,English,foreign,Germany,pricing,Mont Febe & Golf Club,Centre,neutral,1.9,True,False
QRY-001533,2026-08-07 15:09,SESS-000611,VIS-00612,text,English,foreign,UK,cultural_info,Hotel Ilomba,South,positive,1.8,True,False
QRY-004066,2026-08-07 15:26,SESS-001609,VIS-01610,text,English,foreign,Gabon,directions,Grand Batanga & Luma Museum,South,positive,2.2,True,False
QRY-004009,2026-08-07 15:44,SESS-001586,VIS-01587,text,English,domestic,Far North,opening_hours,Chutes d'Ekom Nkam,Littoral,neutral,3.9,False,False
QRY-003436,2026-08-07 15:58,SESS-001371,VIS-01372,text,French,foreign,USA,transport_fare,Plage de Kribi (Tara Plage),South,positive,3.1,True,False
QRY-004550,2026-08-07 16:18,SESS-001795,VIS-01796,text,French,domestic,Littoral,general_chat,,South West,positive,3.2,True,False
QRY-004199,2026-08-07 16:35,SESS-001660,VIS-01661,text,Pidgin,domestic,Littoral,pricing,Limbe Botanic Garden,South West,neutral,3.9,True,False
QRY-005860,2026-08-07 16:42,SESS-002351,VIS-02352,text,French,domestic,North,directions,Musee Maritime de Douala,Littoral,neutral,3.1,True,False
QRY-003459,2026-08-07 16:48,SESS-001380,VIS-01381,text,Pidgin,domestic,Littoral,cultural_info,Marche Sandaga & Deido Soya,Littoral,positive,3.5,True,False
QRY-001897,2026-08-07 16:52,SESS-000757,VIS-00758,voice_note,French,domestic,Adamawa,pricing,Monument de la Reunification,Centre,neutral,3.1,True,False
QRY-004169,2026-08-07 17:14,SESS-001646,VIS-01647,voice_note,English,domestic,Adamawa,cultural_info,Hotel Zingana,West,positive,2.5,True,False
QRY-005713,2026-08-07 17:31,SESS-002278,VIS-02279,text,French,domestic,East,booking_interest,Seme Beach Hotel,South West,neutral,3.2,True,False
QRY-005228,2026-08-07 17:35,SESS-002072,VIS-02073,text,French,domestic,South,booking_interest,Les Gites de Kribi,South,neutral,2.4,True,False
QRY-006160,2026-08-07 17:35,SESS-002459,VIS-02460,text,Pidgin,domestic,East,booking_interest,Chefferie de Bandjoun,West,positive,1.9,True,False
QRY-005806,2026-08-07 18:36,SESS-002325,VIS-02326,text,Pidgin,domestic,East,emergency_sos,Les Gites de Kribi,South,negative,1.6,True,True
QRY-005811,2026-08-07 19:03,SESS-002328,VIS-02329,text,French,domestic,Littoral,opening_hours,FINI Hotel Bobende,South West,positive,4.6,True,False
QRY-002721,2026-08-07 19:03,SESS-001077,VIS-01078,text,Pidgin,domestic,Adamawa,directions,Seme Beach Hotel,South West,neutral,2.5,True,False
QRY-005322,2026-08-07 19:45,SESS-002114,VIS-02115,voice_note,Pidgin,domestic,North West,pricing,Chez Carimo / Lobe Shacks,South,neutral,3.5,True,False
QRY-004458,2026-08-07 20:04,SESS-001753,VIS-01754,voice_note,English,domestic,Adamawa,opening_hours,Hilton Yaounde,Centre,neutral,3.9,True,False
QRY-000719,2026-08-07 20:14,SESS-000287,VIS-00288,text,English,foreign,France,directions,FINI Hotel Bobende,South West,neutral,3.6,True,False
QRY-002007,2026-08-07 20:20,SESS-000797,VIS-00798,text,French,domestic,South,pricing,Les Gites de Kribi,South,positive,3.4,True,False
QRY-002955,2026-08-07 20:39,SESS-001165,VIS-01166,text,French,foreign,Equatorial Guinea,transport_fare,Hotel Ilomba,South,negative,4.8,True,False
QRY-002269,2026-08-07 21:03,SESS-000906,VIS-00907,text,Pidgin,domestic,Littoral,opening_hours,Monument de la Reunification,Centre,neutral,3.7,True,False
QRY-001648,2026-08-07 22:13,SESS-000657,VIS-00658,voice_note,French,domestic,Littoral,pricing,Chez Wou & La Salsa,Centre,positive,3.4,True,False
QRY-001490,2026-08-08 06:15,SESS-000596,VIS-00597,text,Pidgin,domestic,West,opening_hours,Palais des Rois Bell (Pagode),Littoral,neutral,3.8,True,False
QRY-001687,2026-08-08 06:44,SESS-000676,VIS-00677,voice_note,English,domestic,Far North,cultural_info,Mvog-Betsi Zoo & Botanical Garden,Centre,positive,1.6,True,False
QRY-004895,2026-08-08 07:11,SESS-001936,VIS-01937,text,Pidgin,foreign,Chad,opening_hours,Bimbia Slave Trade Port,South West,neutral,3.2,True,False
QRY-006162,2026-08-08 07:14,SESS-002460,VIS-02461,text,French,domestic,West,directions,Plage de Kribi (Tara Plage),South,negative,3.8,True,False
QRY-002318,2026-08-08 07:24,SESS-000925,VIS-00926,text,French,domestic,North,directions,Star Land Hotel Bastos,Centre,positive,4.8,True,False
QRY-003887,2026-08-08 07:46,SESS-001547,VIS-01548,text,French,foreign,Canada,directions,Pullman Douala Rabingha,Littoral,neutral,3.3,True,False
QRY-005900,2026-08-08 07:56,SESS-002365,VIS-02366,text,French,foreign,France,cultural_info,Grand Batanga & Luma Museum,South,positive,2.3,True,False
QRY-004557,2026-08-08 07:57,SESS-001799,VIS-01800,text,English,domestic,Centre,directions,Musee National de Yaounde,Centre,positive,2.7,True,False
QRY-001336,2026-08-08 08:05,SESS-000530,VIS-00531,text,French,domestic,South West,opening_hours,Artisanal Village & Flower Market,Littoral,neutral,2.0,True,False
QRY-003637,2026-08-08 08:07,SESS-001442,VIS-01443,voice_note,French,foreign,Gabon,directions,Limbe Wildlife Centre,South West,positive,3.5,True,False
QRY-002399,2026-08-08 08:38,SESS-000960,VIS-00961,voice_note,French,domestic,North,booking_interest,Hotel Zingana,West,neutral,4.1,True,False
QRY-003435,2026-08-08 08:38,SESS-001370,VIS-01371,text,English,foreign,France,opening_hours,Musee National de Yaounde,Centre,neutral,3.1,True,False
QRY-000625,2026-08-08 08:47,SESS-000258,VIS-00259,text,English,domestic,North,general_chat,,West,negative,2.7,True,False
QRY-001389,2026-08-08 09:19,SESS-000552,VIS-00553,text,English,foreign,China,emergency_sos,Musee National de Yaounde,Centre,negative,1.2,True,True
QRY-002229,2026-08-08 09:21,SESS-000890,VIS-00891,text,English,domestic,Centre,directions,Palais des Rois Bell (Pagode),Littoral,positive,3.5,True,False
QRY-002189,2026-08-08 09:22,SESS-000871,VIS-00872,voice_note,English,domestic,South,opening_hours,Les Gites de Kribi,South,neutral,4.5,True,False
QRY-001970,2026-08-08 10:02,SESS-000785,VIS-00786,text,English,foreign,Nigeria,opening_hours,Chez Wou & La Salsa,Centre,neutral,1.8,True,False
QRY-002071,2026-08-08 10:32,SESS-000826,VIS-00827,voice_note,English,domestic,Centre,booking_interest,Palais des Rois Bell (Pagode),Littoral,neutral,3.0,True,False
QRY-004854,2026-08-08 11:12,SESS-001915,VIS-01916,voice_note,Pidgin,domestic,South West,general_chat,,South,positive,3.6,True,False
QRY-000837,2026-08-08 11:16,SESS-000330,VIS-00331,text,French,domestic,North West,booking_interest,Monument de la Reunification,Centre,positive,3.2,True,False
QRY-001627,2026-08-08 11:17,SESS-000645,VIS-00646,text,English,foreign,Chad,opening_hours,Artisanal Village & Flower Market,Littoral,positive,2.4,True,False
QRY-001331,2026-08-08 11:27,SESS-000529,VIS-00530,text,English,foreign,UK,cultural_info,L'Ovalie & La Fourchette,Littoral,neutral,2.9,True,False
QRY-005961,2026-08-08 12:25,SESS-002390,VIS-02391,text,Pidgin,domestic,South West,pricing,Palais Royal de Foumban & Museum,West,positive,1.3,True,False
QRY-000863,2026-08-08 12:58,SESS-000340,VIS-00341,text,English,domestic,West,booking_interest,Chutes de la Lobe,South,positive,4.8,True,False
QRY-004865,2026-08-08 13:15,SESS-001923,VIS-01924,text,French,domestic,North West,directions,Mont Febe & Golf Club,Centre,neutral,3.9,True,False
QRY-001994,2026-08-08 13:23,SESS-000791,VIS-00792,voice_note,French,domestic,East,directions,Mvog-Betsi Zoo & Botanical Garden,Centre,neutral,5.8,True,False
QRY-000785,2026-08-08 13:43,SESS-000311,VIS-00312,voice_note,French,foreign,China,booking_interest,Musee National de Yaounde,Centre,neutral,3.5,True,False
QRY-002993,2026-08-08 13:51,SESS-001181,VIS-01182,voice_note,English,domestic,Far North,transport_fare,Limbe Wildlife Centre,South West,positive,3.4,True,False
QRY-005056,2026-08-08 13:59,SESS-001998,VIS-01999,text,French,domestic,Centre,emergency_sos,Chefferie de Bandjoun,West,neutral,1.1,True,True
QRY-003935,2026-08-08 14:00,SESS-001562,VIS-01563,text,Pidgin,domestic,South West,transport_fare,Limbe Wildlife Centre,South West,positive,4.4,True,False
QRY-000955,2026-08-08 14:02,SESS-000378,VIS-00379,voice_note,French,domestic,West,directions,Star Land Hotel Bastos,Centre,neutral,3.9,True,False
QRY-004082,2026-08-08 14:54,SESS-001615,VIS-01616,voice_note,French,foreign,China,transport_fare,Monument de la Reunification,Centre,neutral,3.1,True,False
QRY-005665,2026-08-08 15:01,SESS-002260,VIS-02261,text,English,domestic,North,cultural_info,Chez Carimo / Lobe Shacks,South,neutral,2.7,True,False
QRY-004291,2026-08-08 15:03,SESS-001687,VIS-01688,text,French,domestic,Far North,directions,Mont Febe & Golf Club,Centre,neutral,4.1,True,False
QRY-003776,2026-08-08 15:48,SESS-001506,VIS-01507,text,English,domestic,South,directions,Mont Febe & Golf Club,Centre,negative,4.6,True,False
QRY-001412,2026-08-08 16:30,SESS-000565,VIS-00566,voice_note,French,foreign,Canada,directions,Seme Beach Hotel,South West,neutral,3.4,True,False
QRY-003747,2026-08-08 16:30,SESS-001492,VIS-01493,voice_note,French,foreign,Gabon,booking_interest,Limbe Wildlife Centre,South West,positive,3.7,True,False
QRY-000647,2026-08-08 16:49,SESS-000265,VIS-00266,voice_note,French,foreign,France,directions,Les Gites de Kribi,South,neutral,1.9,True,False
QRY-003032,2026-08-08 17:03,SESS-001195,VIS-01196,voice_note,French,foreign,France,general_chat,,Centre,positive,3.0,True,False
QRY-001213,2026-08-08 17:06,SESS-000481,VIS-00482,text,French,domestic,Adamawa,transport_fare,Mefou Primate Sanctuary,Centre,neutral,4.0,True,False
QRY-004896,2026-08-08 17:10,SESS-001936,VIS-01937,text,English,foreign,UK,pricing,FINI Hotel Bobende,South West,positive,3.6,True,False
QRY-005194,2026-08-08 17:34,SESS-002059,VIS-02060,text,French,domestic,North West,cultural_info,Rue des Artisans,West,neutral,3.6,False,False
QRY-002143,2026-08-08 17:39,SESS-000851,VIS-00852,text,French,domestic,South,directions,Bimbia Slave Trade Port,South West,neutral,3.3,True,False
QRY-003578,2026-08-08 17:48,SESS-001423,VIS-01424,text,French,domestic,Littoral,cultural_info,Hotel Ilomba,South,positive,4.2,True,False
QRY-001078,2026-08-08 17:55,SESS-000425,VIS-00426,voice_note,English,domestic,South,booking_interest,Chez Wou & La Salsa,Centre,neutral,2.3,True,False
QRY-001702,2026-08-08 18:24,SESS-000679,VIS-00680,text,French,domestic,Littoral,booking_interest,Mont Febe & Golf Club,Centre,neutral,3.3,True,False
QRY-003737,2026-08-08 18:33,SESS-001486,VIS-01487,text,English,foreign,Belgium,booking_interest,Star Land Hotel Bastos,Centre,positive,3.5,True,False
QRY-005420,2026-08-08 18:39,SESS-002155,VIS-02156,text,French,domestic,South,booking_interest,Artisanal Village & Flower Market,Littoral,positive,3.5,True,False
QRY-005390,2026-08-08 18:40,SESS-002139,VIS-02140,voice_note,English,foreign,Nigeria,opening_hours,Hilton Yaounde,Centre,neutral,2.0,True,False
QRY-004137,2026-08-08 18:48,SESS-001634,VIS-01635,text,French,domestic,West,cultural_info,Chez Carimo / Lobe Shacks,South,neutral,4.4,True,False
QRY-002884,2026-08-08 18:54,SESS-001138,VIS-01139,text,English,foreign,Chad,opening_hours,Limbe Botanic Garden,South West,neutral,3.4,True,False
QRY-002888,2026-08-08 19:20,SESS-001139,VIS-01140,text,English,domestic,South,booking_interest,Down Beach & Batoke Beach,South West,positive,5.2,True,False
QRY-005962,2026-08-08 19:22,SESS-002390,VIS-02391,voice_note,English,foreign,China,cultural_info,Krystal Palace Douala,Littoral,positive,1.4,True,False
QRY-003787,2026-08-08 19:39,SESS-001511,VIS-01512,text,English,domestic,Adamawa,booking_interest,Star Land Hotel Bastos,Centre,neutral,2.8,True,False
QRY-002448,2026-08-08 19:56,SESS-000979,VIS-00980,text,English,foreign,Belgium,directions,FINI Hotel Bobende,South West,neutral,1.9,True,False
QRY-002188,2026-08-08 19:58,SESS-000871,VIS-00872,text,English,domestic,East,transport_fare,Limbe Botanic Garden,South West,neutral,4.5,True,False
QRY-004293,2026-08-08 20:01,SESS-001688,VIS-01689,voice_note,French,domestic,Adamawa,cultural_info,Down Beach Roasted Fish Sheds,South West,positive,2.0,True,False
QRY-002345,2026-08-08 20:13,SESS-000935,VIS-00936,text,English,domestic,North,pricing,Limbe Wildlife Centre,South West,neutral,2.7,True,False
QRY-005446,2026-08-08 20:43,SESS-002167,VIS-02168,voice_note,English,foreign,South Africa,booking_interest,Hilton Yaounde,Centre,positive,3.5,True,False
QRY-002270,2026-08-08 22:03,SESS-000906,VIS-00907,text,Pidgin,domestic,Adamawa,cultural_info,Limbe Botanic Garden,South West,neutral,3.8,True,False
QRY-005214,2026-08-08 22:21,SESS-002068,VIS-02069,text,Pidgin,domestic,Adamawa,transport_fare,Down Beach Roasted Fish Sheds,South West,positive,3.8,True,False
QRY-000411,2026-08-08 22:38,SESS-000177,VIS-00178,text,English,domestic,Littoral,general_chat,,Centre,positive,2.8,True,False
QRY-003579,2026-08-08 22:41,SESS-001423,VIS-01424,text,English,domestic,North,transport_fare,Krystal Palace Douala,Littoral,neutral,4.9,True,False
QRY-003822,2026-08-08 22:44,SESS-001523,VIS-01524,text,French,domestic,Littoral,directions,Hotel Zingana,West,neutral,2.4,True,False
QRY-003454,2026-08-08 22:44,SESS-001377,VIS-01378,text,English,foreign,Equatorial Guinea,booking_interest,Chez Carimo / Lobe Shacks,South,positive,1.1,True,False
QRY-004872,2026-08-08 22:46,SESS-001924,VIS-01925,voice_note,French,domestic,South West,pricing,Marche Sandaga & Deido Soya,Littoral,positive,3.3,True,False
QRY-001620,2026-08-09 06:33,SESS-000642,VIS-00643,text,French,domestic,Far North,opening_hours,Hilton Yaounde,Centre,positive,2.6,True,False
QRY-001867,2026-08-09 07:06,SESS-000743,VIS-00744,text,French,domestic,Littoral,pricing,FINI Hotel Bobende,South West,neutral,2.4,True,False
QRY-003107,2026-08-09 07:07,SESS-001238,VIS-01239,text,Pidgin,foreign,Canada,directions,Krystal Palace Douala,Littoral,neutral,4.3,True,False
QRY-000927,2026-08-09 07:17,SESS-000369,VIS-00370,text,Pidgin,foreign,France,pricing,L'Ovalie & La Fourchette,Littoral,negative,3.8,True,False
QRY-004987,2026-08-09 07:33,SESS-001968,VIS-01969,text,English,domestic,South West,directions,Palais Royal de Foumban & Museum,West,neutral,2.6,True,False
QRY-004777,2026-08-09 07:45,SESS-001888,VIS-01889,voice_note,French,domestic,South,booking_interest,Hilton Yaounde,Centre,neutral,3.1,True,False
QRY-000535,2026-08-09 07:56,SESS-000225,VIS-00226,text,French,domestic,South West,cultural_info,Limbe Botanic Garden,South West,neutral,3.1,True,False
QRY-003368,2026-08-09 08:18,SESS-001346,VIS-01347,voice_note,Pidgin,foreign,Nigeria,pricing,Rue des Artisans,West,positive,1.6,True,False
QRY-002696,2026-08-09 08:25,SESS-001063,VIS-01064,voice_note,English,domestic,East,directions,FINI Hotel Bobende,South West,neutral,3.0,True,False
QRY-002726,2026-08-09 08:42,SESS-001077,VIS-01078,text,French,foreign,UK,pricing,L'Ovalie & La Fourchette,Littoral,positive,3.4,True,False
QRY-005790,2026-08-09 08:43,SESS-002315,VIS-02316,text,French,domestic,West,cultural_info,Palais des Rois Bell (Pagode),Littoral,neutral,3.9,True,False
QRY-004308,2026-08-09 08:58,SESS-001697,VIS-01698,text,French,domestic,South West,opening_hours,Chutes d'Ekom Nkam,Littoral,neutral,3.3,True,False
QRY-002539,2026-08-09 09:09,SESS-001013,VIS-01014,voice_note,Pidgin,foreign,Belgium,pricing,Star Land Hotel Bastos,Centre,negative,4.6,True,False
QRY-002488,2026-08-09 09:10,SESS-000994,VIS-00995,text,French,domestic,West,booking_interest,Chefferie de Bandjoun,West,positive,4.2,True,False
QRY-005923,2026-08-09 09:16,SESS-002375,VIS-02376,text,French,domestic,North,opening_hours,Artisanal Village & Flower Market,Littoral,positive,3.3,True,False
QRY-000781,2026-08-09 09:30,SESS-000310,VIS-00311,text,French,foreign,France,directions,Bimbia Slave Trade Port,South West,negative,3.4,False,False
QRY-001159,2026-08-09 09:52,SESS-000458,VIS-00459,text,English,foreign,Chad,opening_hours,Artisanal Village & Flower Market,Littoral,neutral,2.7,True,False
QRY-002276,2026-08-09 09:59,SESS-000908,VIS-00909,text,French,domestic,South West,directions,Palais Royal de Foumban & Museum,West,positive,4.8,True,False
QRY-001275,2026-08-09 10:02,SESS-000505,VIS-00506,text,Pidgin,domestic,West,opening_hours,Marche Sandaga & Deido Soya,Littoral,positive,2.2,True,False
QRY-004619,2026-08-09 10:05,SESS-001826,VIS-01827,voice_note,French,domestic,Far North,transport_fare,Limbe Botanic Garden,South West,neutral,2.7,True,False
QRY-003679,2026-08-09 10:24,SESS-001460,VIS-01461,text,French,foreign,Equatorial Guinea,cultural_info,Chefferie de Bandjoun,West,neutral,4.8,True,False
QRY-005504,2026-08-09 10:37,SESS-002190,VIS-02191,text,French,domestic,Littoral,pricing,Musee Maritime de Douala,Littoral,negative,6.0,True,False
QRY-003843,2026-08-09 10:41,SESS-001534,VIS-01535,text,French,domestic,North,pricing,L'Ovalie & La Fourchette,Littoral,negative,4.9,True,False
QRY-005918,2026-08-09 11:02,SESS-002373,VIS-02374,text,French,domestic,Littoral,emergency_sos,Palais Royal de Foumban & Museum,West,neutral,1.3,True,True
QRY-005905,2026-08-09 11:49,SESS-002366,VIS-02367,text,French,foreign,Belgium,transport_fare,Musee Maritime de Douala,Littoral,neutral,5.0,True,False
QRY-000877,2026-08-09 11:57,SESS-000345,VIS-00346,voice_note,French,foreign,Canada,cultural_info,Down Beach & Batoke Beach,South West,positive,3.4,True,False
QRY-000651,2026-08-09 12:11,SESS-000267,VIS-00268,text,Pidgin,domestic,West,emergency_sos,Les Gites de Kribi,South,negative,1.6,True,True
QRY-003946,2026-08-09 12:24,SESS-001565,VIS-01566,text,French,foreign,China,directions,Hotel Zingana,West,positive,4.3,True,False
QRY-002967,2026-08-09 12:32,SESS-001169,VIS-01170,voice_note,French,domestic,Centre,transport_fare,Down Beach Roasted Fish Sheds,South West,positive,1.9,True,False
QRY-003749,2026-08-09 12:34,SESS-001494,VIS-01495,voice_note,French,foreign,Belgium,pricing,Down Beach Roasted Fish Sheds,South West,positive,2.6,True,False
QRY-002911,2026-08-09 12:43,SESS-001147,VIS-01148,text,English,foreign,China,pricing,Hilton Yaounde,Centre,positive,2.2,True,False
QRY-004793,2026-08-09 13:03,SESS-001894,VIS-01895,voice_note,French,domestic,Far North,general_chat,,North,positive,3.6,True,False
QRY-005299,2026-08-09 13:04,SESS-002105,VIS-02106,text,English,domestic,Centre,pricing,FINI Hotel Bobende,South West,neutral,2.3,True,False
QRY-001264,2026-08-09 13:46,SESS-000503,VIS-00504,voice_note,French,domestic,West,emergency_sos,Grand Batanga & Luma Museum,South,negative,2.7,True,True
QRY-000323,2026-08-09 13:52,SESS-000145,VIS-00146,text,French,domestic,South,pricing,Pullman Douala Rabingha,Littoral,neutral,2.5,True,False
QRY-004506,2026-08-09 13:53,SESS-001773,VIS-01774,voice_note,French,domestic,South West,directions,Krystal Palace Douala,Littoral,neutral,2.9,True,False
QRY-000511,2026-08-09 14:00,SESS-000214,VIS-00215,text,French,domestic,Far North,opening_hours,Palais des Rois Bell (Pagode),Littoral,positive,2.3,True,False
QRY-001472,2026-08-09 14:17,SESS-000591,VIS-00592,text,English,domestic,Centre,pricing,Krystal Palace Douala,Littoral,positive,2.1,False,False
QRY-000849,2026-08-09 14:27,SESS-000332,VIS-00333,text,French,domestic,West,transport_fare,Limbe Wildlife Centre,South West,neutral,2.9,True,False
QRY-001302,2026-08-09 15:16,SESS-000511,VIS-00512,text,English,foreign,Gabon,opening_hours,Palais des Rois Bell (Pagode),Littoral,neutral,3.2,True,False
QRY-004537,2026-08-09 15:48,SESS-001791,VIS-01792,text,French,foreign,Chad,opening_hours,Plage de Kribi (Tara Plage),South,positive,3.1,True,False
QRY-001363,2026-08-09 15:57,SESS-000539,VIS-00540,text,Pidgin,foreign,Equatorial Guinea,transport_fare,Monument de la Reunification,Centre,neutral,4.1,True,False
QRY-005269,2026-08-09 16:17,SESS-002091,VIS-02092,text,Pidgin,domestic,Centre,transport_fare,Bimbia Slave Trade Port,South West,neutral,3.0,True,False
QRY-002522,2026-08-09 16:18,SESS-001005,VIS-01006,text,French,domestic,Littoral,directions,Chutes de la Lobe,South,neutral,4.1,True,False
QRY-001650,2026-08-09 16:51,SESS-000657,VIS-00658,text,French,domestic,West,opening_hours,Grand Batanga & Luma Museum,South,positive,0.8,True,False
QRY-004571,2026-08-09 16:52,SESS-001805,VIS-01806,voice_note,Pidgin,foreign,China,general_chat,,Far North,neutral,3.2,True,False
QRY-003406,2026-08-09 16:53,SESS-001361,VIS-01362,voice_note,English,domestic,West,cultural_info,Rue des Artisans,West,positive,3.7,True,False
QRY-006179,2026-08-09 16:58,SESS-002465,VIS-02466,text,French,foreign,UK,opening_hours,Rue des Artisans,West,positive,4.4,True,False
QRY-002372,2026-08-09 17:13,SESS-000949,VIS-00950,text,French,domestic,Littoral,pricing,Down Beach & Batoke Beach,South West,negative,3.9,False,False
QRY-000276,2026-08-09 17:25,SESS-000125,VIS-00126,voice_note,Pidgin,domestic,South,pricing,Limbe Botanic Garden,South West,positive,3.4,True,False
QRY-002656,2026-08-09 17:47,SESS-001051,VIS-01052,text,English,foreign,Nigeria,directions,Rue des Artisans,West,positive,3.8,True,False
QRY-004681,2026-08-09 17:55,SESS-001850,VIS-01851,voice_note,English,foreign,Nigeria,pricing,Grand Batanga & Luma Museum,South,neutral,4.2,True,False
QRY-003068,2026-08-09 17:55,SESS-001218,VIS-01219,text,French,domestic,East,pricing,Chez Wou & La Salsa,Centre,negative,3.1,True,False
QRY-002818,2026-08-09 18:23,SESS-001110,VIS-01111,text,French,domestic,East,transport_fare,Seme Beach Hotel,South West,positive,4.0,True,False
QRY-003768,2026-08-09 18:35,SESS-001503,VIS-01504,text,Pidgin,foreign,Belgium,directions,Pullman Douala Rabingha,Littoral,neutral,2.9,True,False
QRY-001827,2026-08-09 18:51,SESS-000728,VIS-00729,text,French,domestic,South,transport_fare,Palais Royal de Foumban & Museum,West,neutral,2.2,True,False
QRY-003782,2026-08-09 18:54,SESS-001508,VIS-01509,text,English,foreign,South Africa,pricing,Chutes de la Lobe,South,positive,3.7,True,False
QRY-000391,2026-08-09 19:13,SESS-000170,VIS-00171,voice_note,English,domestic,West,directions,Monument de la Reunification,Centre,neutral,2.9,True,False
QRY-005861,2026-08-09 19:18,SESS-002352,VIS-02353,text,English,domestic,Littoral,transport_fare,Hilton Yaounde,Centre,positive,1.9,True,False
QRY-006175,2026-08-09 19:22,SESS-002464,VIS-02465,text,French,domestic,Littoral,transport_fare,Chutes de la Lobe,South,positive,4.7,True,False
QRY-002842,2026-08-09 19:24,SESS-001117,VIS-01118,text,French,domestic,West,cultural_info,Chutes de la Lobe,South,neutral,3.4,True,False
QRY-005191,2026-08-09 19:56,SESS-002058,VIS-02059,text,French,domestic,Centre,opening_hours,Plage de Kribi (Tara Plage),South,negative,3.0,True,False
QRY-001202,2026-08-09 20:12,SESS-000475,VIS-00476,text,English,domestic,East,transport_fare,Star Land Hotel Bastos,Centre,neutral,2.8,True,False
QRY-000448,2026-08-09 20:31,SESS-000193,VIS-00194,text,French,domestic,Littoral,pricing,Bimbia Slave Trade Port,South West,neutral,5.4,True,False
QRY-002530,2026-08-09 20:33,SESS-001009,VIS-01010,voice_note,French,domestic,North West,directions,Chutes de la Lobe,South,positive,2.7,True,False
QRY-000470,2026-08-09 20:46,SESS-000200,VIS-00201,text,French,domestic,Centre,cultural_info,Limbe Botanic Garden,South West,positive,3.0,True,False
QRY-005999,2026-08-09 20:53,SESS-002402,VIS-02403,text,French,domestic,West,opening_hours,Down Beach & Batoke Beach,South West,neutral,4.9,True,False
QRY-002244,2026-08-09 20:55,SESS-000897,VIS-00898,text,English,domestic,West,pricing,Limbe Botanic Garden,South West,positive,3.9,True,False
QRY-002520,2026-08-09 21:13,SESS-001003,VIS-01004,text,French,domestic,East,general_chat,,East,neutral,3.6,True,False
QRY-002701,2026-08-09 21:39,SESS-001065,VIS-01066,voice_note,English,domestic,North West,booking_interest,Mount Cameroon (Upper Farms),South West,positive,3.2,True,False
QRY-004579,2026-08-09 22:09,SESS-001809,VIS-01810,text,English,foreign,Equatorial Guinea,pricing,Star Land Hotel Bastos,Centre,positive,5.4,True,False
QRY-003874,2026-08-09 22:28,SESS-001543,VIS-01544,text,French,domestic,Far North,pricing,Chez Carimo / Lobe Shacks,South,neutral,4.0,True,False
QRY-004112,2026-08-10 06:32,SESS-001627,VIS-01628,voice_note,English,domestic,West,general_chat,,Far North,positive,1.1,True,False
QRY-004755,2026-08-10 06:37,SESS-001880,VIS-01881,voice_note,English,foreign,Chad,pricing,Hotel Zingana,West,positive,3.3,True,False
QRY-002343,2026-08-10 06:57,SESS-000934,VIS-00935,voice_note,Pidgin,domestic,South West,directions,Douala-Edea Wildlife Reserve,Littoral,positive,3.0,True,False
QRY-003445,2026-08-10 07:12,SESS-001373,VIS-01374,text,French,domestic,Far North,transport_fare,Artisanal Village & Flower Market,Littoral,neutral,3.3,True,False
QRY-001027,2026-08-10 07:27,SESS-000406,VIS-00407,text,English,domestic,Far North,cultural_info,Hotel Ilomba,South,neutral,4.1,True,False
QRY-000598,2026-08-10 07:34,SESS-000250,VIS-00251,voice_note,Pidgin,domestic,Littoral,emergency_sos,Limbe Wildlife Centre,South West,negative,0.8,True,True
QRY-004011,2026-08-10 08:04,SESS-001587,VIS-01588,voice_note,French,foreign,Belgium,pricing,Pullman Douala Rabingha,Littoral,negative,2.9,True,False
QRY-003227,2026-08-10 08:17,SESS-001290,VIS-01291,text,French,domestic,Littoral,directions,Chutes de la Lobe,South,neutral,4.9,True,False
QRY-001592,2026-08-10 08:20,SESS-000630,VIS-00631,voice_note,English,foreign,Belgium,cultural_info,Mont Febe & Golf Club,Centre,neutral,4.4,True,False
QRY-002481,2026-08-10 08:45,SESS-000991,VIS-00992,text,French,foreign,Equatorial Guinea,cultural_info,Musee Maritime de Douala,Littoral,positive,2.8,True,False
QRY-006121,2026-08-10 08:56,SESS-002441,VIS-02442,text,French,domestic,North West,booking_interest,Hotel Ilomba,South,positive,2.5,True,False
QRY-000646,2026-08-10 09:33,SESS-000264,VIS-00265,voice_note,English,foreign,UK,transport_fare,FINI Hotel Bobende,South West,neutral,3.1,True,False
QRY-001652,2026-08-10 09:39,SESS-000658,VIS-00659,voice_note,English,domestic,North,opening_hours,Rue des Artisans,West,positive,3.4,True,False
QRY-003290,2026-08-10 10:08,SESS-001316,VIS-01317,text,English,domestic,South West,opening_hours,Rue des Artisans,West,neutral,3.6,True,False
QRY-001129,2026-08-10 10:40,SESS-000445,VIS-00446,voice_note,French,domestic,Adamawa,directions,Mvog-Betsi Zoo & Botanical Garden,Centre,positive,2.9,True,False
QRY-001070,2026-08-10 10:55,SESS-000422,VIS-00423,voice_note,French,domestic,South,cultural_info,Limbe Wildlife Centre,South West,neutral,2.6,True,False
QRY-000154,2026-08-10 11:12,SESS-000070,VIS-00071,voice_note,English,foreign,Canada,general_chat,,Littoral,positive,5.3,True,False
QRY-006012,2026-08-10 12:10,SESS-002404,VIS-02405,text,Pidgin,foreign,Germany,booking_interest,Domaine du Petpenoun,West,neutral,2.3,True,False
QRY-002374,2026-08-10 12:11,SESS-000950,VIS-00951,text,English,domestic,Far North,transport_fare,Palais des Rois Bell (Pagode),Littoral,neutral,4.4,True,False
QRY-000295,2026-08-10 12:32,SESS-000136,VIS-00137,voice_note,French,domestic,Centre,transport_fare,Limbe Wildlife Centre,South West,neutral,2.5,True,False
QRY-004857,2026-08-10 12:54,SESS-001917,VIS-01918,voice_note,English,domestic,East,transport_fare,Monument de la Reunification,Centre,neutral,4.6,True,False
QRY-006071,2026-08-10 13:00,SESS-002420,VIS-02421,text,French,foreign,France,booking_interest,Hotel Ilomba,South,neutral,2.9,True,False
QRY-000980,2026-08-10 13:03,SESS-000389,VIS-00390,voice_note,French,domestic,South West,cultural_info,Chutes d'Ekom Nkam,Littoral,positive,3.9,True,False
QRY-001834,2026-08-10 13:05,SESS-000730,VIS-00731,text,French,domestic,West,opening_hours,Star Land Hotel Bastos,Centre,positive,2.9,True,False
QRY-000314,2026-08-10 13:24,SESS-000142,VIS-00143,voice_note,English,foreign,Chad,cultural_info,Down Beach Roasted Fish Sheds,South West,neutral,5.2,True,False
QRY-005942,2026-08-10 13:40,SESS-002381,VIS-02382,text,English,domestic,Littoral,pricing,Musee Maritime de Douala,Littoral,neutral,2.7,True,False
QRY-002089,2026-08-10 13:52,SESS-000831,VIS-00832,text,English,domestic,Far North,directions,Chefferie de Bandjoun,West,neutral,2.9,True,False
QRY-005508,2026-08-10 14:08,SESS-002191,VIS-02192,text,English,foreign,Gabon,directions,Hilton Yaounde,Centre,positive,1.5,True,False
QRY-004885,2026-08-10 14:16,SESS-001933,VIS-01934,text,Pidgin,foreign,France,transport_fare,Chez Carimo / Lobe Shacks,South,neutral,2.8,True,False
QRY-002129,2026-08-10 14:36,SESS-000846,VIS-00847,text,English,domestic,Far North,transport_fare,Krystal Palace Douala,Littoral,neutral,3.2,True,False
QRY-005770,2026-08-10 14:48,SESS-002306,VIS-02307,text,English,foreign,China,opening_hours,Limbe Botanic Garden,South West,positive,4.9,True,False
QRY-000343,2026-08-10 15:00,SESS-000152,VIS-00153,text,English,foreign,Equatorial Guinea,opening_hours,Limbe Botanic Garden,South West,neutral,4.0,True,False
QRY-002151,2026-08-10 15:11,SESS-000857,VIS-00858,text,English,foreign,USA,opening_hours,Musee National de Yaounde,Centre,positive,2.5,True,False
QRY-001064,2026-08-10 15:30,SESS-000419,VIS-00420,text,English,domestic,Littoral,transport_fare,Mefou Primate Sanctuary,Centre,neutral,3.4,True,False
QRY-003003,2026-08-10 16:15,SESS-001184,VIS-01185,text,French,domestic,Centre,booking_interest,Rue des Artisans,West,neutral,3.4,True,False
QRY-004170,2026-08-10 16:16,SESS-001647,VIS-01648,text,French,domestic,Adamawa,general_chat,,South,positive,1.7,True,False
QRY-002733,2026-08-10 16:19,SESS-001081,VIS-01082,text,English,domestic,Far North,cultural_info,West Region Gastronomy Spots,West,positive,3.0,True,False
QRY-005672,2026-08-10 16:50,SESS-002262,VIS-02263,text,French,domestic,North West,booking_interest,Palais des Rois Bell (Pagode),Littoral,neutral,2.0,True,False
QRY-003020,2026-08-10 16:54,SESS-001190,VIS-01191,text,French,domestic,South,transport_fare,Les Gites de Kribi,South,positive,2.6,True,False
QRY-001216,2026-08-10 16:54,SESS-000482,VIS-00483,voice_note,French,domestic,North West,transport_fare,Artisanal Village & Flower Market,Littoral,neutral,1.7,True,False
QRY-000125,2026-08-10 17:05,SESS-000056,VIS-00057,text,Pidgin,domestic,North,transport_fare,Bimbia Slave Trade Port,South West,neutral,4.9,True,False
QRY-000429,2026-08-10 17:05,SESS-000182,VIS-00183,voice_note,Pidgin,foreign,Equatorial Guinea,pricing,Hilton Yaounde,Centre,neutral,2.0,True,False
QRY-006188,2026-08-10 17:23,SESS-002470,VIS-02471,text,French,domestic,Far North,opening_hours,Krystal Palace Douala,Littoral,positive,5.7,True,False
QRY-005645,2026-08-10 17:33,SESS-002251,VIS-02252,text,French,foreign,Nigeria,directions,Hilton Yaounde,Centre,neutral,3.6,True,False
QRY-001502,2026-08-10 17:33,SESS-000601,VIS-00602,text,English,domestic,South,transport_fare,Chutes de la Lobe,South,neutral,2.9,True,False
QRY-002702,2026-08-10 17:41,SESS-001065,VIS-01066,voice_note,English,domestic,Centre,pricing,Pullman Douala Rabingha,Littoral,negative,2.3,True,False
QRY-000305,2026-08-10 18:10,SESS-000137,VIS-00138,text,French,domestic,West,directions,Bimbia Slave Trade Port,South West,positive,5.1,True,False
QRY-005245,2026-08-10 18:18,SESS-002081,VIS-02082,text,Pidgin,domestic,North,directions,Artisanal Village & Flower Market,Littoral,neutral,3.0,True,False
QRY-001259,2026-08-10 19:00,SESS-000502,VIS-00503,text,English,domestic,East,directions,Douala-Edea Wildlife Reserve,Littoral,neutral,3.7,True,False
QRY-004980,2026-08-10 19:01,SESS-001964,VIS-01965,text,Pidgin,foreign,South Africa,opening_hours,Grand Batanga & Luma Museum,South,neutral,3.0,True,False
QRY-002992,2026-08-10 19:29,SESS-001180,VIS-01181,text,English,domestic,Centre,opening_hours,Artisanal Village & Flower Market,Littoral,neutral,3.5,True,False
QRY-001538,2026-08-10 19:53,SESS-000613,VIS-00614,text,English,domestic,East,booking_interest,Pullman Douala Rabingha,Littoral,negative,1.8,True,False
QRY-001625,2026-08-10 20:06,SESS-000644,VIS-00645,text,English,domestic,Far North,opening_hours,FINI Hotel Bobende,South West,neutral,1.6,True,False
QRY-005849,2026-08-10 20:13,SESS-002347,VIS-02348,text,French,foreign,USA,pricing,West Region Gastronomy Spots,West,negative,2.8,True,False
QRY-005943,2026-08-10 20:30,SESS-002382,VIS-02383,voice_note,English,domestic,Adamawa,cultural_info,Chez Wou & La Salsa,Centre,positive,2.8,True,False
QRY-001319,2026-08-10 20:40,SESS-000520,VIS-00521,voice_note,Pidgin,domestic,North West,opening_hours,Monument de la Reunification,Centre,neutral,2.4,True,False
QRY-005914,2026-08-10 21:25,SESS-002371,VIS-02372,text,English,domestic,North West,pricing,Chutes de la Lobe,South,positive,2.4,True,False
QRY-003045,2026-08-10 21:47,SESS-001202,VIS-01203,text,French,domestic,Littoral,transport_fare,Palais des Rois Bell (Pagode),Littoral,positive,3.1,True,False
QRY-000232,2026-08-10 22:05,SESS-000109,VIS-00110,voice_note,Pidgin,domestic,North,pricing,Chez Wou & La Salsa,Centre,positive,2.8,True,False
QRY-001460,2026-08-10 22:53,SESS-000585,VIS-00586,text,French,domestic,Adamawa,pricing,Mvog-Betsi Zoo & Botanical Garden,Centre,neutral,4.2,True,False
QRY-005281,2026-08-11 06:04,SESS-002097,VIS-02098,text,Pidgin,domestic,Far North,pricing,Hilton Yaounde,Centre,negative,3.5,True,False
QRY-002776,2026-08-11 06:09,SESS-001096,VIS-01097,text,Pidgin,domestic,Far North,pricing,Mont Febe & Golf Club,Centre,neutral,2.1,True,False
QRY-006134,2026-08-11 06:12,SESS-002447,VIS-02448,voice_note,English,foreign,UK,general_chat,,Littoral,positive,3.4,True,False
QRY-005370,2026-08-11 06:28,SESS-002135,VIS-02136,voice_note,French,domestic,North,pricing,Limbe Wildlife Centre,South West,negative,4.4,True,False
QRY-001823,2026-08-11 06:30,SESS-000727,VIS-00728,voice_note,French,foreign,South Africa,general_chat,,East,neutral,2.7,True,False
QRY-003109,2026-08-11 06:32,SESS-001239,VIS-01240,voice_note,French,foreign,Gabon,pricing,FINI Hotel Bobende,South West,positive,1.4,True,False
QRY-002004,2026-08-11 07:01,SESS-000796,VIS-00797,text,French,domestic,Far North,emergency_sos,Monument de la Reunification,Centre,negative,1.0,True,True
QRY-003293,2026-08-11 07:22,SESS-001317,VIS-01318,voice_note,French,foreign,Equatorial Guinea,transport_fare,Chutes de la Lobe,South,neutral,3.3,True,False
QRY-002161,2026-08-11 07:37,SESS-000862,VIS-00863,text,English,domestic,Adamawa,general_chat,,Centre,neutral,3.8,True,False
QRY-003088,2026-08-11 07:42,SESS-001228,VIS-01229,text,French,domestic,East,opening_hours,Bimbia Slave Trade Port,South West,neutral,4.2,True,False
QRY-003373,2026-08-11 07:56,SESS-001349,VIS-01350,text,French,domestic,Littoral,directions,Mvog-Betsi Zoo & Botanical Garden,Centre,positive,3.5,True,False
QRY-004103,2026-08-11 07:59,SESS-001624,VIS-01625,text,French,domestic,South,pricing,Artisanal Village & Flower Market,Littoral,neutral,2.5,True,False
QRY-002245,2026-08-11 08:21,SESS-000898,VIS-00899,text,French,domestic,Adamawa,pricing,Chutes de la Lobe,South,neutral,2.5,True,False
QRY-000774,2026-08-11 09:07,SESS-000309,VIS-00310,voice_note,French,domestic,Centre,transport_fare,Campo Ma'an National Park,South,neutral,4.0,True,False
QRY-003136,2026-08-11 09:10,SESS-001251,VIS-01252,text,French,foreign,South Africa,cultural_info,Musee National de Yaounde,Centre,positive,3.8,True,False
QRY-000179,2026-08-11 09:20,SESS-000081,VIS-00082,text,Pidgin,foreign,Belgium,directions,Chez Wou & La Salsa,Centre,negative,3.1,True,False
QRY-000394,2026-08-11 09:49,SESS-000172,VIS-00173,text,Pidgin,foreign,Nigeria,transport_fare,Chez Carimo / Lobe Shacks,South,positive,2.4,True,False
QRY-003978,2026-08-11 10:11,SESS-001572,VIS-01573,text,French,domestic,North,cultural_info,Les Gites de Kribi,South,positive,3.3,True,False
QRY-000714,2026-08-11 10:26,SESS-000285,VIS-00286,text,French,foreign,USA,pricing,Down Beach Roasted Fish Sheds,South West,positive,2.3,True,False
QRY-004792,2026-08-11 10:37,SESS-001893,VIS-01894,text,English,domestic,East,directions,Chutes d'Ekom Nkam,Littoral,neutral,3.6,True,False
QRY-002152,2026-08-11 10:43,SESS-000858,VIS-00859,text,English,domestic,North,pricing,Musee Maritime de Douala,Littoral,neutral,3.8,True,False
QRY-000653,2026-08-11 10:46,SESS-000268,VIS-00269,voice_note,French,foreign,Nigeria,pricing,Marche Sandaga & Deido Soya,Littoral,positive,2.6,False,False
QRY-001221,2026-08-11 10:59,SESS-000484,VIS-00485,text,French,domestic,Centre,transport_fare,Monument de la Reunification,Centre,positive,3.4,True,False
QRY-000950,2026-08-11 11:10,SESS-000375,VIS-00376,voice_note,Pidgin,domestic,Far North,general_chat,,North West,neutral,1.5,True,False
QRY-003550,2026-08-11 11:20,SESS-001411,VIS-01412,text,French,domestic,East,directions,L'Ovalie & La Fourchette,Littoral,neutral,2.6,True,False
QRY-002119,2026-08-11 11:48,SESS-000842,VIS-00843,text,French,foreign,China,cultural_info,Limbe Botanic Garden,South West,positive,3.7,True,False
QRY-001410,2026-08-11 11:52,SESS-000564,VIS-00565,text,French,domestic,Adamawa,opening_hours,Artisanal Village & Flower Market,Littoral,positive,2.6,True,False
QRY-004337,2026-08-11 12:06,SESS-001708,VIS-01709,voice_note,English,domestic,North,pricing,Down Beach Roasted Fish Sheds,South West,neutral,4.1,True,False
QRY-001246,2026-08-11 12:29,SESS-000496,VIS-00497,text,Pidgin,foreign,Chad,directions,Palais des Rois Bell (Pagode),Littoral,positive,2.3,True,False
QRY-004093,2026-08-11 12:45,SESS-001620,VIS-01621,text,French,domestic,South West,pricing,Krystal Palace Douala,Littoral,positive,2.3,True,False
QRY-005628,2026-08-11 12:57,SESS-002241,VIS-02242,text,Pidgin,foreign,Chad,pricing,Musee National de Yaounde,Centre,positive,4.2,False,False
QRY-000278,2026-08-11 12:58,SESS-000127,VIS-00128,voice_note,Pidgin,foreign,South Africa,directions,Palais Royal de Foumban & Museum,West,positive,1.5,True,False
QRY-001706,2026-08-11 13:57,SESS-000680,VIS-00681,text,English,domestic,South West,transport_fare,Rue des Artisans,West,neutral,2.4,True,False
QRY-005514,2026-08-11 13:57,SESS-002194,VIS-02195,text,French,domestic,North West,pricing,Pullman Douala Rabingha,Littoral,positive,3.1,True,False
QRY-005975,2026-08-11 14:11,SESS-002395,VIS-02396,text,French,foreign,South Africa,booking_interest,Hotel Zingana,West,positive,2.7,True,False
QRY-003961,2026-08-11 14:54,SESS-001567,VIS-01568,voice_note,Pidgin,foreign,Chad,directions,Chez Carimo / Lobe Shacks,South,positive,3.5,True,False
QRY-003386,2026-08-11 15:24,SESS-001354,VIS-01355,voice_note,French,domestic,Adamawa,general_chat,,West,neutral,1.1,True,False
QRY-004213,2026-08-11 15:59,SESS-001667,VIS-01668,voice_note,Pidgin,foreign,Germany,pricing,Artisanal Village & Flower Market,Littoral,positive,3.3,True,False
QRY-005753,2026-08-11 16:02,SESS-002299,VIS-02300,text,French,domestic,Far North,transport_fare,Grand Batanga & Luma Museum,South,positive,1.4,True,False
QRY-004832,2026-08-11 16:13,SESS-001909,VIS-01910,voice_note,French,foreign,South Africa,general_chat,,Adamawa,neutral,5.4,True,False
QRY-005816,2026-08-11 16:34,SESS-002331,VIS-02332,voice_note,French,domestic,Centre,directions,Limbe Wildlife Centre,South West,neutral,1.9,True,False
QRY-004760,2026-08-11 16:51,SESS-001882,VIS-01883,text,English,foreign,Germany,cultural_info,Grand Batanga & Luma Museum,South,positive,2.8,False,False
QRY-002055,2026-08-11 17:31,SESS-000818,VIS-00819,text,English,domestic,Centre,cultural_info,Grand Batanga & Luma Museum,South,positive,3.6,True,False
QRY-001240,2026-08-11 17:43,SESS-000494,VIS-00495,text,French,domestic,South,booking_interest,Palais des Rois Bell (Pagode),Littoral,positive,3.6,True,False
QRY-000431,2026-08-11 17:50,SESS-000182,VIS-00183,text,French,domestic,North West,cultural_info,Hotel Zingana,West,positive,3.6,True,False
QRY-002068,2026-08-11 17:53,SESS-000824,VIS-00825,text,English,domestic,Far North,opening_hours,Musee National de Yaounde,Centre,negative,2.3,True,False
QRY-005706,2026-08-11 18:23,SESS-002274,VIS-02275,voice_note,Pidgin,domestic,West,cultural_info,Chez Wou & La Salsa,Centre,neutral,2.3,True,False
QRY-000424,2026-08-11 18:42,SESS-000180,VIS-00181,voice_note,English,foreign,Germany,pricing,Limbe Wildlife Centre,South West,neutral,3.3,True,False
QRY-004014,2026-08-11 18:49,SESS-001588,VIS-01589,voice_note,English,foreign,Gabon,directions,Chutes de la Lobe,South,positive,3.4,True,False
QRY-004899,2026-08-11 18:58,SESS-001938,VIS-01939,text,French,domestic,West,pricing,Plage de Kribi (Tara Plage),South,positive,2.3,True,False
QRY-001582,2026-08-11 19:23,SESS-000626,VIS-00627,text,French,domestic,North,opening_hours,Musee Maritime de Douala,Littoral,positive,2.9,True,False
QRY-005553,2026-08-11 19:41,SESS-002215,VIS-02216,voice_note,Pidgin,domestic,Adamawa,general_chat,,Centre,neutral,3.5,True,False
QRY-004274,2026-08-11 19:53,SESS-001685,VIS-01686,text,English,domestic,East,directions,Musee Maritime de Douala,Littoral,positive,2.6,True,False
QRY-005304,2026-08-11 19:59,SESS-002107,VIS-02108,voice_note,English,domestic,Adamawa,pricing,Mefou Primate Sanctuary,Centre,negative,5.5,True,False
QRY-005836,2026-08-11 20:25,SESS-002338,VIS-02339,text,French,domestic,East,opening_hours,L'Ovalie & La Fourchette,Littoral,neutral,5.0,True,False
QRY-000514,2026-08-11 20:26,SESS-000216,VIS-00217,text,English,domestic,North,opening_hours,Musee Maritime de Douala,Littoral,positive,1.3,True,False
QRY-002654,2026-08-11 20:40,SESS-001050,VIS-01051,text,English,domestic,Far North,pricing,Krystal Palace Douala,Littoral,neutral,2.7,True,False
QRY-005213,2026-08-11 20:40,SESS-002068,VIS-02069,text,French,foreign,Canada,pricing,Palais des Rois Bell (Pagode),Littoral,positive,4.8,True,False
QRY-002574,2026-08-11 20:44,SESS-001026,VIS-01027,text,French,domestic,West,booking_interest,Palais Royal de Foumban & Museum,West,neutral,3.9,True,False
QRY-002303,2026-08-11 20:46,SESS-000918,VIS-00919,text,English,foreign,USA,directions,Plage de Kribi (Tara Plage),South,positive,1.6,True,False
QRY-004236,2026-08-11 20:46,SESS-001675,VIS-01676,voice_note,French,foreign,Belgium,general_chat,,Centre,positive,1.6,True,False
QRY-001261,2026-08-11 20:53,SESS-000502,VIS-00503,text,French,domestic,Centre,directions,Musee National de Yaounde,Centre,positive,3.8,True,False
QRY-002238,2026-08-11 21:46,SESS-000895,VIS-00896,voice_note,English,foreign,Equatorial Guinea,booking_interest,Domaine du Petpenoun,West,positive,2.8,True,False
QRY-001651,2026-08-11 21:57,SESS-000658,VIS-00659,text,English,foreign,Nigeria,pricing,Monument de la Reunification,Centre,neutral,2.1,True,False
QRY-001061,2026-08-11 22:04,SESS-000419,VIS-00420,text,English,foreign,South Africa,directions,Mont Febe & Golf Club,Centre,positive,4.4,True,False
QRY-006068,2026-08-11 22:14,SESS-002418,VIS-02419,text,French,foreign,South Africa,general_chat,,Centre,positive,3.8,True,False
QRY-003322,2026-08-11 22:31,SESS-001330,VIS-01331,text,English,domestic,Far North,opening_hours,Rue des Artisans,West,neutral,2.1,True,False
QRY-003331,2026-08-11 22:43,SESS-001336,VIS-01337,text,French,foreign,Germany,directions,Bimbia Slave Trade Port,South West,positive,3.4,True,False
QRY-004620,2026-08-12 06:04,SESS-001826,VIS-01827,text,English,domestic,Adamawa,pricing,Krystal Palace Douala,Littoral,neutral,4.1,True,False
QRY-002466,2026-08-12 06:14,SESS-000987,VIS-00988,text,French,foreign,UK,pricing,Bimbia Slave Trade Port,South West,neutral,2.3,True,False
QRY-001398,2026-08-12 07:30,SESS-000556,VIS-00557,text,English,foreign,South Africa,cultural_info,Plage de Kribi (Tara Plage),South,positive,4.7,True,False
QRY-002953,2026-08-12 07:32,SESS-001165,VIS-01166,text,English,foreign,Nigeria,booking_interest,Marche Sandaga & Deido Soya,Littoral,positive,2.5,True,False
QRY-000459,2026-08-12 08:11,SESS-000197,VIS-00198,text,French,foreign,South Africa,transport_fare,Plage de Kribi (Tara Plage),South,neutral,2.5,True,False
QRY-004665,2026-08-12 08:32,SESS-001847,VIS-01848,text,English,foreign,Germany,pricing,Limbe Wildlife Centre,South West,neutral,3.0,True,False
QRY-001380,2026-08-12 08:34,SESS-000548,VIS-00549,voice_note,English,domestic,Far North,directions,Bimbia Slave Trade Port,South West,positive,3.1,True,False
QRY-003370,2026-08-12 08:42,SESS-001348,VIS-01349,text,French,domestic,West,directions,Les Gites de Kribi,South,positive,2.3,True,False
QRY-004333,2026-08-12 08:53,SESS-001705,VIS-01706,text,Pidgin,foreign,Belgium,opening_hours,Palais des Rois Bell (Pagode),Littoral,neutral,6.0,True,False
QRY-002101,2026-08-12 09:05,SESS-000835,VIS-00836,voice_note,French,domestic,North West,booking_interest,Plage de Kribi (Tara Plage),South,positive,3.5,True,False
QRY-002310,2026-08-12 09:08,SESS-000921,VIS-00922,text,English,foreign,UK,pricing,Monument de la Reunification,Centre,neutral,3.7,True,False
QRY-005537,2026-08-12 09:28,SESS-002205,VIS-02206,text,French,foreign,Canada,general_chat,,Adamawa,positive,2.6,True,False
QRY-004643,2026-08-12 09:31,SESS-001836,VIS-01837,text,English,foreign,USA,pricing,Hotel Ilomba,South,positive,2.8,True,False
QRY-001842,2026-08-12 09:44,SESS-000734,VIS-00735,text,English,domestic,South,cultural_info,Chutes d'Ekom Nkam,Littoral,positive,3.0,True,False
QRY-005148,2026-08-12 10:36,SESS-002039,VIS-02040,text,English,domestic,South,opening_hours,Chez Wou & La Salsa,Centre,positive,5.7,True,False
QRY-005719,2026-08-12 10:55,SESS-002281,VIS-02282,text,French,domestic,South,pricing,FINI Hotel Bobende,South West,negative,3.4,True,False
QRY-005014,2026-08-12 11:10,SESS-001981,VIS-01982,text,English,foreign,Gabon,transport_fare,Star Land Hotel Bastos,Centre,neutral,3.9,True,False
QRY-003506,2026-08-12 11:37,SESS-001399,VIS-01400,text,English,foreign,Chad,transport_fare,West Region Gastronomy Spots,West,neutral,3.0,True,False
QRY-000799,2026-08-12 11:45,SESS-000315,VIS-00316,text,French,foreign,UK,general_chat,,West,positive,3.0,True,False
QRY-004761,2026-08-12 12:02,SESS-001882,VIS-01883,voice_note,Pidgin,domestic,Far North,pricing,Limbe Wildlife Centre,South West,negative,3.1,True,False
QRY-005615,2026-08-12 12:23,SESS-002237,VIS-02238,text,French,domestic,North,directions,Rue des Artisans,West,neutral,4.6,True,False
QRY-004593,2026-08-12 12:25,SESS-001814,VIS-01815,text,English,domestic,South,directions,Palais des Rois Bell (Pagode),Littoral,neutral,4.2,True,False
QRY-004523,2026-08-12 12:54,SESS-001785,VIS-01786,voice_note,French,foreign,China,opening_hours,Les Gites de Kribi,South,positive,5.1,True,False
QRY-000738,2026-08-12 13:03,SESS-000292,VIS-00293,text,French,foreign,Belgium,directions,Les Gites de Kribi,South,neutral,5.0,True,False
QRY-002708,2026-08-12 13:08,SESS-001070,VIS-01071,voice_note,French,domestic,Centre,general_chat,,Littoral,neutral,2.0,True,False
QRY-004772,2026-08-12 13:44,SESS-001885,VIS-01886,text,English,domestic,South,opening_hours,Musee National de Yaounde,Centre,positive,2.6,True,False
QRY-002078,2026-08-12 14:03,SESS-000827,VIS-00828,voice_note,English,domestic,South,directions,Plage de Kribi (Tara Plage),South,neutral,4.9,True,False
QRY-002705,2026-08-12 14:52,SESS-001068,VIS-01069,text,Pidgin,foreign,South Africa,transport_fare,Chutes de la Lobe,South,negative,3.4,True,False
QRY-004581,2026-08-12 15:07,SESS-001810,VIS-01811,voice_note,English,foreign,South Africa,directions,Down Beach Roasted Fish Sheds,South West,positive,2.2,True,False
QRY-000667,2026-08-12 15:16,SESS-000272,VIS-00273,text,French,domestic,North West,cultural_info,L'Ovalie & La Fourchette,Littoral,neutral,1.4,True,False
QRY-001954,2026-08-12 16:17,SESS-000781,VIS-00782,text,English,domestic,East,cultural_info,Pullman Douala Rabingha,Littoral,neutral,2.9,True,False
QRY-001917,2026-08-12 16:38,SESS-000763,VIS-00764,voice_note,French,domestic,East,pricing,Hilton Yaounde,Centre,positive,3.2,True,False
QRY-001115,2026-08-12 16:49,SESS-000439,VIS-00440,text,French,domestic,West,pricing,Down Beach & Batoke Beach,South West,positive,3.1,True,False
QRY-000644,2026-08-12 16:49,SESS-000263,VIS-00264,text,French,domestic,West,directions,Marche Sandaga & Deido Soya,Littoral,neutral,4.1,True,False
QRY-001321,2026-08-12 17:24,SESS-000521,VIS-00522,text,French,domestic,Far North,transport_fare,Mount Cameroon (Upper Farms),South West,positive,2.4,True,False
QRY-002114,2026-08-12 17:25,SESS-000839,VIS-00840,voice_note,English,domestic,West,transport_fare,Limbe Botanic Garden,South West,positive,3.0,True,False
QRY-000046,2026-08-12 17:42,SESS-000017,VIS-00018,text,French,domestic,Far North,booking_interest,Down Beach & Batoke Beach,South West,neutral,2.7,True,False
QRY-002956,2026-08-12 18:41,SESS-001165,VIS-01166,text,Pidgin,foreign,Canada,transport_fare,Palais Royal de Foumban & Museum,West,neutral,2.3,True,False
QRY-001488,2026-08-12 18:48,SESS-000596,VIS-00597,text,French,domestic,North West,booking_interest,Les Gites de Kribi,South,neutral,3.4,True,False
QRY-003158,2026-08-12 19:03,SESS-001262,VIS-01263,text,French,domestic,Littoral,opening_hours,Limbe Botanic Garden,South West,neutral,1.9,True,False
QRY-001908,2026-08-12 19:33,SESS-000757,VIS-00758,text,English,foreign,China,pricing,Grand Batanga & Luma Museum,South,positive,4.2,True,False
QRY-001939,2026-08-12 19:51,SESS-000774,VIS-00775,text,English,domestic,Littoral,pricing,Hilton Yaounde,Centre,neutral,3.3,True,False
QRY-005906,2026-08-12 20:25,SESS-002366,VIS-02367,voice_note,French,domestic,Far North,emergency_sos,Mount Cameroon (Upper Farms),South West,negative,1.4,True,True
QRY-005147,2026-08-12 22:11,SESS-002038,VIS-02039,text,English,foreign,France,booking_interest,Chutes de la Lobe,South,neutral,3.3,True,False
QRY-003329,2026-08-12 22:12,SESS-001334,VIS-01335,voice_note,French,foreign,Canada,directions,Grand Batanga & Luma Museum,South,neutral,2.2,True,False
QRY-005579,2026-08-12 22:17,SESS-002224,VIS-02225,voice_note,French,foreign,USA,pricing,Pullman Douala Rabingha,Littoral,neutral,3.5,True,False
QRY-003358,2026-08-12 22:19,SESS-001344,VIS-01345,voice_note,French,foreign,Gabon,pricing,Chutes de la Lobe,South,neutral,3.3,True,False
QRY-004990,2026-08-12 22:22,SESS-001970,VIS-01971,text,Pidgin,domestic,Far North,cultural_info,Domaine du Petpenoun,West,positive,4.4,True,False
QRY-002274,2026-08-12 22:23,SESS-000908,VIS-00909,text,French,foreign,UK,transport_fare,Palais des Rois Bell (Pagode),Littoral,negative,4.1,True,False
QRY-000141,2026-08-12 22:35,SESS-000064,VIS-00065,voice_note,English,domestic,Littoral,emergency_sos,L'Ovalie & La Fourchette,Littoral,neutral,1.6,True,True
QRY-001372,2026-08-12 22:47,SESS-000543,VIS-00544,voice_note,French,foreign,China,cultural_info,Chez Wou & La Salsa,Centre,neutral,4.0,True,False
QRY-003340,2026-08-12 22:56,SESS-001339,VIS-01340,text,English,domestic,North,general_chat,,West,positive,1.7,True,False
QRY-000258,2026-08-13 06:02,SESS-000117,VIS-00118,voice_note,French,domestic,West,emergency_sos,Chefferie de Bandjoun,West,negative,1.7,True,True
QRY-000823,2026-08-13 06:10,SESS-000324,VIS-00325,text,English,domestic,North West,pricing,Marche Sandaga & Deido Soya,Littoral,neutral,2.8,True,False
QRY-002785,2026-08-13 06:44,SESS-001098,VIS-01099,text,English,domestic,North West,emergency_sos,Mvog-Betsi Zoo & Botanical Garden,Centre,neutral,2.4,True,True
QRY-005432,2026-08-13 06:55,SESS-002160,VIS-02161,voice_note,Pidgin,foreign,France,opening_hours,Pullman Douala Rabingha,Littoral,positive,3.3,True,False
QRY-000602,2026-08-13 07:34,SESS-000252,VIS-00253,voice_note,French,domestic,South,transport_fare,L'Ovalie & La Fourchette,Littoral,positive,4.3,True,False
QRY-004028,2026-08-13 07:42,SESS-001593,VIS-01594,text,French,foreign,Nigeria,directions,Monument de la Reunification,Centre,neutral,3.6,True,False
QRY-001411,2026-08-13 07:50,SESS-000565,VIS-00566,text,French,foreign,USA,transport_fare,Grand Batanga & Luma Museum,South,neutral,4.4,True,False
QRY-000766,2026-08-13 08:06,SESS-000305,VIS-00306,text,French,foreign,Equatorial Guinea,directions,Musee Maritime de Douala,Littoral,neutral,3.2,True,False
QRY-000096,2026-08-13 08:14,SESS-000043,VIS-00044,text,Pidgin,foreign,Gabon,opening_hours,Limbe Botanic Garden,South West,neutral,2.9,True,False
QRY-005279,2026-08-13 08:43,SESS-002097,VIS-02098,voice_note,English,domestic,Centre,opening_hours,Musee National de Yaounde,Centre,neutral,3.0,True,False
QRY-005193,2026-08-13 08:53,SESS-002058,VIS-02059,voice_note,English,foreign,Germany,directions,L'Ovalie & La Fourchette,Littoral,neutral,1.9,True,False
QRY-003423,2026-08-13 08:58,SESS-001366,VIS-01367,text,Pidgin,domestic,South West,pricing,Palais Royal de Foumban & Museum,West,positive,4.2,True,False
QRY-004926,2026-08-13 09:03,SESS-001946,VIS-01947,voice_note,French,foreign,Germany,general_chat,,East,neutral,3.9,True,False
QRY-001953,2026-08-13 09:19,SESS-000780,VIS-00781,text,French,domestic,East,opening_hours,Limbe Botanic Garden,South West,positive,3.2,True,False
QRY-000743,2026-08-13 09:36,SESS-000293,VIS-00294,text,French,domestic,Littoral,pricing,Krystal Palace Douala,Littoral,neutral,2.9,True,False
QRY-005602,2026-08-13 09:57,SESS-002232,VIS-02233,text,French,domestic,Adamawa,opening_hours,Mefou Primate Sanctuary,Centre,positive,2.8,True,False
QRY-003526,2026-08-13 10:34,SESS-001404,VIS-01405,text,French,foreign,Gabon,general_chat,,North West,neutral,2.2,True,False
QRY-003351,2026-08-13 10:45,SESS-001343,VIS-01344,voice_note,English,domestic,North,directions,Limbe Botanic Garden,South West,neutral,2.9,True,False
QRY-000462,2026-08-13 10:48,SESS-000198,VIS-00199,text,French,domestic,South West,general_chat,,South,neutral,4.4,True,False
QRY-003742,2026-08-13 10:49,SESS-001488,VIS-01489,voice_note,French,domestic,North West,opening_hours,L'Ovalie & La Fourchette,Littoral,positive,3.8,True,False
QRY-002285,2026-08-13 11:09,SESS-000910,VIS-00911,text,English,domestic,Littoral,pricing,Musee Maritime de Douala,Littoral,neutral,2.6,True,False
QRY-001109,2026-08-13 11:48,SESS-000435,VIS-00436,text,French,foreign,France,pricing,FINI Hotel Bobende,South West,neutral,4.8,True,False
QRY-000333,2026-08-13 12:08,SESS-000149,VIS-00150,text,French,domestic,North West,cultural_info,Domaine du Petpenoun,West,positive,4.8,True,False
QRY-005041,2026-08-13 12:12,SESS-001992,VIS-01993,text,French,foreign,Belgium,opening_hours,L'Ovalie & La Fourchette,Littoral,positive,3.6,True,False
QRY-005339,2026-08-13 13:23,SESS-002123,VIS-02124,text,English,domestic,Centre,cultural_info,Mvog-Betsi Zoo & Botanical Garden,Centre,neutral,3.4,True,False
QRY-002527,2026-08-13 13:32,SESS-001006,VIS-01007,text,English,domestic,Littoral,general_chat,,South,positive,2.0,True,False
QRY-005016,2026-08-13 13:35,SESS-001981,VIS-01982,voice_note,French,domestic,North West,directions,Grand Batanga & Luma Museum,South,positive,2.3,True,False
QRY-005526,2026-08-13 13:45,SESS-002200,VIS-02201,voice_note,Pidgin,domestic,West,pricing,Plage de Kribi (Tara Plage),South,neutral,2.7,True,False
QRY-006054,2026-08-13 13:55,SESS-002415,VIS-02416,text,Pidgin,domestic,East,transport_fare,Chutes de la Lobe,South,positive,3.6,True,False
QRY-000816,2026-08-13 14:27,SESS-000321,VIS-00322,voice_note,English,foreign,Gabon,general_chat,,Far North,neutral,3.1,True,False
QRY-006035,2026-08-13 14:34,SESS-002409,VIS-02410,text,French,foreign,South Africa,opening_hours,Plage de Kribi (Tara Plage),South,neutral,4.2,True,False
QRY-006026,2026-08-13 14:40,SESS-002408,VIS-02409,text,French,domestic,Littoral,transport_fare,Chez Wou & La Salsa,Centre,neutral,3.8,True,False
QRY-005145,2026-08-13 15:09,SESS-002036,VIS-02037,voice_note,French,domestic,Adamawa,booking_interest,Chutes d'Ekom Nkam,Littoral,positive,2.2,True,False
QRY-005491,2026-08-13 15:13,SESS-002184,VIS-02185,text,French,foreign,Chad,directions,Mont Febe & Golf Club,Centre,neutral,2.4,True,False
QRY-003174,2026-08-13 15:19,SESS-001267,VIS-01268,voice_note,French,foreign,Belgium,transport_fare,Bimbia Slave Trade Port,South West,neutral,3.6,True,False
QRY-000116,2026-08-13 15:31,SESS-000053,VIS-00054,text,English,foreign,China,booking_interest,Marche Sandaga & Deido Soya,Littoral,positive,2.2,True,False
QRY-001507,2026-08-13 15:33,SESS-000603,VIS-00604,text,English,domestic,West,directions,Down Beach Roasted Fish Sheds,South West,positive,1.2,True,False
QRY-002147,2026-08-13 15:45,SESS-000854,VIS-00855,voice_note,French,domestic,Adamawa,pricing,Mount Cameroon (Upper Farms),South West,positive,2.8,True,False
QRY-001852,2026-08-13 17:10,SESS-000737,VIS-00738,text,French,domestic,Far North,general_chat,,Adamawa,positive,3.6,True,False
QRY-003634,2026-08-13 17:32,SESS-001441,VIS-01442,voice_note,French,foreign,Canada,pricing,Bimbia Slave Trade Port,South West,negative,1.4,True,False
QRY-003334,2026-08-13 17:36,SESS-001337,VIS-01338,text,French,foreign,Chad,pricing,Grand Batanga & Luma Museum,South,neutral,2.7,True,False
QRY-000447,2026-08-13 17:38,SESS-000192,VIS-00193,voice_note,English,foreign,Gabon,opening_hours,Mefou Primate Sanctuary,Centre,neutral,1.5,True,False
QRY-000769,2026-08-13 17:41,SESS-000306,VIS-00307,text,Pidgin,foreign,Canada,directions,Hotel Zingana,West,neutral,4.2,True,False
QRY-005715,2026-08-13 18:01,SESS-002278,VIS-02279,text,French,foreign,South Africa,opening_hours,Mont Febe & Golf Club,Centre,neutral,3.1,True,False
QRY-003249,2026-08-13 18:08,SESS-001302,VIS-01303,text,French,domestic,North,opening_hours,Limbe Botanic Garden,South West,positive,2.3,True,False
QRY-005762,2026-08-13 18:17,SESS-002304,VIS-02305,text,French,domestic,Adamawa,pricing,Rue des Artisans,West,neutral,3.1,True,False
QRY-005990,2026-08-13 18:28,SESS-002399,VIS-02400,text,English,domestic,Littoral,pricing,Chutes de la Lobe,South,neutral,4.9,True,False
QRY-000545,2026-08-13 19:21,SESS-000228,VIS-00229,text,French,domestic,Centre,directions,Palais Royal de Foumban & Museum,West,neutral,5.4,True,False
QRY-002173,2026-08-13 19:23,SESS-000865,VIS-00866,voice_note,English,domestic,Centre,pricing,Krystal Palace Douala,Littoral,negative,3.5,True,False
QRY-001621,2026-08-13 19:23,SESS-000643,VIS-00644,text,English,domestic,North West,booking_interest,Down Beach Roasted Fish Sheds,South West,positive,1.9,True,False
QRY-004775,2026-08-13 19:27,SESS-001886,VIS-01887,text,English,foreign,Chad,pricing,L'Ovalie & La Fourchette,Littoral,positive,1.9,True,False
QRY-005654,2026-08-13 19:48,SESS-002256,VIS-02257,voice_note,French,domestic,North,emergency_sos,FINI Hotel Bobende,South West,neutral,0.8,True,True
QRY-000702,2026-08-13 19:51,SESS-000283,VIS-00284,text,Pidgin,domestic,North West,booking_interest,Bimbia Slave Trade Port,South West,neutral,3.4,True,False
QRY-000397,2026-08-13 19:57,SESS-000173,VIS-00174,voice_note,French,domestic,South,directions,Mvog-Betsi Zoo & Botanical Garden,Centre,positive,3.1,True,False
QRY-001922,2026-08-13 20:21,SESS-000766,VIS-00767,text,English,domestic,South,booking_interest,Chutes de la Lobe,South,neutral,4.0,True,False
QRY-003091,2026-08-13 20:35,SESS-001230,VIS-01231,text,French,domestic,Adamawa,transport_fare,Chez Wou & La Salsa,Centre,positive,3.4,True,False
QRY-005842,2026-08-13 20:52,SESS-002341,VIS-02342,text,French,domestic,Far North,directions,Musee National de Yaounde,Centre,neutral,2.8,True,False
QRY-000838,2026-08-13 21:24,SESS-000330,VIS-00331,text,Pidgin,domestic,South West,general_chat,,Centre,positive,5.2,True,False
QRY-002382,2026-08-13 21:55,SESS-000953,VIS-00954,text,French,domestic,West,directions,Mvog-Betsi Zoo & Botanical Garden,Centre,neutral,2.5,True,False
QRY-005248,2026-08-13 22:02,SESS-002083,VIS-02084,text,French,domestic,East,cultural_info,FINI Hotel Bobende,South West,positive,3.6,True,False
QRY-002275,2026-08-13 22:03,SESS-000908,VIS-00909,text,French,foreign,South Africa,transport_fare,FINI Hotel Bobende,South West,neutral,1.5,False,False
QRY-002130,2026-08-13 22:10,SESS-000846,VIS-00847,text,French,foreign,China,pricing,Rue des Artisans,West,positive,1.4,True,False
QRY-001634,2026-08-13 22:25,SESS-000650,VIS-00651,text,French,foreign,Equatorial Guinea,pricing,Down Beach & Batoke Beach,South West,positive,2.4,True,False
QRY-005234,2026-08-13 22:26,SESS-002076,VIS-02077,text,English,domestic,South,transport_fare,Star Land Hotel Bastos,Centre,positive,3.4,True,False
QRY-003965,2026-08-13 22:26,SESS-001567,VIS-01568,text,French,domestic,West,transport_fare,Chez Wou & La Salsa,Centre,neutral,3.4,True,False
QRY-004120,2026-08-13 22:40,SESS-001628,VIS-01629,text,French,domestic,North West,cultural_info,Hilton Yaounde,Centre,neutral,4.6,True,False
QRY-000289,2026-08-13 22:49,SESS-000131,VIS-00132,text,English,domestic,South West,pricing,Musee National de Yaounde,Centre,neutral,3.0,True,False
QRY-001889,2026-08-13 22:56,SESS-000753,VIS-00754,text,English,domestic,North,opening_hours,Down Beach & Batoke Beach,South West,neutral,3.0,True,False
QRY-004367,2026-08-14 06:08,SESS-001719,VIS-01720,text,French,domestic,East,pricing,Hotel Ilomba,South,positive,4.4,True,False
QRY-000303,2026-08-14 06:11,SESS-000137,VIS-00138,voice_note,French,domestic,North,pricing,Plage de Kribi (Tara Plage),South,neutral,4.0,True,False
QRY-001142,2026-08-14 06:24,SESS-000453,VIS-00454,text,English,domestic,Centre,transport_fare,Hilton Yaounde,Centre,neutral,2.4,True,False
QRY-005789,2026-08-14 07:09,SESS-002315,VIS-02316,text,English,foreign,USA,cultural_info,Mvog-Betsi Zoo & Botanical Garden,Centre,neutral,4.6,True,False
QRY-001433,2026-08-14 07:10,SESS-000573,VIS-00574,text,French,foreign,Germany,general_chat,,Adamawa,neutral,1.2,True,False
QRY-000684,2026-08-14 07:16,SESS-000276,VIS-00277,voice_note,English,domestic,North,emergency_sos,Hotel Ilomba,South,negative,1.2,True,True
QRY-003975,2026-08-14 07:30,SESS-001572,VIS-01573,voice_note,English,foreign,Equatorial Guinea,cultural_info,Mount Cameroon (Upper Farms),South West,positive,3.5,True,False
QRY-006067,2026-08-14 07:30,SESS-002418,VIS-02419,text,English,foreign,Germany,pricing,FINI Hotel Bobende,South West,positive,4.1,True,False
QRY-000320,2026-08-14 07:57,SESS-000143,VIS-00144,text,English,domestic,East,opening_hours,Palais des Rois Bell (Pagode),Littoral,positive,5.8,True,False
QRY-005315,2026-08-14 08:05,SESS-002112,VIS-02113,voice_note,English,foreign,Belgium,booking_interest,Seme Beach Hotel,South West,positive,3.2,True,False
QRY-004948,2026-08-14 08:15,SESS-001955,VIS-01956,text,French,domestic,South,opening_hours,Grand Batanga & Luma Museum,South,neutral,2.1,True,False
QRY-003800,2026-08-14 08:44,SESS-001517,VIS-01518,text,English,domestic,Adamawa,directions,Plage de Kribi (Tara Plage),South,neutral,3.4,True,False
QRY-003048,2026-08-14 08:57,SESS-001205,VIS-01206,text,French,foreign,France,pricing,Monument de la Reunification,Centre,neutral,3.2,True,False
QRY-002329,2026-08-14 09:45,SESS-000929,VIS-00930,text,French,domestic,North,general_chat,,East,neutral,3.6,True,False
QRY-002216,2026-08-14 09:47,SESS-000882,VIS-00883,voice_note,Pidgin,domestic,Centre,booking_interest,Seme Beach Hotel,South West,neutral,1.9,True,False
QRY-005803,2026-08-14 09:48,SESS-002323,VIS-02324,voice_note,French,foreign,Belgium,pricing,Rue des Artisans,West,negative,5.0,True,False
QRY-002261,2026-08-14 09:48,SESS-000904,VIS-00905,voice_note,Pidgin,foreign,South Africa,cultural_info,Limbe Botanic Garden,South West,neutral,3.8,True,False
QRY-003213,2026-08-14 09:52,SESS-001285,VIS-01286,text,English,domestic,East,cultural_info,Chez Carimo / Lobe Shacks,South,positive,3.2,True,False
QRY-003240,2026-08-14 10:00,SESS-001297,VIS-01298,text,French,domestic,East,transport_fare,Rue des Artisans,West,neutral,2.5,True,False
QRY-005983,2026-08-14 10:02,SESS-002398,VIS-02399,voice_note,English,foreign,Belgium,directions,Marche Sandaga & Deido Soya,Littoral,positive,4.0,True,False
QRY-003440,2026-08-14 10:12,SESS-001372,VIS-01373,text,French,domestic,North,transport_fare,Mvog-Betsi Zoo & Botanical Garden,Centre,neutral,2.6,True,False
QRY-005826,2026-08-14 10:18,SESS-002333,VIS-02334,voice_note,French,domestic,Littoral,opening_hours,Mvog-Betsi Zoo & Botanical Garden,Centre,neutral,4.2,True,False
QRY-005885,2026-08-14 10:20,SESS-002360,VIS-02361,text,English,domestic,Littoral,pricing,Monument de la Reunification,Centre,positive,4.0,True,False
QRY-001948,2026-08-14 10:29,SESS-000777,VIS-00778,text,English,domestic,Littoral,directions,Chutes de la Lobe,South,positive,3.5,True,False
QRY-001601,2026-08-14 10:35,SESS-000635,VIS-00636,voice_note,French,foreign,Gabon,opening_hours,Pullman Douala Rabingha,Littoral,negative,4.3,True,False
QRY-000285,2026-08-14 10:46,SESS-000128,VIS-00129,text,French,domestic,South,opening_hours,Bimbia Slave Trade Port,South West,neutral,4.3,True,False
QRY-006042,2026-08-14 11:44,SESS-002412,VIS-02413,voice_note,English,foreign,Germany,booking_interest,Grand Batanga & Luma Museum,South,neutral,2.9,True,False
QRY-002463,2026-08-14 12:07,SESS-000987,VIS-00988,voice_note,English,domestic,North West,general_chat,,Far North,neutral,3.9,True,False
QRY-000177,2026-08-14 12:20,SESS-000080,VIS-00081,text,English,foreign,Canada,opening_hours,Hotel Zingana,West,neutral,0.8,True,False
QRY-001211,2026-08-14 12:31,SESS-000479,VIS-00480,voice_note,French,domestic,Adamawa,opening_hours,Down Beach Roasted Fish Sheds,South West,neutral,5.8,True,False
QRY-001884,2026-08-14 12:33,SESS-000752,VIS-00753,text,French,domestic,Centre,transport_fare,Limbe Botanic Garden,South West,neutral,2.6,True,False
QRY-000111,2026-08-14 13:07,SESS-000050,VIS-00051,text,French,domestic,East,directions,Limbe Wildlife Centre,South West,neutral,4.4,True,False
QRY-003090,2026-08-14 13:21,SESS-001229,VIS-01230,text,French,domestic,West,pricing,Down Beach & Batoke Beach,South West,negative,3.6,True,False
QRY-002065,2026-08-14 13:27,SESS-000823,VIS-00824,text,French,domestic,North West,booking_interest,Pullman Douala Rabingha,Littoral,positive,3.2,True,False
QRY-004968,2026-08-14 13:40,SESS-001961,VIS-01962,text,Pidgin,foreign,Canada,directions,Mont Febe & Golf Club,Centre,positive,3.8,True,False
QRY-005403,2026-08-14 13:42,SESS-002143,VIS-02144,text,English,foreign,UK,directions,Chutes d'Ekom Nkam,Littoral,neutral,5.1,True,False
QRY-001573,2026-08-14 13:46,SESS-000623,VIS-00624,text,English,foreign,USA,transport_fare,Krystal Palace Douala,Littoral,negative,2.8,True,False
QRY-000831,2026-08-14 14:23,SESS-000327,VIS-00328,text,French,domestic,Adamawa,directions,Star Land Hotel Bastos,Centre,neutral,2.4,True,False
QRY-003603,2026-08-14 14:41,SESS-001433,VIS-01434,text,English,foreign,Belgium,transport_fare,FINI Hotel Bobende,South West,neutral,3.3,True,False
QRY-000304,2026-08-14 15:16,SESS-000137,VIS-00138,text,French,foreign,Germany,transport_fare,Limbe Wildlife Centre,South West,neutral,3.3,True,False
QRY-003803,2026-08-14 15:20,SESS-001518,VIS-01519,text,French,domestic,Littoral,transport_fare,Limbe Botanic Garden,South West,neutral,2.4,True,False
QRY-002168,2026-08-14 16:04,SESS-000864,VIS-00865,text,English,domestic,Centre,pricing,Monument de la Reunification,Centre,positive,3.3,True,False
QRY-000220,2026-08-14 16:12,SESS-000103,VIS-00104,text,English,domestic,Adamawa,directions,FINI Hotel Bobende,South West,positive,3.2,True,False
QRY-002573,2026-08-14 16:30,SESS-001026,VIS-01027,voice_note,French,domestic,East,directions,Chez Carimo / Lobe Shacks,South,positive,3.1,True,False
QRY-004567,2026-08-14 16:44,SESS-001802,VIS-01803,voice_note,Pidgin,domestic,North,pricing,L'Ovalie & La Fourchette,Littoral,neutral,3.5,True,False
QRY-006066,2026-08-14 16:58,SESS-002418,VIS-02419,text,French,domestic,Centre,opening_hours,Star Land Hotel Bastos,Centre,positive,3.2,True,False
QRY-002361,2026-08-14 17:15,SESS-000944,VIS-00945,voice_note,English,domestic,Adamawa,opening_hours,Plage de Kribi (Tara Plage),South,positive,4.7,True,False
QRY-001060,2026-08-14 17:49,SESS-000418,VIS-00419,voice_note,English,domestic,Adamawa,general_chat,,Littoral,neutral,3.5,True,False
QRY-000390,2026-08-14 18:14,SESS-000170,VIS-00171,text,French,foreign,Canada,pricing,Campo Ma'an National Park,South,neutral,3.1,True,False
QRY-005687,2026-08-14 18:21,SESS-002267,VIS-02268,text,French,foreign,Chad,general_chat,,Littoral,neutral,3.6,True,False
QRY-006060,2026-08-14 18:34,SESS-002417,VIS-02418,text,English,foreign,Gabon,directions,Grand Batanga & Luma Museum,South,neutral,3.1,True,False
QRY-002365,2026-08-14 18:54,SESS-000945,VIS-00946,voice_note,English,foreign,Gabon,pricing,Limbe Botanic Garden,South West,neutral,5.1,True,False
QRY-005781,2026-08-14 18:58,SESS-002313,VIS-02314,text,French,foreign,Equatorial Guinea,cultural_info,Bimbia Slave Trade Port,South West,positive,3.2,True,False
QRY-000635,2026-08-14 19:13,SESS-000261,VIS-00262,text,French,domestic,East,booking_interest,Bimbia Slave Trade Port,South West,negative,3.7,True,False
QRY-002607,2026-08-14 19:40,SESS-001034,VIS-01035,voice_note,English,foreign,USA,pricing,Domaine du Petpenoun,West,positive,1.2,True,False
QRY-005324,2026-08-14 20:03,SESS-002116,VIS-02117,text,French,domestic,East,directions,Hilton Yaounde,Centre,positive,2.1,True,False
QRY-000388,2026-08-14 20:18,SESS-000170,VIS-00171,text,French,domestic,South West,pricing,Mont Febe & Golf Club,Centre,neutral,3.5,True,False
QRY-000262,2026-08-14 20:21,SESS-000120,VIS-00121,voice_note,English,domestic,Adamawa,cultural_info,Pullman Douala Rabingha,Littoral,neutral,2.4,True,False
QRY-005437,2026-08-14 20:24,SESS-002163,VIS-02164,voice_note,French,domestic,Far North,pricing,Hilton Yaounde,Centre,neutral,2.0,True,False
QRY-001902,2026-08-14 20:24,SESS-000757,VIS-00758,text,Pidgin,domestic,Centre,directions,Artisanal Village & Flower Market,Littoral,positive,4.0,True,False
QRY-000642,2026-08-14 20:37,SESS-000262,VIS-00263,text,French,domestic,East,directions,Limbe Wildlife Centre,South West,neutral,4.2,True,False
QRY-005815,2026-08-14 21:12,SESS-002330,VIS-02331,voice_note,French,domestic,South West,pricing,Musee Maritime de Douala,Littoral,positive,2.7,True,False
QRY-006184,2026-08-14 21:13,SESS-002467,VIS-02468,text,Pidgin,domestic,West,opening_hours,Mont Febe & Golf Club,Centre,positive,4.3,True,False
QRY-003465,2026-08-14 21:35,SESS-001382,VIS-01383,text,French,domestic,South West,opening_hours,Plage de Kribi (Tara Plage),South,neutral,3.2,True,False
QRY-004796,2026-08-14 22:10,SESS-001895,VIS-01896,text,English,domestic,Centre,general_chat,,West,positive,3.9,True,False
QRY-002398,2026-08-14 22:29,SESS-000960,VIS-00961,text,French,domestic,South,transport_fare,Artisanal Village & Flower Market,Littoral,neutral,3.8,True,False
QRY-005263,2026-08-14 22:49,SESS-002090,VIS-02091,voice_note,French,foreign,South Africa,general_chat,,Littoral,neutral,3.1,True,False
QRY-001682,2026-08-14 22:52,SESS-000672,VIS-00673,voice_note,Pidgin,domestic,South West,pricing,Chez Carimo / Lobe Shacks,South,positive,1.5,True,False
QRY-002031,2026-08-14 22:59,SESS-000806,VIS-00807,voice_note,English,domestic,West,transport_fare,Chez Wou & La Salsa,Centre,neutral,3.3,True,False
QRY-005853,2026-08-15 06:08,SESS-002348,VIS-02349,text,English,foreign,Canada,opening_hours,Marche Sandaga & Deido Soya,Littoral,positive,2.2,True,False
QRY-003694,2026-08-15 06:11,SESS-001466,VIS-01467,voice_note,French,foreign,Gabon,transport_fare,Campo Ma'an National Park,South,positive,0.8,True,False
QRY-004921,2026-08-15 06:14,SESS-001946,VIS-01947,voice_note,English,foreign,Germany,pricing,Rue des Artisans,West,positive,3.4,True,False
QRY-002179,2026-08-15 06:16,SESS-000868,VIS-00869,voice_note,French,domestic,South West,pricing,Chez Wou & La Salsa,Centre,neutral,3.4,True,False
QRY-000512,2026-08-15 07:03,SESS-000214,VIS-00215,text,English,domestic,North West,transport_fare,Chutes de la Lobe,South,neutral,3.4,True,False
QRY-000544,2026-08-15 07:23,SESS-000228,VIS-00229,text,French,domestic,North West,transport_fare,Campo Ma'an National Park,South,neutral,4.0,True,False
QRY-000337,2026-08-15 07:25,SESS-000150,VIS-00151,text,French,domestic,North West,general_chat,,Littoral,positive,2.5,True,False
QRY-000579,2026-08-15 07:31,SESS-000245,VIS-00246,voice_note,Pidgin,domestic,South,general_chat,,South,neutral,4.5,True,False
QRY-002588,2026-08-15 07:31,SESS-001030,VIS-01031,voice_note,French,foreign,USA,transport_fare,Palais des Rois Bell (Pagode),Littoral,negative,2.2,True,False
QRY-005677,2026-08-15 07:51,SESS-002264,VIS-02265,text,English,domestic,North,pricing,Down Beach Roasted Fish Sheds,South West,neutral,3.3,True,False
QRY-000505,2026-08-15 08:11,SESS-000213,VIS-00214,text,French,foreign,Canada,booking_interest,Marche Sandaga & Deido Soya,Littoral,neutral,4.4,True,False
QRY-001496,2026-08-15 08:13,SESS-000599,VIS-00600,text,French,domestic,North West,directions,Mvog-Betsi Zoo & Botanical Garden,Centre,neutral,3.1,True,False
QRY-004919,2026-08-15 08:15,SESS-001946,VIS-01947,text,Pidgin,domestic,Littoral,pricing,Hotel Zingana,West,neutral,1.7,True,False
QRY-003485,2026-08-15 08:24,SESS-001389,VIS-01390,text,French,foreign,South Africa,transport_fare,FINI Hotel Bobende,South West,neutral,3.7,True,False
QRY-001942,2026-08-15 08:25,SESS-000774,VIS-00775,voice_note,English,domestic,North,opening_hours,Marche Sandaga & Deido Soya,Littoral,positive,3.2,True,False
QRY-005361,2026-08-15 08:38,SESS-002133,VIS-02134,text,French,domestic,West,transport_fare,Rue des Artisans,West,positive,1.0,True,False
QRY-003292,2026-08-15 08:45,SESS-001316,VIS-01317,voice_note,English,domestic,Littoral,directions,Limbe Wildlife Centre,South West,neutral,3.0,True,False
QRY-006084,2026-08-15 08:51,SESS-002426,VIS-02427,voice_note,English,foreign,Nigeria,directions,Limbe Wildlife Centre,South West,neutral,3.5,True,False
QRY-000422,2026-08-15 08:54,SESS-000180,VIS-00181,text,English,foreign,China,booking_interest,Artisanal Village & Flower Market,Littoral,neutral,3.7,False,False
QRY-002206,2026-08-15 09:13,SESS-000876,VIS-00877,text,French,domestic,East,booking_interest,Artisanal Village & Flower Market,Littoral,positive,2.5,True,False
QRY-003757,2026-08-15 09:27,SESS-001498,VIS-01499,text,French,domestic,Adamawa,emergency_sos,Down Beach & Batoke Beach,South West,negative,1.4,True,True
QRY-003220,2026-08-15 09:30,SESS-001289,VIS-01290,voice_note,French,domestic,East,cultural_info,Campo Ma'an National Park,South,neutral,2.9,True,False
QRY-000534,2026-08-15 09:42,SESS-000224,VIS-00225,text,French,domestic,Centre,pricing,Krystal Palace Douala,Littoral,neutral,2.4,True,False
QRY-005864,2026-08-15 09:50,SESS-002352,VIS-02353,text,French,domestic,Adamawa,directions,Chez Wou & La Salsa,Centre,neutral,2.1,True,False
QRY-004953,2026-08-15 10:08,SESS-001956,VIS-01957,text,Pidgin,foreign,South Africa,cultural_info,Hotel Ilomba,South,positive,2.5,True,False
QRY-001995,2026-08-15 10:33,SESS-000792,VIS-00793,text,English,domestic,South,transport_fare,Les Gites de Kribi,South,neutral,1.9,True,False
QRY-004127,2026-08-15 11:11,SESS-001633,VIS-01634,text,English,domestic,Littoral,cultural_info,Hilton Yaounde,Centre,neutral,4.9,False,False
QRY-005498,2026-08-15 11:48,SESS-002185,VIS-02186,text,Pidgin,domestic,Centre,general_chat,,North West,positive,3.7,True,False
QRY-005755,2026-08-15 12:07,SESS-002300,VIS-02301,text,French,foreign,China,general_chat,,Far North,positive,2.5,True,False
QRY-004037,2026-08-15 12:32,SESS-001596,VIS-01597,text,English,domestic,Adamawa,pricing,Plage de Kribi (Tara Plage),South,neutral,1.0,True,False
QRY-000539,2026-08-15 12:46,SESS-000226,VIS-00227,text,English,foreign,UK,pricing,Pullman Douala Rabingha,Littoral,neutral,3.8,True,False
QRY-000299,2026-08-15 12:47,SESS-000136,VIS-00137,text,French,domestic,Adamawa,emergency_sos,Chez Carimo / Lobe Shacks,South,negative,2.0,False,True
QRY-004402,2026-08-15 13:12,SESS-001732,VIS-01733,text,English,domestic,East,booking_interest,Down Beach Roasted Fish Sheds,South West,positive,2.4,True,False
QRY-001267,2026-08-15 14:36,SESS-000504,VIS-00505,text,English,domestic,East,opening_hours,Musee Maritime de Douala,Littoral,neutral,3.5,True,False
QRY-003429,2026-08-15 14:37,SESS-001368,VIS-01369,voice_note,French,foreign,UK,opening_hours,Chefferie de Bandjoun,West,positive,2.6,True,False
QRY-000003,2026-08-15 14:38,SESS-000003,VIS-00004,text,Pidgin,foreign,UK,opening_hours,Mvog-Betsi Zoo & Botanical Garden,Centre,neutral,4.5,True,False
QRY-001920,2026-08-15 14:53,SESS-000764,VIS-00765,text,Pidgin,foreign,Germany,cultural_info,Chutes d'Ekom Nkam,Littoral,neutral,3.5,True,False
QRY-004023,2026-08-15 15:29,SESS-001592,VIS-01593,text,English,domestic,West,transport_fare,Marche Sandaga & Deido Soya,Littoral,negative,3.5,True,False
QRY-004492,2026-08-15 15:40,SESS-001767,VIS-01768,text,French,foreign,Chad,cultural_info,Domaine du Petpenoun,West,neutral,4.3,True,False
QRY-001635,2026-08-15 15:49,SESS-000651,VIS-00652,text,French,domestic,North West,pricing,Chefferie de Bandjoun,West,neutral,2.2,True,False
QRY-002197,2026-08-15 15:56,SESS-000873,VIS-00874,voice_note,English,domestic,North West,opening_hours,Krystal Palace Douala,Littoral,positive,2.4,True,False
QRY-004628,2026-08-15 16:31,SESS-001828,VIS-01829,text,French,domestic,Centre,general_chat,,North,positive,2.4,True,False
QRY-006090,2026-08-15 17:23,SESS-002429,VIS-02430,text,French,domestic,South,transport_fare,Grand Batanga & Luma Museum,South,neutral,2.8,True,False
QRY-004686,2026-08-15 17:25,SESS-001852,VIS-01853,voice_note,English,foreign,USA,pricing,Grand Batanga & Luma Museum,South,positive,4.7,True,False
QRY-003476,2026-08-15 17:49,SESS-001385,VIS-01386,voice_note,French,domestic,Centre,opening_hours,Mont Febe & Golf Club,Centre,neutral,4.8,True,False
QRY-004825,2026-08-15 18:00,SESS-001905,VIS-01906,text,Pidgin,foreign,Gabon,cultural_info,Hotel Zingana,West,positive,1.4,True,False
QRY-000279,2026-08-15 18:07,SESS-000127,VIS-00128,text,Pidgin,domestic,East,transport_fare,Pullman Douala Rabingha,Littoral,positive,4.0,True,False
QRY-006051,2026-08-15 18:08,SESS-002415,VIS-02416,text,French,domestic,Centre,booking_interest,Mont Febe & Golf Club,Centre,positive,3.7,True,False
QRY-004940,2026-08-15 18:23,SESS-001953,VIS-01954,text,French,foreign,China,opening_hours,Mefou Primate Sanctuary,Centre,neutral,3.0,True,False
QRY-002841,2026-08-15 18:41,SESS-001117,VIS-01118,text,French,domestic,West,opening_hours,Limbe Wildlife Centre,South West,positive,2.7,True,False
QRY-003269,2026-08-15 19:09,SESS-001307,VIS-01308,voice_note,French,foreign,Chad,opening_hours,Down Beach & Batoke Beach,South West,neutral,1.8,True,False
QRY-005560,2026-08-15 19:18,SESS-002218,VIS-02219,text,French,domestic,Adamawa,directions,Rue des Artisans,West,positive,3.6,True,False
QRY-002388,2026-08-15 19:21,SESS-000955,VIS-00956,text,French,domestic,South West,transport_fare,Seme Beach Hotel,South West,positive,3.4,True,False
QRY-003332,2026-08-15 19:22,SESS-001336,VIS-01337,text,French,domestic,Centre,booking_interest,FINI Hotel Bobende,South West,neutral,4.2,True,False
QRY-002933,2026-08-15 19:32,SESS-001156,VIS-01157,text,French,domestic,Littoral,transport_fare,L'Ovalie & La Fourchette,Littoral,positive,3.5,True,False
QRY-001121,2026-08-15 19:50,SESS-000442,VIS-00443,text,Pidgin,domestic,North,transport_fare,Chez Wou & La Salsa,Centre,neutral,2.4,True,False
QRY-005973,2026-08-15 20:13,SESS-002395,VIS-02396,voice_note,English,domestic,Adamawa,pricing,Musee Maritime de Douala,Littoral,neutral,3.3,False,False
QRY-005323,2026-08-15 20:26,SESS-002115,VIS-02116,voice_note,French,foreign,Gabon,pricing,Limbe Wildlife Centre,South West,neutral,2.3,True,False
QRY-001329,2026-08-15 20:38,SESS-000528,VIS-00529,text,French,foreign,Canada,pricing,Grand Batanga & Luma Museum,South,neutral,3.8,True,False
QRY-002279,2026-08-15 21:14,SESS-000908,VIS-00909,text,English,domestic,East,transport_fare,L'Ovalie & La Fourchette,Littoral,neutral,2.8,True,False
QRY-004868,2026-08-15 21:21,SESS-001924,VIS-01925,text,Pidgin,foreign,Belgium,directions,Marche Sandaga & Deido Soya,Littoral,neutral,2.6,True,False
QRY-004804,2026-08-15 22:06,SESS-001898,VIS-01899,text,Pidgin,domestic,North,cultural_info,Musee National de Yaounde,Centre,neutral,2.8,True,False
QRY-005095,2026-08-15 22:15,SESS-002014,VIS-02015,text,French,foreign,Nigeria,pricing,FINI Hotel Bobende,South West,positive,3.1,True,False
QRY-004762,2026-08-15 22:29,SESS-001882,VIS-01883,text,English,domestic,Far North,booking_interest,Down Beach & Batoke Beach,South West,neutral,2.7,True,False
QRY-002906,2026-08-15 22:46,SESS-001146,VIS-01147,voice_note,Pidgin,foreign,France,booking_interest,Palais des Rois Bell (Pagode),Littoral,neutral,2.6,True,False
QRY-004396,2026-08-15 22:56,SESS-001730,VIS-01731,voice_note,French,domestic,South West,opening_hours,Rue des Artisans,West,neutral,2.2,True,False
QRY-001875,2026-08-16 06:21,SESS-000746,VIS-00747,text,Pidgin,domestic,East,directions,Marche Sandaga & Deido Soya,Littoral,neutral,1.9,True,False
QRY-004585,2026-08-16 07:12,SESS-001812,VIS-01813,text,French,domestic,Adamawa,cultural_info,Down Beach Roasted Fish Sheds,South West,neutral,2.9,True,False
QRY-002051,2026-08-16 08:05,SESS-000817,VIS-00818,text,French,foreign,Gabon,cultural_info,Limbe Wildlife Centre,South West,neutral,3.9,True,False
QRY-004840,2026-08-16 08:21,SESS-001912,VIS-01913,text,French,foreign,USA,general_chat,,East,neutral,3.8,True,False
QRY-006041,2026-08-16 08:49,SESS-002411,VIS-02412,voice_note,English,domestic,East,pricing,Pullman Douala Rabingha,Littoral,neutral,3.8,True,False
QRY-002099,2026-08-16 08:51,SESS-000834,VIS-00835,text,Pidgin,domestic,Littoral,booking_interest,Hotel Zingana,West,positive,2.1,True,False
QRY-001104,2026-08-16 09:13,SESS-000433,VIS-00434,text,English,domestic,North,directions,FINI Hotel Bobende,South West,neutral,1.8,True,False
QRY-003039,2026-08-16 09:30,SESS-001199,VIS-01200,text,English,foreign,Equatorial Guinea,opening_hours,Plage de Kribi (Tara Plage),South,positive,2.9,True,False
QRY-005452,2026-08-16 09:48,SESS-002168,VIS-02169,text,French,domestic,Far North,transport_fare,FINI Hotel Bobende,South West,neutral,1.4,True,False
QRY-002853,2026-08-16 11:04,SESS-001122,VIS-01123,text,English,domestic,South,directions,Limbe Wildlife Centre,South West,neutral,4.5,True,False
QRY-001172,2026-08-16 11:43,SESS-000461,VIS-00462,text,French,foreign,Germany,directions,Bimbia Slave Trade Port,South West,positive,3.1,True,False
QRY-004929,2026-08-16 12:07,SESS-001948,VIS-01949,voice_note,French,foreign,Equatorial Guinea,general_chat,,West,neutral,4.8,True,False
QRY-002432,2026-08-16 12:29,SESS-000969,VIS-00970,text,French,domestic,Far North,opening_hours,Palais des Rois Bell (Pagode),Littoral,neutral,4.2,True,False
QRY-000468,2026-08-16 12:30,SESS-000200,VIS-00201,text,French,foreign,Nigeria,directions,Limbe Botanic Garden,South West,positive,4.1,True,False
QRY-002632,2026-08-16 12:33,SESS-001042,VIS-01043,text,English,foreign,France,cultural_info,Plage de Kribi (Tara Plage),South,neutral,3.8,True,False
QRY-003632,2026-08-16 12:34,SESS-001440,VIS-01441,text,French,foreign,Nigeria,general_chat,,West,positive,4.0,True,False
QRY-003042,2026-08-16 12:35,SESS-001201,VIS-01202,text,French,domestic,Adamawa,transport_fare,Palais des Rois Bell (Pagode),Littoral,positive,3.6,True,False
QRY-004392,2026-08-16 12:39,SESS-001728,VIS-01729,text,French,domestic,North West,transport_fare,Artisanal Village & Flower Market,Littoral,neutral,4.1,True,False
QRY-000616,2026-08-16 12:44,SESS-000255,VIS-00256,text,French,domestic,Centre,pricing,Down Beach Roasted Fish Sheds,South West,negative,1.8,True,False
QRY-003545,2026-08-16 13:35,SESS-001410,VIS-01411,text,English,domestic,East,pricing,Chutes de la Lobe,South,neutral,3.3,True,False
QRY-003835,2026-08-16 13:54,SESS-001532,VIS-01533,voice_note,English,domestic,South West,booking_interest,Musee Maritime de Douala,Littoral,neutral,2.9,True,False
QRY-005978,2026-08-16 14:14,SESS-002396,VIS-02397,voice_note,French,foreign,Canada,pricing,FINI Hotel Bobende,South West,positive,2.6,True,False
QRY-001663,2026-08-16 14:15,SESS-000664,VIS-00665,text,English,domestic,North,directions,Musee Maritime de Douala,Littoral,positive,4.5,True,False
QRY-001848,2026-08-16 14:32,SESS-000737,VIS-00738,voice_note,English,foreign,Chad,transport_fare,West Region Gastronomy Spots,West,positive,3.1,True,False
QRY-001474,2026-08-16 14:38,SESS-000591,VIS-00592,voice_note,English,domestic,West,pricing,Down Beach Roasted Fish Sheds,South West,neutral,2.6,True,False
QRY-001983,2026-08-16 14:40,SESS-000787,VIS-00788,text,French,foreign,France,cultural_info,Hotel Zingana,West,neutral,2.4,True,False
QRY-004983,2026-08-16 15:04,SESS-001966,VIS-01967,text,Pidgin,foreign,South Africa,general_chat,,South,neutral,0.8,True,False
QRY-001723,2026-08-16 15:34,SESS-000688,VIS-00689,text,English,domestic,South West,cultural_info,Mefou Primate Sanctuary,Centre,positive,3.7,True,False
QRY-001835,2026-08-16 15:42,SESS-000731,VIS-00732,text,English,domestic,East,cultural_info,Chez Wou & La Salsa,Centre,positive,3.7,True,False
QRY-006169,2026-08-16 15:50,SESS-002461,VIS-02462,text,English,domestic,Far North,directions,Hotel Ilomba,South,positive,3.4,True,False
QRY-005140,2026-08-16 15:57,SESS-002032,VIS-02033,voice_note,English,domestic,West,cultural_info,Limbe Botanic Garden,South West,positive,3.1,True,False
QRY-002291,2026-08-16 16:29,SESS-000911,VIS-00912,text,English,domestic,North West,pricing,Hilton Yaounde,Centre,neutral,3.1,True,False
QRY-002473,2026-08-16 16:38,SESS-000989,VIS-00990,text,English,domestic,Littoral,directions,Krystal Palace Douala,Littoral,positive,4.4,True,False
QRY-002803,2026-08-16 16:38,SESS-001105,VIS-01106,text,French,domestic,West,transport_fare,Mont Febe & Golf Club,Centre,positive,4.7,True,False
QRY-001713,2026-08-16 16:42,SESS-000685,VIS-00686,text,French,foreign,China,opening_hours,Mont Febe & Golf Club,Centre,positive,3.4,True,False
QRY-003392,2026-08-16 17:05,SESS-001355,VIS-01356,text,French,foreign,Equatorial Guinea,transport_fare,Mvog-Betsi Zoo & Botanical Garden,Centre,neutral,1.4,True,False
QRY-002346,2026-08-16 17:16,SESS-000936,VIS-00937,text,French,domestic,North West,cultural_info,Les Gites de Kribi,South,neutral,3.8,False,False
QRY-001681,2026-08-16 17:19,SESS-000671,VIS-00672,text,French,domestic,Littoral,opening_hours,Musee Maritime de Douala,Littoral,neutral,2.5,True,False
QRY-000805,2026-08-16 17:27,SESS-000318,VIS-00319,voice_note,French,domestic,Adamawa,pricing,Pullman Douala Rabingha,Littoral,positive,3.5,True,False
QRY-002441,2026-08-16 17:55,SESS-000975,VIS-00976,voice_note,English,foreign,China,general_chat,,Littoral,positive,4.5,True,False
QRY-004354,2026-08-16 17:56,SESS-001714,VIS-01715,text,French,domestic,North West,opening_hours,Hotel Ilomba,South,neutral,4.7,True,False
QRY-001067,2026-08-16 18:03,SESS-000421,VIS-00422,text,French,domestic,North,opening_hours,Down Beach Roasted Fish Sheds,South West,positive,3.9,False,False
QRY-001126,2026-08-16 18:06,SESS-000444,VIS-00445,text,French,domestic,North West,opening_hours,Marche Sandaga & Deido Soya,Littoral,neutral,3.9,True,False
QRY-005886,2026-08-16 19:02,SESS-002360,VIS-02361,text,English,domestic,West,opening_hours,Palais des Rois Bell (Pagode),Littoral,neutral,3.9,True,False
QRY-004359,2026-08-16 19:03,SESS-001715,VIS-01716,voice_note,French,foreign,Nigeria,opening_hours,Monument de la Reunification,Centre,positive,3.5,True,False
QRY-004639,2026-08-16 20:12,SESS-001832,VIS-01833,text,French,domestic,North,opening_hours,Mont Febe & Golf Club,Centre,negative,4.2,True,False
QRY-003650,2026-08-16 20:43,SESS-001448,VIS-01449,text,Pidgin,foreign,UK,directions,L'Ovalie & La Fourchette,Littoral,positive,2.5,True,False
QRY-002012,2026-08-16 20:44,SESS-000800,VIS-00801,text,English,domestic,West,directions,Artisanal Village & Flower Market,Littoral,neutral,0.9,True,False
QRY-004633,2026-08-16 21:05,SESS-001830,VIS-01831,text,Pidgin,domestic,West,emergency_sos,Mount Cameroon (Upper Farms),South West,negative,3.0,True,True
QRY-000913,2026-08-16 21:16,SESS-000360,VIS-00361,text,Pidgin,domestic,West,cultural_info,Musee National de Yaounde,Centre,positive,2.2,True,False
QRY-000747,2026-08-16 22:07,SESS-000294,VIS-00295,text,Pidgin,domestic,North West,booking_interest,Artisanal Village & Flower Market,Littoral,neutral,3.0,True,False
QRY-006117,2026-08-17 06:03,SESS-002439,VIS-02440,voice_note,English,foreign,Germany,general_chat,,Adamawa,positive,1.3,False,False
QRY-001308,2026-08-17 06:28,SESS-000513,VIS-00514,text,French,foreign,China,general_chat,,South,positive,3.5,True,False
QRY-005461,2026-08-17 07:00,SESS-002172,VIS-02173,text,Pidgin,foreign,Chad,cultural_info,Musee National de Yaounde,Centre,positive,3.4,True,False
QRY-001617,2026-08-17 07:25,SESS-000642,VIS-00643,text,French,domestic,Littoral,booking_interest,Chez Wou & La Salsa,Centre,positive,2.8,True,False
QRY-003356,2026-08-17 07:57,SESS-001344,VIS-01345,voice_note,French,domestic,West,pricing,Douala-Edea Wildlife Reserve,Littoral,neutral,2.4,True,False
QRY-005443,2026-08-17 08:19,SESS-002167,VIS-02168,text,English,domestic,Far North,cultural_info,Chez Wou & La Salsa,Centre,neutral,2.4,True,False
QRY-006082,2026-08-17 08:30,SESS-002426,VIS-02427,voice_note,French,foreign,Chad,directions,Chez Wou & La Salsa,Centre,positive,2.8,True,False
QRY-005547,2026-08-17 08:47,SESS-002214,VIS-02215,text,French,domestic,South West,opening_hours,Chutes d'Ekom Nkam,Littoral,neutral,3.0,True,False
QRY-005873,2026-08-17 08:49,SESS-002357,VIS-02358,text,French,foreign,Canada,cultural_info,Hilton Yaounde,Centre,neutral,4.0,True,False
QRY-002414,2026-08-17 09:10,SESS-000963,VIS-00964,text,French,domestic,Far North,transport_fare,Mefou Primate Sanctuary,Centre,positive,3.0,True,False
QRY-001298,2026-08-17 10:04,SESS-000511,VIS-00512,text,Pidgin,domestic,Centre,opening_hours,Hotel Ilomba,South,positive,1.7,True,False
QRY-000215,2026-08-17 10:09,SESS-000102,VIS-00103,text,French,domestic,West,directions,Hotel Ilomba,South,neutral,4.2,True,False
QRY-003913,2026-08-17 10:14,SESS-001555,VIS-01556,text,Pidgin,domestic,Far North,opening_hours,L'Ovalie & La Fourchette,Littoral,neutral,3.7,True,False
QRY-003348,2026-08-17 10:18,SESS-001342,VIS-01343,text,Pidgin,domestic,West,cultural_info,Mefou Primate Sanctuary,Centre,neutral,4.0,True,False
QRY-005118,2026-08-17 11:02,SESS-002023,VIS-02024,voice_note,English,foreign,Belgium,opening_hours,Palais Royal de Foumban & Museum,West,neutral,3.7,True,False
QRY-003380,2026-08-17 11:23,SESS-001352,VIS-01353,text,French,domestic,North,cultural_info,Chefferie de Bandjoun,West,positive,2.4,True,False
QRY-005098,2026-08-17 12:00,SESS-002014,VIS-02015,text,French,domestic,Littoral,general_chat,,South,positive,3.1,True,False
QRY-005141,2026-08-17 12:09,SESS-002033,VIS-02034,text,French,domestic,Littoral,opening_hours,Hotel Ilomba,South,neutral,2.8,True,False
QRY-004325,2026-08-17 12:32,SESS-001703,VIS-01704,text,French,foreign,Belgium,opening_hours,Palais Royal de Foumban & Museum,West,neutral,2.6,True,False
QRY-000018,2026-08-17 12:35,SESS-000008,VIS-00009,text,English,domestic,South,general_chat,,Centre,neutral,3.4,True,False
QRY-005804,2026-08-17 13:24,SESS-002323,VIS-02324,text,French,domestic,Littoral,transport_fare,Krystal Palace Douala,Littoral,positive,1.1,True,False
QRY-002732,2026-08-17 13:35,SESS-001081,VIS-01082,text,Pidgin,foreign,Chad,general_chat,,South,neutral,4.1,True,False
QRY-002040,2026-08-17 13:56,SESS-000810,VIS-00811,text,Pidgin,foreign,Belgium,directions,Pullman Douala Rabingha,Littoral,neutral,5.2,True,False
QRY-006043,2026-08-17 14:20,SESS-002412,VIS-02413,text,Pidgin,domestic,South West,opening_hours,Chutes d'Ekom Nkam,Littoral,positive,2.5,True,False
QRY-004610,2026-08-17 14:21,SESS-001822,VIS-01823,text,English,foreign,China,transport_fare,L'Ovalie & La Fourchette,Littoral,negative,4.9,True,False
QRY-005463,2026-08-17 14:21,SESS-002173,VIS-02174,text,English,foreign,Canada,general_chat,,North West,positive,3.0,True,False
QRY-003193,2026-08-17 14:27,SESS-001276,VIS-01277,text,French,domestic,South West,general_chat,,Far North,neutral,4.4,True,False
QRY-002239,2026-08-17 15:03,SESS-000896,VIS-00897,text,English,foreign,UK,pricing,Douala-Edea Wildlife Reserve,Littoral,negative,4.0,True,False
QRY-003073,2026-08-17 15:11,SESS-001222,VIS-01223,voice_note,English,domestic,Centre,transport_fare,Douala-Edea Wildlife Reserve,Littoral,neutral,3.4,True,False
QRY-005179,2026-08-17 15:13,SESS-002053,VIS-02054,text,French,domestic,North West,directions,Marche Sandaga & Deido Soya,Littoral,negative,3.1,True,False
QRY-005244,2026-08-17 16:21,SESS-002081,VIS-02082,text,English,domestic,East,transport_fare,Musee Maritime de Douala,Littoral,neutral,2.8,False,False
QRY-000368,2026-08-17 16:25,SESS-000162,VIS-00163,text,French,domestic,Littoral,cultural_info,Hilton Yaounde,Centre,neutral,2.9,True,False
QRY-004395,2026-08-17 16:43,SESS-001729,VIS-01730,text,French,foreign,China,general_chat,,South,negative,2.3,True,False
QRY-001391,2026-08-17 17:04,SESS-000553,VIS-00554,text,English,domestic,Far North,cultural_info,Palais Royal de Foumban & Museum,West,positive,1.9,True,False
QRY-004205,2026-08-17 17:10,SESS-001664,VIS-01665,text,French,domestic,South West,transport_fare,Star Land Hotel Bastos,Centre,neutral,5.1,True,False
QRY-002449,2026-08-17 17:59,SESS-000980,VIS-00981,text,French,domestic,Littoral,cultural_info,Hotel Ilomba,South,neutral,4.0,True,False
QRY-001366,2026-08-17 18:04,SESS-000541,VIS-00542,text,French,domestic,Adamawa,pricing,Pullman Douala Rabingha,Littoral,negative,3.6,True,False
QRY-000896,2026-08-17 18:09,SESS-000354,VIS-00355,text,French,domestic,West,cultural_info,Bimbia Slave Trade Port,South West,neutral,5.8,True,False
QRY-003593,2026-08-17 18:11,SESS-001428,VIS-01429,voice_note,French,domestic,West,pricing,FINI Hotel Bobende,South West,negative,2.7,True,False
QRY-000009,2026-08-17 19:06,SESS-000005,VIS-00006,text,English,foreign,USA,transport_fare,Chutes d'Ekom Nkam,Littoral,neutral,3.3,False,False
QRY-002370,2026-08-17 19:12,SESS-000948,VIS-00949,text,French,foreign,South Africa,cultural_info,Palais des Rois Bell (Pagode),Littoral,positive,3.1,True,False
QRY-003565,2026-08-17 19:15,SESS-001417,VIS-01418,text,French,foreign,South Africa,opening_hours,L'Ovalie & La Fourchette,Littoral,positive,2.5,True,False
QRY-001770,2026-08-17 19:19,SESS-000708,VIS-00709,text,French,domestic,West,general_chat,,Littoral,neutral,2.9,True,False
QRY-002014,2026-08-17 19:48,SESS-000800,VIS-00801,text,French,domestic,South,opening_hours,Palais Royal de Foumban & Museum,West,neutral,3.2,True,False
QRY-000218,2026-08-17 20:02,SESS-000103,VIS-00104,text,French,domestic,Far North,general_chat,,East,positive,5.2,True,False
QRY-000566,2026-08-17 20:03,SESS-000240,VIS-00241,voice_note,English,domestic,Adamawa,transport_fare,Artisanal Village & Flower Market,Littoral,neutral,3.3,True,False
QRY-005591,2026-08-17 20:10,SESS-002228,VIS-02229,voice_note,French,domestic,South,opening_hours,Chutes d'Ekom Nkam,Littoral,neutral,3.2,True,False
QRY-004781,2026-08-17 20:14,SESS-001889,VIS-01890,text,French,domestic,Littoral,transport_fare,Palais Royal de Foumban & Museum,West,neutral,3.4,True,False
QRY-001436,2026-08-17 20:16,SESS-000573,VIS-00574,text,French,domestic,South West,pricing,Palais des Rois Bell (Pagode),Littoral,neutral,2.8,True,False
QRY-004130,2026-08-17 20:33,SESS-001633,VIS-01634,text,French,foreign,France,transport_fare,Pullman Douala Rabingha,Littoral,neutral,2.9,True,False
QRY-000123,2026-08-17 21:16,SESS-000055,VIS-00056,text,French,domestic,Adamawa,cultural_info,Chutes d'Ekom Nkam,Littoral,positive,5.6,True,False
QRY-002892,2026-08-17 22:01,SESS-001141,VIS-01142,text,English,foreign,UK,transport_fare,Mount Cameroon (Upper Farms),South West,neutral,3.5,True,False
QRY-001528,2026-08-17 22:32,SESS-000609,VIS-00610,text,Pidgin,domestic,Littoral,booking_interest,Limbe Wildlife Centre,South West,positive,1.1,True,False
QRY-005430,2026-08-18 06:06,SESS-002159,VIS-02160,voice_note,English,foreign,South Africa,booking_interest,Chez Carimo / Lobe Shacks,South,negative,2.2,True,False
QRY-005291,2026-08-18 06:28,SESS-002102,VIS-02103,voice_note,English,domestic,South West,cultural_info,Bimbia Slave Trade Port,South West,positive,3.0,True,False
QRY-003127,2026-08-18 06:44,SESS-001248,VIS-01249,text,English,foreign,Canada,general_chat,,South West,neutral,4.2,True,False
QRY-006200,2026-08-18 07:08,SESS-002475,VIS-02476,text,French,domestic,North,cultural_info,Hilton Yaounde,Centre,positive,3.2,True,False
QRY-004432,2026-08-18 07:25,SESS-001743,VIS-01744,text,French,foreign,China,transport_fare,Plage de Kribi (Tara Plage),South,negative,3.7,True,False
QRY-002479,2026-08-18 07:36,SESS-000991,VIS-00992,text,French,domestic,South,cultural_info,Pullman Douala Rabingha,Littoral,neutral,3.6,True,False
QRY-001512,2026-08-18 07:41,SESS-000606,VIS-00607,text,French,foreign,South Africa,general_chat,,West,neutral,4.0,True,False
QRY-000182,2026-08-18 08:01,SESS-000082,VIS-00083,text,Pidgin,domestic,Adamawa,cultural_info,West Region Gastronomy Spots,West,neutral,4.3,True,False
QRY-005037,2026-08-18 08:07,SESS-001989,VIS-01990,text,French,foreign,Belgium,directions,Hotel Ilomba,South,positive,2.4,True,False
QRY-003625,2026-08-18 08:15,SESS-001439,VIS-01440,text,French,domestic,East,directions,Les Gites de Kribi,South,positive,3.5,True,False
QRY-002523,2026-08-18 08:19,SESS-001005,VIS-01006,text,French,domestic,South,directions,Limbe Botanic Garden,South West,positive,3.1,True,False
QRY-003198,2026-08-18 08:28,SESS-001279,VIS-01280,voice_note,French,domestic,North West,cultural_info,Rue des Artisans,West,neutral,3.3,True,False
QRY-001551,2026-08-18 08:33,SESS-000619,VIS-00620,text,English,domestic,Centre,directions,West Region Gastronomy Spots,West,positive,4.3,True,False
QRY-003211,2026-08-18 08:51,SESS-001285,VIS-01286,text,English,domestic,Centre,directions,Monument de la Reunification,Centre,neutral,2.3,True,False
QRY-000704,2026-08-18 08:51,SESS-000284,VIS-00285,text,English,domestic,Adamawa,directions,Mvog-Betsi Zoo & Botanical Garden,Centre,neutral,3.8,True,False
QRY-002717,2026-08-18 09:11,SESS-001076,VIS-01077,text,English,domestic,Centre,booking_interest,Hotel Zingana,West,positive,3.6,True,False
QRY-003379,2026-08-18 09:15,SESS-001352,VIS-01353,text,English,domestic,Centre,cultural_info,Star Land Hotel Bastos,Centre,positive,3.5,True,False
QRY-000230,2026-08-18 09:30,SESS-000108,VIS-00109,text,French,domestic,Adamawa,transport_fare,Limbe Botanic Garden,South West,negative,3.5,True,False
QRY-000985,2026-08-18 09:47,SESS-000391,VIS-00392,text,French,domestic,North West,general_chat,,South,neutral,1.7,True,False
QRY-005921,2026-08-18 10:42,SESS-002374,VIS-02375,text,French,foreign,China,opening_hours,Musee Maritime de Douala,Littoral,neutral,3.0,True,False
QRY-000826,2026-08-18 10:47,SESS-000324,VIS-00325,voice_note,French,domestic,South West,booking_interest,Mont Febe & Golf Club,Centre,positive,1.5,True,False
QRY-002865,2026-08-18 10:51,SESS-001130,VIS-01131,text,French,domestic,South West,cultural_info,Plage de Kribi (Tara Plage),South,neutral,3.7,True,False
QRY-000207,2026-08-18 11:14,SESS-000096,VIS-00097,text,French,domestic,Far North,transport_fare,West Region Gastronomy Spots,West,neutral,4.1,True,False
QRY-000619,2026-08-18 11:27,SESS-000255,VIS-00256,voice_note,Pidgin,domestic,North,pricing,Musee National de Yaounde,Centre,neutral,3.1,True,False
QRY-003208,2026-08-18 11:36,SESS-001283,VIS-01284,voice_note,French,domestic,West,booking_interest,Chez Carimo / Lobe Shacks,South,positive,1.7,True,False
QRY-000410,2026-08-18 11:40,SESS-000177,VIS-00178,voice_note,English,domestic,Adamawa,opening_hours,Palais des Rois Bell (Pagode),Littoral,negative,3.2,True,False
QRY-001186,2026-08-18 11:42,SESS-000466,VIS-00467,text,French,foreign,Belgium,pricing,L'Ovalie & La Fourchette,Littoral,negative,3.1,True,False
QRY-001977,2026-08-18 12:00,SESS-000786,VIS-00787,voice_note,English,foreign,China,directions,Krystal Palace Douala,Littoral,neutral,2.5,True,False
QRY-001010,2026-08-18 12:07,SESS-000399,VIS-00400,text,French,domestic,West,transport_fare,Monument de la Reunification,Centre,positive,3.7,True,False
QRY-005682,2026-08-18 12:20,SESS-002265,VIS-02266,text,French,foreign,Chad,booking_interest,Seme Beach Hotel,South West,positive,4.2,True,False
QRY-003685,2026-08-18 12:27,SESS-001462,VIS-01463,text,English,domestic,West,pricing,Pullman Douala Rabingha,Littoral,negative,4.5,True,False
QRY-005697,2026-08-18 12:31,SESS-002272,VIS-02273,text,French,foreign,UK,opening_hours,Palais Royal de Foumban & Museum,West,positive,3.0,True,False
QRY-003199,2026-08-18 12:34,SESS-001279,VIS-01280,voice_note,English,foreign,South Africa,directions,Limbe Wildlife Centre,South West,neutral,2.4,True,False
QRY-001049,2026-08-18 13:03,SESS-000413,VIS-00414,voice_note,French,domestic,Centre,directions,Chutes de la Lobe,South,neutral,3.1,True,False
QRY-005540,2026-08-18 13:50,SESS-002207,VIS-02208,voice_note,French,foreign,UK,general_chat,,North West,neutral,5.3,True,False
QRY-001824,2026-08-18 14:01,SESS-000727,VIS-00728,text,French,domestic,Centre,opening_hours,Hotel Ilomba,South,positive,3.3,True,False
QRY-001847,2026-08-18 14:10,SESS-000737,VIS-00738,text,English,foreign,South Africa,general_chat,,East,neutral,1.9,True,False
QRY-002459,2026-08-18 14:26,SESS-000984,VIS-00985,text,French,domestic,North,opening_hours,Hilton Yaounde,Centre,neutral,4.5,True,False
QRY-002450,2026-08-18 16:10,SESS-000981,VIS-00982,text,French,foreign,South Africa,opening_hours,Musee Maritime de Douala,Littoral,positive,4.8,True,False
QRY-000676,2026-08-18 16:47,SESS-000274,VIS-00275,text,French,foreign,Germany,transport_fare,Chefferie de Bandjoun,West,neutral,3.3,True,False
QRY-001957,2026-08-18 16:51,SESS-000782,VIS-00783,voice_note,Pidgin,foreign,Chad,cultural_info,Monument de la Reunification,Centre,positive,1.1,True,False
QRY-002164,2026-08-18 17:01,SESS-000863,VIS-00864,voice_note,English,domestic,East,pricing,Palais Royal de Foumban & Museum,West,neutral,2.2,True,False
QRY-000152,2026-08-18 17:10,SESS-000070,VIS-00071,voice_note,French,domestic,Far North,pricing,Artisanal Village & Flower Market,Littoral,neutral,2.0,True,False
QRY-000293,2026-08-18 17:31,SESS-000134,VIS-00135,voice_note,French,domestic,Centre,booking_interest,Palais Royal de Foumban & Museum,West,positive,3.6,True,False
QRY-000450,2026-08-18 18:24,SESS-000193,VIS-00194,text,French,domestic,Centre,opening_hours,Rue des Artisans,West,positive,4.3,True,False
QRY-003424,2026-08-18 18:40,SESS-001366,VIS-01367,text,French,foreign,South Africa,opening_hours,Marche Sandaga & Deido Soya,Littoral,positive,1.6,True,False
QRY-005219,2026-08-18 18:43,SESS-002071,VIS-02072,text,English,foreign,Germany,booking_interest,Pullman Douala Rabingha,Littoral,neutral,3.4,True,False
QRY-000408,2026-08-18 18:51,SESS-000177,VIS-00178,voice_note,English,domestic,Centre,pricing,FINI Hotel Bobende,South West,neutral,3.2,True,False
QRY-004117,2026-08-18 18:59,SESS-001627,VIS-01628,voice_note,French,foreign,Gabon,pricing,FINI Hotel Bobende,South West,positive,1.9,True,False
QRY-005143,2026-08-18 19:04,SESS-002034,VIS-02035,voice_note,Pidgin,domestic,Far North,general_chat,,Centre,neutral,2.8,True,False
QRY-002287,2026-08-18 19:37,SESS-000910,VIS-00911,text,French,foreign,Canada,general_chat,,South West,positive,2.0,True,False
QRY-003898,2026-08-18 19:44,SESS-001551,VIS-01552,text,English,foreign,Equatorial Guinea,cultural_info,Chutes d'Ekom Nkam,Littoral,neutral,3.5,True,False
QRY-003301,2026-08-18 19:51,SESS-001322,VIS-01323,text,Pidgin,foreign,Gabon,pricing,Marche Sandaga & Deido Soya,Littoral,neutral,5.3,True,False
QRY-001403,2026-08-18 19:53,SESS-000559,VIS-00560,voice_note,Pidgin,foreign,Equatorial Guinea,cultural_info,Musee Maritime de Douala,Littoral,negative,3.5,True,False
QRY-002825,2026-08-18 20:03,SESS-001112,VIS-01113,text,English,domestic,West,pricing,Hilton Yaounde,Centre,positive,1.1,True,False
QRY-000997,2026-08-18 20:17,SESS-000394,VIS-00395,voice_note,English,domestic,East,opening_hours,Chutes de la Lobe,South,negative,2.8,True,False
QRY-000978,2026-08-18 20:47,SESS-000387,VIS-00388,voice_note,English,foreign,Belgium,transport_fare,Limbe Wildlife Centre,South West,neutral,2.1,True,False
QRY-004897,2026-08-18 21:09,SESS-001937,VIS-01938,text,English,domestic,East,pricing,Artisanal Village & Flower Market,Littoral,negative,2.9,False,False
QRY-005346,2026-08-18 21:12,SESS-002127,VIS-02128,text,English,domestic,East,cultural_info,Down Beach & Batoke Beach,South West,neutral,3.8,True,False
QRY-003456,2026-08-18 21:52,SESS-001379,VIS-01380,text,Pidgin,foreign,China,emergency_sos,Grand Batanga & Luma Museum,South,negative,3.1,True,True
QRY-001565,2026-08-18 22:05,SESS-000621,VIS-00622,text,French,domestic,North,booking_interest,Down Beach Roasted Fish Sheds,South West,positive,2.5,True,False
QRY-001480,2026-08-18 22:25,SESS-000595,VIS-00596,text,French,foreign,Gabon,cultural_info,Bimbia Slave Trade Port,South West,positive,4.6,True,False
QRY-000687,2026-08-19 06:10,SESS-000278,VIS-00279,text,French,domestic,North West,opening_hours,Down Beach & Batoke Beach,South West,positive,2.0,True,False
QRY-000912,2026-08-19 06:29,SESS-000360,VIS-00361,text,English,domestic,North West,pricing,Limbe Botanic Garden,South West,neutral,3.8,True,False
QRY-003680,2026-08-19 06:46,SESS-001460,VIS-01461,text,Pidgin,foreign,Equatorial Guinea,general_chat,,West,positive,3.9,True,False
QRY-002794,2026-08-19 06:48,SESS-001100,VIS-01101,text,English,domestic,West,directions,Campo Ma'an National Park,South,neutral,3.0,True,False
QRY-003971,2026-08-19 07:03,SESS-001571,VIS-01572,voice_note,French,domestic,North West,opening_hours,Les Gites de Kribi,South,positive,3.5,True,False
QRY-005402,2026-08-19 07:05,SESS-002143,VIS-02144,text,English,foreign,Belgium,booking_interest,Domaine du Petpenoun,West,positive,3.7,True,False
QRY-000057,2026-08-19 07:09,SESS-000023,VIS-00024,text,English,domestic,North,transport_fare,Bimbia Slave Trade Port,South West,neutral,1.7,True,False
QRY-001309,2026-08-19 07:58,SESS-000514,VIS-00515,voice_note,French,domestic,West,cultural_info,Plage de Kribi (Tara Plage),South,positive,2.9,True,False
QRY-003002,2026-08-19 08:46,SESS-001184,VIS-01185,text,French,foreign,France,emergency_sos,Chutes de la Lobe,South,negative,2.4,True,True
QRY-003617,2026-08-19 08:48,SESS-001436,VIS-01437,text,French,domestic,Centre,directions,Limbe Botanic Garden,South West,neutral,2.6,True,False
QRY-001821,2026-08-19 09:24,SESS-000727,VIS-00728,text,French,domestic,North West,pricing,Plage de Kribi (Tara Plage),South,neutral,4.2,False,False
QRY-004400,2026-08-19 09:28,SESS-001732,VIS-01733,text,French,domestic,Centre,pricing,Campo Ma'an National Park,South,neutral,3.5,True,False
QRY-004001,2026-08-19 09:33,SESS-001585,VIS-01586,voice_note,English,domestic,North West,transport_fare,FINI Hotel Bobende,South West,positive,1.7,True,False
QRY-001404,2026-08-19 09:52,SESS-000560,VIS-00561,text,English,domestic,Centre,directions,Krystal Palace Douala,Littoral,positive,1.5,True,False
QRY-000178,2026-08-19 10:09,SESS-000080,VIS-00081,text,French,domestic,West,directions,Monument de la Reunification,Centre,positive,5.2,True,False
QRY-001048,2026-08-19 10:21,SESS-000413,VIS-00414,voice_note,French,foreign,UK,pricing,Pullman Douala Rabingha,Littoral,positive,3.0,True,False
QRY-005296,2026-08-19 10:28,SESS-002104,VIS-02105,text,French,domestic,Adamawa,directions,Down Beach Roasted Fish Sheds,South West,positive,3.4,True,False
QRY-002936,2026-08-19 10:31,SESS-001158,VIS-01159,text,French,foreign,Chad,booking_interest,Down Beach & Batoke Beach,South West,neutral,2.7,True,False
QRY-005894,2026-08-19 10:32,SESS-002363,VIS-02364,text,French,domestic,North West,pricing,Limbe Wildlife Centre,South West,positive,2.9,True,False
QRY-004963,2026-08-19 10:50,SESS-001959,VIS-01960,voice_note,Pidgin,foreign,France,pricing,Musee Maritime de Douala,Littoral,neutral,3.2,True,False
QRY-001623,2026-08-19 11:01,SESS-000643,VIS-00644,voice_note,French,foreign,Chad,opening_hours,Musee Maritime de Douala,Littoral,positive,3.7,True,False
QRY-000803,2026-08-19 11:18,SESS-000317,VIS-00318,voice_note,English,foreign,Equatorial Guinea,directions,Down Beach Roasted Fish Sheds,South West,positive,3.8,True,False
QRY-000515,2026-08-19 11:53,SESS-000217,VIS-00218,text,English,foreign,Germany,booking_interest,Pullman Douala Rabingha,Littoral,neutral,3.1,True,False
QRY-000201,2026-08-19 12:34,SESS-000093,VIS-00094,voice_note,Pidgin,domestic,North West,general_chat,,East,positive,3.0,True,False
QRY-001161,2026-08-19 12:40,SESS-000458,VIS-00459,text,French,domestic,Littoral,booking_interest,West Region Gastronomy Spots,West,neutral,2.4,True,False
QRY-004640,2026-08-19 12:50,SESS-001833,VIS-01834,voice_note,English,domestic,South West,emergency_sos,Domaine du Petpenoun,West,negative,1.3,True,True
QRY-003417,2026-08-19 13:18,SESS-001363,VIS-01364,text,English,foreign,Germany,directions,Plage de Kribi (Tara Plage),South,neutral,3.8,True,False
QRY-004285,2026-08-19 13:25,SESS-001685,VIS-01686,text,English,domestic,North West,opening_hours,Palais Royal de Foumban & Museum,West,positive,3.0,True,False
QRY-002885,2026-08-19 13:26,SESS-001139,VIS-01140,text,English,domestic,Far North,opening_hours,Hotel Ilomba,South,neutral,2.7,True,False
QRY-002606,2026-08-19 14:33,SESS-001034,VIS-01035,text,French,foreign,South Africa,general_chat,,West,positive,2.2,True,False
QRY-005534,2026-08-19 14:33,SESS-002203,VIS-02204,text,French,foreign,Germany,directions,Pullman Douala Rabingha,Littoral,negative,3.6,True,False
QRY-002563,2026-08-19 14:42,SESS-001023,VIS-01024,voice_note,English,domestic,Far North,cultural_info,Grand Batanga & Luma Museum,South,neutral,3.3,False,False
QRY-005029,2026-08-19 14:53,SESS-001985,VIS-01986,text,French,domestic,East,transport_fare,Down Beach Roasted Fish Sheds,South West,neutral,2.7,True,False
QRY-002969,2026-08-19 15:22,SESS-001170,VIS-01171,text,English,foreign,Equatorial Guinea,booking_interest,Limbe Wildlife Centre,South West,neutral,1.8,False,False
QRY-002500,2026-08-19 15:48,SESS-000997,VIS-00998,voice_note,Pidgin,domestic,Adamawa,directions,Mont Febe & Golf Club,Centre,neutral,4.3,True,False
QRY-001548,2026-08-19 16:26,SESS-000617,VIS-00618,voice_note,French,domestic,Adamawa,booking_interest,Plage de Kribi (Tara Plage),South,positive,2.4,True,False
QRY-002908,2026-08-19 16:27,SESS-001146,VIS-01147,text,French,foreign,Gabon,transport_fare,Down Beach Roasted Fish Sheds,South West,negative,2.8,True,False
QRY-004624,2026-08-19 16:40,SESS-001827,VIS-01828,voice_note,French,domestic,North,transport_fare,Pullman Douala Rabingha,Littoral,neutral,1.7,True,False
QRY-000711,2026-08-19 16:43,SESS-000285,VIS-00286,voice_note,French,domestic,Littoral,directions,Chutes de la Lobe,South,positive,4.7,True,False
QRY-001903,2026-08-19 16:44,SESS-000757,VIS-00758,text,Pidgin,domestic,West,transport_fare,L'Ovalie & La Fourchette,Littoral,neutral,3.1,True,False
QRY-002513,2026-08-19 17:49,SESS-001002,VIS-01003,text,English,domestic,Centre,opening_hours,Chez Wou & La Salsa,Centre,neutral,2.9,True,False
QRY-006163,2026-08-19 17:51,SESS-002460,VIS-02461,voice_note,English,domestic,East,transport_fare,Palais des Rois Bell (Pagode),Littoral,neutral,2.5,True,False
QRY-004329,2026-08-19 17:56,SESS-001704,VIS-01705,text,English,foreign,South Africa,cultural_info,Limbe Botanic Garden,South West,positive,1.5,True,False
QRY-002584,2026-08-19 17:57,SESS-001029,VIS-01030,text,English,domestic,North West,cultural_info,Seme Beach Hotel,South West,positive,4.5,True,False
QRY-000904,2026-08-19 18:27,SESS-000358,VIS-00359,text,English,domestic,Littoral,opening_hours,Chez Wou & La Salsa,Centre,positive,2.5,True,False
QRY-003902,2026-08-19 18:29,SESS-001552,VIS-01553,text,French,domestic,West,transport_fare,Pullman Douala Rabingha,Littoral,neutral,4.8,True,False
QRY-003272,2026-08-19 18:45,SESS-001307,VIS-01308,voice_note,French,foreign,France,directions,Chefferie de Bandjoun,West,negative,5.4,True,False
QRY-000953,2026-08-19 18:53,SESS-000377,VIS-00378,text,French,foreign,Belgium,opening_hours,Chefferie de Bandjoun,West,neutral,3.1,True,False
QRY-002586,2026-08-19 18:53,SESS-001030,VIS-01031,text,Pidgin,domestic,East,pricing,Star Land Hotel Bastos,Centre,neutral,2.1,True,False
QRY-000120,2026-08-19 20:01,SESS-000054,VIS-00055,voice_note,French,domestic,South,booking_interest,Palais des Rois Bell (Pagode),Littoral,neutral,4.4,True,False
QRY-002679,2026-08-19 20:27,SESS-001056,VIS-01057,text,English,domestic,North,transport_fare,Hotel Ilomba,South,neutral,3.7,False,False
QRY-000571,2026-08-19 20:30,SESS-000241,VIS-00242,text,French,foreign,Gabon,directions,Mont Febe & Golf Club,Centre,positive,2.7,True,False
QRY-000117,2026-08-19 20:37,SESS-000053,VIS-00054,text,Pidgin,foreign,Canada,cultural_info,Chez Carimo / Lobe Shacks,South,positive,1.7,True,False
QRY-004812,2026-08-19 20:50,SESS-001900,VIS-01901,text,French,domestic,Far North,pricing,Limbe Botanic Garden,South West,neutral,3.7,True,False
QRY-003618,2026-08-19 21:08,SESS-001437,VIS-01438,voice_note,English,foreign,USA,pricing,FINI Hotel Bobende,South West,neutral,2.8,True,False
QRY-004742,2026-08-19 21:21,SESS-001875,VIS-01876,text,Pidgin,domestic,North,general_chat,,West,neutral,2.5,True,False
QRY-000745,2026-08-19 21:25,SESS-000293,VIS-00294,text,English,domestic,West,transport_fare,Artisanal Village & Flower Market,Littoral,negative,2.2,True,False
QRY-000627,2026-08-19 21:34,SESS-000260,VIS-00261,text,French,domestic,South,transport_fare,Star Land Hotel Bastos,Centre,neutral,5.6,True,False
QRY-005295,2026-08-19 22:49,SESS-002104,VIS-02105,text,French,foreign,South Africa,pricing,Chutes de la Lobe,South,positive,2.3,True,False
QRY-004697,2026-08-19 22:50,SESS-001859,VIS-01860,text,French,domestic,South West,opening_hours,Musee Maritime de Douala,Littoral,positive,2.6,True,False
QRY-004172,2026-08-19 22:55,SESS-001648,VIS-01649,text,English,domestic,South,transport_fare,Mvog-Betsi Zoo & Botanical Garden,Centre,positive,4.1,True,False
QRY-000229,2026-08-20 06:07,SESS-000108,VIS-00109,voice_note,English,foreign,USA,pricing,FINI Hotel Bobende,South West,positive,2.9,True,False
QRY-005107,2026-08-20 06:10,SESS-002018,VIS-02019,text,Pidgin,domestic,West,opening_hours,Hilton Yaounde,Centre,positive,2.4,True,False
QRY-003221,2026-08-20 06:28,SESS-001289,VIS-01290,text,French,foreign,Chad,directions,Star Land Hotel Bastos,Centre,positive,2.6,True,False
QRY-001375,2026-08-20 06:46,SESS-000546,VIS-00547,text,Pidgin,domestic,West,cultural_info,Monument de la Reunification,Centre,positive,4.4,True,False
QRY-003871,2026-08-20 06:52,SESS-001542,VIS-01543,voice_note,English,domestic,Centre,booking_interest,Plage de Kribi (Tara Plage),South,positive,3.4,True,False
QRY-001558,2026-08-20 06:55,SESS-000621,VIS-00622,voice_note,French,domestic,North,directions,Krystal Palace Douala,Littoral,negative,2.4,True,False
QRY-002918,2026-08-20 07:18,SESS-001152,VIS-01153,voice_note,English,foreign,UK,pricing,Hotel Ilomba,South,neutral,2.8,True,False
QRY-002090,2026-08-20 07:29,SESS-000832,VIS-00833,text,English,domestic,East,directions,Seme Beach Hotel,South West,neutral,4.4,True,False
QRY-000453,2026-08-20 07:29,SESS-000195,VIS-00196,text,French,domestic,Centre,booking_interest,Rue des Artisans,West,neutral,3.1,True,False
QRY-005212,2026-08-20 07:40,SESS-002067,VIS-02068,text,English,foreign,USA,general_chat,,South,neutral,4.1,True,False
QRY-005395,2026-08-20 07:41,SESS-002140,VIS-02141,voice_note,French,domestic,Far North,opening_hours,Musee National de Yaounde,Centre,neutral,3.3,True,False
QRY-001409,2026-08-20 08:00,SESS-000563,VIS-00564,voice_note,English,foreign,USA,pricing,Musee National de Yaounde,Centre,neutral,3.7,True,False
QRY-006142,2026-08-20 08:07,SESS-002451,VIS-02452,voice_note,French,domestic,Far North,opening_hours,Chez Wou & La Salsa,Centre,positive,2.7,True,False
QRY-001371,2026-08-20 08:17,SESS-000543,VIS-00544,text,English,foreign,Belgium,opening_hours,Musee Maritime de Douala,Littoral,positive,1.1,True,False
QRY-004824,2026-08-20 08:29,SESS-001905,VIS-01906,voice_note,French,domestic,East,general_chat,,Centre,positive,0.9,True,False
QRY-005538,2026-08-20 08:34,SESS-002205,VIS-02206,text,English,foreign,France,pricing,Down Beach & Batoke Beach,South West,neutral,2.3,True,False
QRY-000465,2026-08-20 08:39,SESS-000199,VIS-00200,voice_note,French,domestic,Far North,booking_interest,Star Land Hotel Bastos,Centre,neutral,3.0,True,False
QRY-004385,2026-08-20 08:47,SESS-001728,VIS-01729,text,Pidgin,domestic,Adamawa,opening_hours,Douala-Edea Wildlife Reserve,Littoral,neutral,3.2,True,False
QRY-001868,2026-08-20 09:32,SESS-000743,VIS-00744,text,English,domestic,North West,cultural_info,Marche Sandaga & Deido Soya,Littoral,positive,4.1,True,False
QRY-002800,2026-08-20 09:36,SESS-001103,VIS-01104,text,English,domestic,Far North,opening_hours,Musee National de Yaounde,Centre,positive,2.8,True,False
QRY-004370,2026-08-20 09:43,SESS-001721,VIS-01722,text,French,domestic,North West,opening_hours,Down Beach Roasted Fish Sheds,South West,neutral,3.5,True,False
QRY-005022,2026-08-20 09:47,SESS-001982,VIS-01983,text,French,foreign,Belgium,opening_hours,Hotel Ilomba,South,neutral,4.8,True,False
QRY-005087,2026-08-20 09:52,SESS-002012,VIS-02013,text,English,domestic,Far North,opening_hours,Chez Carimo / Lobe Shacks,South,neutral,4.1,True,False
QRY-004079,2026-08-20 10:13,SESS-001615,VIS-01616,text,French,domestic,Centre,cultural_info,Les Gites de Kribi,South,neutral,1.6,True,False
QRY-000008,2026-08-20 10:18,SESS-000005,VIS-00006,voice_note,French,domestic,Centre,pricing,Hotel Ilomba,South,positive,4.6,True,False
QRY-002335,2026-08-20 10:24,SESS-000931,VIS-00932,voice_note,English,foreign,France,opening_hours,Krystal Palace Douala,Littoral,negative,4.5,True,False
QRY-003298,2026-08-20 10:54,SESS-001320,VIS-01321,text,French,domestic,East,pricing,Mount Cameroon (Upper Farms),South West,positive,4.0,True,False
QRY-002021,2026-08-20 11:04,SESS-000803,VIS-00804,voice_note,English,foreign,USA,booking_interest,Artisanal Village & Flower Market,Littoral,neutral,3.8,True,False
QRY-002942,2026-08-20 12:04,SESS-001159,VIS-01160,text,English,domestic,North,booking_interest,Chutes d'Ekom Nkam,Littoral,positive,3.2,True,False
QRY-005048,2026-08-20 12:11,SESS-001994,VIS-01995,text,French,domestic,East,pricing,Mont Febe & Golf Club,Centre,neutral,3.1,True,False
QRY-003311,2026-08-20 13:04,SESS-001324,VIS-01325,text,French,foreign,Equatorial Guinea,pricing,Hotel Ilomba,South,neutral,3.3,True,False
QRY-005510,2026-08-20 13:28,SESS-002192,VIS-02193,voice_note,French,foreign,Equatorial Guinea,transport_fare,Krystal Palace Douala,Littoral,positive,1.2,True,False
QRY-005154,2026-08-20 13:39,SESS-002041,VIS-02042,text,Pidgin,foreign,South Africa,directions,Monument de la Reunification,Centre,neutral,3.6,True,False
QRY-003210,2026-08-20 13:40,SESS-001284,VIS-01285,text,English,domestic,Adamawa,transport_fare,Monument de la Reunification,Centre,positive,5.4,True,False
QRY-001916,2026-08-20 13:49,SESS-000762,VIS-00763,text,Pidgin,domestic,Littoral,general_chat,,West,neutral,3.4,True,False
QRY-001754,2026-08-20 14:24,SESS-000700,VIS-00701,text,English,foreign,Belgium,opening_hours,Musee National de Yaounde,Centre,neutral,2.4,True,False
QRY-003831,2026-08-20 14:39,SESS-001530,VIS-01531,text,English,domestic,West,directions,Down Beach Roasted Fish Sheds,South West,positive,2.6,True,False
QRY-000280,2026-08-20 15:05,SESS-000128,VIS-00129,text,English,domestic,North,pricing,Chez Wou & La Salsa,Centre,positive,1.9,True,False
QRY-000722,2026-08-20 15:16,SESS-000287,VIS-00288,text,Pidgin,domestic,Centre,transport_fare,Campo Ma'an National Park,South,neutral,3.0,True,False
QRY-003170,2026-08-20 16:02,SESS-001266,VIS-01267,text,English,foreign,Nigeria,general_chat,,East,positive,4.0,True,False
QRY-004384,2026-08-20 16:07,SESS-001728,VIS-01729,text,English,foreign,USA,booking_interest,Hilton Yaounde,Centre,neutral,4.2,True,False
QRY-001925,2026-08-20 16:28,SESS-000768,VIS-00769,voice_note,French,domestic,Adamawa,cultural_info,Douala-Edea Wildlife Reserve,Littoral,positive,2.0,True,False
QRY-003779,2026-08-20 16:48,SESS-001507,VIS-01508,text,Pidgin,domestic,Adamawa,booking_interest,Musee Maritime de Douala,Littoral,neutral,2.8,True,False
QRY-001139,2026-08-20 17:21,SESS-000451,VIS-00452,text,English,domestic,Littoral,directions,Rue des Artisans,West,positive,2.0,True,False
QRY-004470,2026-08-20 18:02,SESS-001756,VIS-01757,text,English,foreign,Chad,cultural_info,Pullman Douala Rabingha,Littoral,neutral,4.1,True,False
QRY-000503,2026-08-20 18:32,SESS-000213,VIS-00214,text,Pidgin,foreign,UK,emergency_sos,Grand Batanga & Luma Museum,South,neutral,1.4,True,True
QRY-004582,2026-08-20 18:55,SESS-001811,VIS-01812,text,French,domestic,Centre,cultural_info,Mefou Primate Sanctuary,Centre,negative,5.0,True,False
QRY-003341,2026-08-20 19:07,SESS-001340,VIS-01341,text,English,domestic,South,pricing,Rue des Artisans,West,neutral,3.4,True,False
QRY-003840,2026-08-20 19:12,SESS-001533,VIS-01534,text,French,domestic,Adamawa,pricing,Musee Maritime de Douala,Littoral,positive,2.6,True,False
QRY-003643,2026-08-20 19:14,SESS-001446,VIS-01447,text,Pidgin,domestic,South,pricing,Artisanal Village & Flower Market,Littoral,positive,3.3,True,False
QRY-002922,2026-08-20 19:29,SESS-001152,VIS-01153,text,French,foreign,Belgium,booking_interest,Limbe Botanic Garden,South West,positive,2.3,True,False
QRY-005621,2026-08-20 19:31,SESS-002239,VIS-02240,voice_note,French,foreign,South Africa,directions,West Region Gastronomy Spots,West,positive,3.1,True,False
QRY-000324,2026-08-20 19:43,SESS-000145,VIS-00146,text,French,domestic,North,directions,Marche Sandaga & Deido Soya,Littoral,neutral,3.5,True,False
QRY-001796,2026-08-20 19:50,SESS-000715,VIS-00716,voice_note,French,foreign,Equatorial Guinea,cultural_info,Chez Carimo / Lobe Shacks,South,positive,3.7,True,False
QRY-002319,2026-08-20 19:56,SESS-000926,VIS-00927,text,English,foreign,Gabon,emergency_sos,Krystal Palace Douala,Littoral,neutral,2.9,True,True
QRY-003175,2026-08-20 20:14,SESS-001268,VIS-01269,text,French,domestic,South West,opening_hours,Rue des Artisans,West,neutral,2.7,True,False
QRY-001871,2026-08-20 20:18,SESS-000744,VIS-00745,text,English,domestic,South West,pricing,Mount Cameroon (Upper Farms),South West,neutral,2.9,False,False
QRY-004712,2026-08-20 20:53,SESS-001865,VIS-01866,voice_note,Pidgin,domestic,West,general_chat,,East,neutral,2.6,True,False
QRY-001931,2026-08-20 21:07,SESS-000771,VIS-00772,voice_note,French,domestic,North,cultural_info,Limbe Wildlife Centre,South West,positive,5.9,True,False
QRY-001865,2026-08-20 21:45,SESS-000742,VIS-00743,text,English,domestic,North West,transport_fare,Les Gites de Kribi,South,neutral,1.6,True,False
QRY-005320,2026-08-20 22:21,SESS-002113,VIS-02114,text,French,foreign,Canada,pricing,Hotel Ilomba,South,positive,3.9,True,False
QRY-001093,2026-08-20 22:50,SESS-000429,VIS-00430,text,French,domestic,North West,pricing,Monument de la Reunification,Centre,neutral,1.7,True,False
QRY-005371,2026-08-20 22:59,SESS-002135,VIS-02136,text,French,foreign,Germany,general_chat,,South West,positive,1.8,True,False
QRY-002443,2026-08-21 06:16,SESS-000975,VIS-00976,text,English,foreign,Gabon,booking_interest,Musee Maritime de Douala,Littoral,positive,3.0,True,False
QRY-003381,2026-08-21 06:28,SESS-001352,VIS-01353,text,English,domestic,Far North,pricing,Les Gites de Kribi,South,negative,3.6,True,False
QRY-006044,2026-08-21 06:38,SESS-002412,VIS-02413,voice_note,English,domestic,East,pricing,Musee Maritime de Douala,Littoral,neutral,4.2,True,False
QRY-000389,2026-08-21 06:44,SESS-000170,VIS-00171,text,Pidgin,foreign,Equatorial Guinea,general_chat,,South West,neutral,3.0,True,False
QRY-000270,2026-08-21 07:21,SESS-000123,VIS-00124,text,English,foreign,China,general_chat,,North West,neutral,3.8,True,False
QRY-001574,2026-08-21 07:25,SESS-000623,VIS-00624,text,English,domestic,East,pricing,Rue des Artisans,West,neutral,1.5,True,False
QRY-003480,2026-08-21 07:29,SESS-001387,VIS-01388,text,English,domestic,North West,pricing,FINI Hotel Bobende,South West,neutral,3.3,True,False
QRY-003273,2026-08-21 07:44,SESS-001307,VIS-01308,text,French,domestic,East,directions,West Region Gastronomy Spots,West,positive,1.8,True,False
QRY-002347,2026-08-21 07:48,SESS-000936,VIS-00937,text,French,domestic,South West,general_chat,,South West,positive,3.6,True,False
QRY-004234,2026-08-21 07:56,SESS-001675,VIS-01676,text,French,domestic,North West,pricing,Grand Batanga & Luma Museum,South,neutral,2.6,True,False
QRY-001799,2026-08-21 08:02,SESS-000717,VIS-00718,voice_note,English,foreign,Belgium,pricing,Palais Royal de Foumban & Museum,West,neutral,3.0,True,False
QRY-005261,2026-08-21 08:14,SESS-002089,VIS-02090,voice_note,French,domestic,Adamawa,general_chat,,East,neutral,3.8,True,False
QRY-005190,2026-08-21 08:37,SESS-002057,VIS-02058,text,Pidgin,domestic,Littoral,cultural_info,Plage de Kribi (Tara Plage),South,positive,3.9,True,False
QRY-002042,2026-08-21 08:48,SESS-000812,VIS-00813,voice_note,French,domestic,North West,general_chat,,North,neutral,3.3,True,False
QRY-003079,2026-08-21 09:04,SESS-001224,VIS-01225,text,French,foreign,Nigeria,pricing,Mont Febe & Golf Club,Centre,positive,3.1,True,False
QRY-003044,2026-08-21 09:04,SESS-001202,VIS-01203,voice_note,English,foreign,Canada,pricing,Rue des Artisans,West,neutral,4.5,True,False
QRY-000316,2026-08-21 09:10,SESS-000142,VIS-00143,voice_note,French,domestic,North,transport_fare,Chutes de la Lobe,South,neutral,3.6,True,False
QRY-005414,2026-08-21 09:11,SESS-002151,VIS-02152,text,French,foreign,France,pricing,L'Ovalie & La Fourchette,Littoral,neutral,3.1,True,False
QRY-004934,2026-08-21 09:12,SESS-001951,VIS-01952,text,French,foreign,Equatorial Guinea,directions,Rue des Artisans,West,positive,2.8,True,False
QRY-004837,2026-08-21 09:38,SESS-001911,VIS-01912,text,English,domestic,Adamawa,cultural_info,Marche Sandaga & Deido Soya,Littoral,neutral,2.7,True,False
QRY-006049,2026-08-21 09:44,SESS-002414,VIS-02415,voice_note,Pidgin,foreign,USA,emergency_sos,Limbe Botanic Garden,South West,neutral,1.6,True,True
QRY-000948,2026-08-21 09:45,SESS-000374,VIS-00375,voice_note,French,domestic,East,directions,Mont Febe & Golf Club,Centre,positive,3.7,True,False
QRY-001840,2026-08-21 10:34,SESS-000733,VIS-00734,text,French,domestic,South West,booking_interest,Limbe Botanic Garden,South West,neutral,2.6,True,False
QRY-004704,2026-08-21 10:40,SESS-001862,VIS-01863,text,French,foreign,South Africa,booking_interest,Down Beach Roasted Fish Sheds,South West,negative,3.8,True,False
QRY-003559,2026-08-21 11:15,SESS-001414,VIS-01415,text,English,domestic,Centre,booking_interest,L'Ovalie & La Fourchette,Littoral,positive,4.1,True,False
QRY-000249,2026-08-21 11:17,SESS-000115,VIS-00116,voice_note,Pidgin,domestic,North,opening_hours,FINI Hotel Bobende,South West,neutral,4.4,True,False
QRY-000586,2026-08-21 11:18,SESS-000247,VIS-00248,voice_note,French,foreign,Belgium,general_chat,,South,positive,3.7,True,False
QRY-000417,2026-08-21 11:33,SESS-000178,VIS-00179,voice_note,French,domestic,Adamawa,directions,Plage de Kribi (Tara Plage),South,positive,2.8,True,False
QRY-002897,2026-08-21 11:37,SESS-001142,VIS-01143,text,English,domestic,North West,booking_interest,Bimbia Slave Trade Port,South West,neutral,3.7,True,False
QRY-005584,2026-08-21 11:38,SESS-002226,VIS-02227,text,French,domestic,Littoral,general_chat,,South,negative,1.9,True,False
QRY-001985,2026-08-21 12:05,SESS-000789,VIS-00790,text,Pidgin,foreign,Germany,cultural_info,Les Gites de Kribi,South,positive,2.5,True,False
QRY-002713,2026-08-21 12:20,SESS-001074,VIS-01075,text,French,domestic,Centre,directions,Musee National de Yaounde,Centre,positive,2.7,True,False
QRY-001825,2026-08-21 12:51,SESS-000727,VIS-00728,text,English,domestic,North,transport_fare,Limbe Botanic Garden,South West,neutral,4.0,True,False
QRY-002547,2026-08-21 12:59,SESS-001017,VIS-01018,text,French,foreign,Germany,directions,Hotel Zingana,West,neutral,0.8,True,False
QRY-002115,2026-08-21 13:02,SESS-000839,VIS-00840,text,French,domestic,East,opening_hours,Pullman Douala Rabingha,Littoral,positive,3.6,True,False
QRY-000039,2026-08-21 13:38,SESS-000015,VIS-00016,text,French,domestic,Far North,cultural_info,Mefou Primate Sanctuary,Centre,positive,4.3,True,False
QRY-002452,2026-08-21 14:00,SESS-000982,VIS-00983,text,French,domestic,Centre,booking_interest,Limbe Wildlife Centre,South West,positive,3.2,True,False
QRY-002159,2026-08-21 14:13,SESS-000861,VIS-00862,text,English,foreign,Belgium,booking_interest,Plage de Kribi (Tara Plage),South,neutral,3.7,True,False
QRY-004054,2026-08-21 14:15,SESS-001603,VIS-01604,text,Pidgin,domestic,North,directions,Monument de la Reunification,Centre,neutral,3.8,True,False
QRY-001845,2026-08-21 15:17,SESS-000736,VIS-00737,text,French,domestic,West,cultural_info,Mefou Primate Sanctuary,Centre,positive,1.6,True,False
QRY-003472,2026-08-21 15:36,SESS-001385,VIS-01386,text,Pidgin,domestic,North West,transport_fare,Artisanal Village & Flower Market,Littoral,neutral,3.2,True,False
QRY-001166,2026-08-21 15:44,SESS-000460,VIS-00461,text,English,foreign,Belgium,cultural_info,L'Ovalie & La Fourchette,Littoral,neutral,3.2,True,False
QRY-004375,2026-08-21 15:44,SESS-001724,VIS-01725,text,French,foreign,South Africa,opening_hours,Monument de la Reunification,Centre,neutral,3.4,True,False
QRY-004299,2026-08-21 16:06,SESS-001691,VIS-01692,voice_note,French,foreign,Canada,booking_interest,Rue des Artisans,West,neutral,2.6,False,False
QRY-005711,2026-08-21 16:17,SESS-002277,VIS-02278,voice_note,French,foreign,Belgium,opening_hours,Limbe Botanic Garden,South West,neutral,4.3,True,False
QRY-004552,2026-08-21 16:21,SESS-001795,VIS-01796,voice_note,English,foreign,USA,transport_fare,Limbe Botanic Garden,South West,negative,4.4,True,False
QRY-002739,2026-08-21 16:25,SESS-001082,VIS-01083,voice_note,French,foreign,Chad,pricing,Bimbia Slave Trade Port,South West,negative,2.9,True,False
QRY-005725,2026-08-21 16:28,SESS-002284,VIS-02285,text,French,foreign,Nigeria,pricing,Palais Royal de Foumban & Museum,West,neutral,4.8,True,False
QRY-004739,2026-08-21 16:55,SESS-001874,VIS-01875,text,English,domestic,North West,directions,Plage de Kribi (Tara Plage),South,neutral,0.8,True,False
QRY-005171,2026-08-21 17:18,SESS-002051,VIS-02052,text,English,domestic,Centre,directions,Chez Carimo / Lobe Shacks,South,positive,4.2,True,False
QRY-003638,2026-08-21 18:03,SESS-001443,VIS-01444,text,English,domestic,North,pricing,Grand Batanga & Luma Museum,South,positive,3.1,True,False
QRY-006128,2026-08-21 18:19,SESS-002443,VIS-02444,text,French,domestic,Littoral,transport_fare,Krystal Palace Douala,Littoral,neutral,3.8,True,False
QRY-000502,2026-08-21 18:26,SESS-000213,VIS-00214,text,Pidgin,foreign,Nigeria,cultural_info,Hotel Ilomba,South,positive,4.4,True,False
QRY-005348,2026-08-21 18:32,SESS-002128,VIS-02129,voice_note,English,domestic,South West,cultural_info,Monument de la Reunification,Centre,positive,4.8,True,False
QRY-002746,2026-08-21 18:33,SESS-001084,VIS-01085,voice_note,English,domestic,Centre,cultural_info,Hilton Yaounde,Centre,negative,3.0,True,False
QRY-005150,2026-08-21 19:16,SESS-002040,VIS-02041,text,English,foreign,Belgium,opening_hours,Monument de la Reunification,Centre,positive,3.7,True,False
QRY-003561,2026-08-21 19:29,SESS-001415,VIS-01416,voice_note,French,foreign,South Africa,general_chat,,East,positive,3.5,True,False
QRY-001285,2026-08-21 19:40,SESS-000507,VIS-00508,text,French,domestic,West,cultural_info,Star Land Hotel Bastos,Centre,positive,3.8,True,False
QRY-001587,2026-08-21 20:22,SESS-000628,VIS-00629,text,French,domestic,South West,transport_fare,Palais des Rois Bell (Pagode),Littoral,neutral,2.8,True,False
QRY-001413,2026-08-21 20:31,SESS-000565,VIS-00566,text,French,foreign,South Africa,general_chat,,South West,positive,1.9,True,False
QRY-005357,2026-08-21 20:54,SESS-002132,VIS-02133,voice_note,French,foreign,Gabon,opening_hours,Chez Wou & La Salsa,Centre,neutral,4.7,True,False
QRY-003092,2026-08-21 21:00,SESS-001231,VIS-01232,text,English,domestic,Adamawa,pricing,Musee Maritime de Douala,Littoral,neutral,3.5,True,False
QRY-003704,2026-08-21 21:13,SESS-001474,VIS-01475,text,Pidgin,domestic,Littoral,directions,Les Gites de Kribi,South,neutral,1.1,True,False
QRY-004747,2026-08-21 21:44,SESS-001875,VIS-01876,voice_note,Pidgin,domestic,Adamawa,pricing,Campo Ma'an National Park,South,neutral,2.8,True,False
QRY-004996,2026-08-21 21:49,SESS-001973,VIS-01974,voice_note,Pidgin,domestic,Adamawa,transport_fare,Palais Royal de Foumban & Museum,West,neutral,4.8,True,False
QRY-004026,2026-08-21 22:23,SESS-001593,VIS-01594,text,Pidgin,foreign,Canada,booking_interest,Mont Febe & Golf Club,Centre,neutral,3.0,True,False
QRY-005138,2026-08-21 22:38,SESS-002031,VIS-02032,voice_note,French,foreign,South Africa,transport_fare,Star Land Hotel Bastos,Centre,neutral,3.9,True,False
QRY-005691,2026-08-21 22:46,SESS-002268,VIS-02269,text,French,domestic,North,cultural_info,Grand Batanga & Luma Museum,South,positive,2.0,True,False
QRY-003555,2026-08-22 06:09,SESS-001413,VIS-01414,text,English,domestic,South,directions,L'Ovalie & La Fourchette,Littoral,neutral,4.1,True,False
QRY-003604,2026-08-22 06:12,SESS-001434,VIS-01435,text,English,foreign,Nigeria,booking_interest,FINI Hotel Bobende,South West,neutral,3.3,True,False
QRY-004386,2026-08-22 06:12,SESS-001728,VIS-01729,text,French,foreign,Germany,opening_hours,Hotel Ilomba,South,negative,4.8,True,False
QRY-005988,2026-08-22 06:25,SESS-002399,VIS-02400,text,English,domestic,West,directions,FINI Hotel Bobende,South West,neutral,2.7,True,False
QRY-004632,2026-08-22 06:29,SESS-001829,VIS-01830,text,English,domestic,Far North,transport_fare,Star Land Hotel Bastos,Centre,negative,3.9,True,False
QRY-005229,2026-08-22 06:33,SESS-002073,VIS-02074,text,French,foreign,USA,transport_fare,Marche Sandaga & Deido Soya,Littoral,positive,3.2,True,False
QRY-000163,2026-08-22 06:41,SESS-000074,VIS-00075,text,French,domestic,West,opening_hours,Monument de la Reunification,Centre,positive,3.1,True,False
QRY-004536,2026-08-22 07:05,SESS-001790,VIS-01791,text,English,foreign,Equatorial Guinea,pricing,Mont Febe & Golf Club,Centre,neutral,4.0,True,False
QRY-004630,2026-08-22 07:14,SESS-001828,VIS-01829,voice_note,English,foreign,South Africa,transport_fare,Les Gites de Kribi,South,neutral,2.8,True,False
QRY-004201,2026-08-22 07:26,SESS-001662,VIS-01663,voice_note,French,foreign,USA,booking_interest,Palais des Rois Bell (Pagode),Littoral,positive,3.3,True,False
QRY-002668,2026-08-22 07:36,SESS-001053,VIS-01054,voice_note,English,domestic,South West,directions,Artisanal Village & Flower Market,Littoral,positive,2.0,True,False
QRY-000076,2026-08-22 07:38,SESS-000033,VIS-00034,text,French,domestic,Far North,pricing,Mount Cameroon (Upper Farms),South West,neutral,1.8,True,False
QRY-003736,2026-08-22 07:42,SESS-001485,VIS-01486,text,English,domestic,Far North,opening_hours,Krystal Palace Douala,Littoral,positive,4.9,True,False
QRY-003688,2026-08-22 08:18,SESS-001463,VIS-01464,voice_note,French,foreign,South Africa,cultural_info,Krystal Palace Douala,Littoral,neutral,4.2,True,False
QRY-000298,2026-08-22 08:20,SESS-000136,VIS-00137,text,Pidgin,domestic,East,directions,Limbe Botanic Garden,South West,positive,2.6,True,False
QRY-001638,2026-08-22 09:05,SESS-000653,VIS-00654,voice_note,French,domestic,East,pricing,Chez Wou & La Salsa,Centre,neutral,2.1,True,False
QRY-000632,2026-08-22 09:07,SESS-000260,VIS-00261,text,French,domestic,Far North,directions,Les Gites de Kribi,South,positive,1.8,True,False
QRY-002400,2026-08-22 10:03,SESS-000960,VIS-00961,voice_note,French,domestic,Centre,transport_fare,Hilton Yaounde,Centre,neutral,3.6,True,False
QRY-004263,2026-08-22 10:12,SESS-001683,VIS-01684,voice_note,French,domestic,South,pricing,Grand Batanga & Luma Museum,South,neutral,3.9,True,False
QRY-004312,2026-08-22 10:14,SESS-001699,VIS-01700,text,French,domestic,East,pricing,Star Land Hotel Bastos,Centre,positive,4.5,True,False
QRY-001707,2026-08-22 10:38,SESS-000681,VIS-00682,text,English,domestic,West,transport_fare,FINI Hotel Bobende,South West,positive,3.9,True,False
QRY-004197,2026-08-22 11:00,SESS-001660,VIS-01661,text,French,domestic,Littoral,pricing,Palais des Rois Bell (Pagode),Littoral,neutral,2.7,True,False
QRY-003054,2026-08-22 11:39,SESS-001209,VIS-01210,voice_note,French,foreign,Canada,opening_hours,Down Beach & Batoke Beach,South West,positive,3.1,True,False
QRY-003171,2026-08-22 12:09,SESS-001266,VIS-01267,text,French,domestic,North West,general_chat,,South,neutral,2.9,True,False
QRY-002098,2026-08-22 12:11,SESS-000834,VIS-00835,text,French,domestic,East,pricing,Bimbia Slave Trade Port,South West,neutral,2.0,True,False
QRY-001568,2026-08-22 12:19,SESS-000622,VIS-00623,voice_note,French,domestic,North,transport_fare,Limbe Wildlife Centre,South West,neutral,1.9,True,False
QRY-005275,2026-08-22 12:26,SESS-002095,VIS-02096,text,French,foreign,Gabon,transport_fare,Rue des Artisans,West,neutral,3.9,True,False
QRY-004489,2026-08-22 12:49,SESS-001765,VIS-01766,text,English,domestic,Adamawa,opening_hours,Star Land Hotel Bastos,Centre,positive,1.8,True,False
QRY-005341,2026-08-22 12:50,SESS-002124,VIS-02125,text,Pidgin,foreign,USA,emergency_sos,Pullman Douala Rabingha,Littoral,negative,1.3,True,True
QRY-003253,2026-08-22 13:01,SESS-001303,VIS-01304,text,French,domestic,South West,cultural_info,West Region Gastronomy Spots,West,positive,4.7,True,False
QRY-003444,2026-08-22 13:08,SESS-001373,VIS-01374,voice_note,English,foreign,Chad,cultural_info,Grand Batanga & Luma Museum,South,positive,1.9,True,False
QRY-001406,2026-08-22 13:26,SESS-000561,VIS-00562,text,French,foreign,Equatorial Guinea,pricing,Artisanal Village & Flower Market,Littoral,neutral,2.2,True,False
QRY-002781,2026-08-22 13:38,SESS-001097,VIS-01098,text,English,domestic,Centre,directions,Mount Cameroon (Upper Farms),South West,positive,2.1,True,False
QRY-004951,2026-08-22 13:45,SESS-001956,VIS-01957,text,French,foreign,France,opening_hours,Douala-Edea Wildlife Reserve,Littoral,positive,2.5,True,False
QRY-002770,2026-08-22 14:08,SESS-001094,VIS-01095,text,English,domestic,West,general_chat,,Far North,neutral,4.0,True,False
QRY-006102,2026-08-22 14:10,SESS-002434,VIS-02435,text,English,foreign,Belgium,cultural_info,Chez Carimo / Lobe Shacks,South,positive,3.2,True,False
QRY-002154,2026-08-22 14:23,SESS-000859,VIS-00860,text,Pidgin,domestic,Adamawa,pricing,Chutes de la Lobe,South,positive,4.4,True,False
QRY-000044,2026-08-22 14:35,SESS-000017,VIS-00018,text,French,foreign,Nigeria,general_chat,,North,negative,3.1,True,False
QRY-002727,2026-08-22 15:33,SESS-001078,VIS-01079,text,French,domestic,North West,cultural_info,Down Beach Roasted Fish Sheds,South West,negative,3.7,True,False
QRY-003327,2026-08-22 15:44,SESS-001333,VIS-01334,voice_note,French,domestic,South West,directions,Palais des Rois Bell (Pagode),Littoral,positive,3.8,True,False
QRY-005359,2026-08-22 15:45,SESS-002133,VIS-02134,text,English,domestic,East,transport_fare,Musee Maritime de Douala,Littoral,positive,3.0,True,False
QRY-005846,2026-08-22 16:09,SESS-002344,VIS-02345,text,English,domestic,North,transport_fare,Down Beach Roasted Fish Sheds,South West,neutral,4.7,True,False
QRY-000467,2026-08-22 16:50,SESS-000200,VIS-00201,text,English,foreign,UK,cultural_info,Krystal Palace Douala,Littoral,positive,3.5,True,False
QRY-004564,2026-08-22 19:02,SESS-001802,VIS-01803,voice_note,English,domestic,Littoral,pricing,Monument de la Reunification,Centre,neutral,0.8,True,False
QRY-002506,2026-08-22 19:21,SESS-000999,VIS-01000,text,English,domestic,West,directions,Limbe Botanic Garden,South West,neutral,3.7,True,False
QRY-005808,2026-08-22 19:27,SESS-002326,VIS-02327,text,English,domestic,Littoral,directions,Artisanal Village & Flower Market,Littoral,positive,2.2,True,False
QRY-004327,2026-08-22 19:28,SESS-001703,VIS-01704,text,English,domestic,South,pricing,Chez Carimo / Lobe Shacks,South,neutral,2.1,True,False
QRY-001690,2026-08-22 19:32,SESS-000676,VIS-00677,text,Pidgin,foreign,South Africa,opening_hours,Chutes de la Lobe,South,positive,4.5,True,False
QRY-004227,2026-08-22 20:30,SESS-001670,VIS-01671,text,English,domestic,North West,general_chat,,North,positive,4.1,True,False
QRY-004168,2026-08-22 21:06,SESS-001646,VIS-01647,text,French,domestic,Far North,general_chat,,Littoral,positive,3.9,True,False
QRY-001218,2026-08-22 21:17,SESS-000483,VIS-00484,voice_note,French,foreign,Germany,general_chat,,West,neutral,1.2,True,False
QRY-004484,2026-08-22 21:20,SESS-001763,VIS-01764,voice_note,French,foreign,Belgium,transport_fare,FINI Hotel Bobende,South West,neutral,4.2,True,False
QRY-001700,2026-08-22 22:05,SESS-000678,VIS-00679,text,French,domestic,South West,directions,Rue des Artisans,West,positive,2.2,True,False
QRY-000310,2026-08-22 22:13,SESS-000140,VIS-00141,text,English,foreign,UK,pricing,Down Beach & Batoke Beach,South West,neutral,2.4,True,False
QRY-004560,2026-08-22 22:14,SESS-001801,VIS-01802,text,English,foreign,China,pricing,Chez Wou & La Salsa,Centre,positive,2.8,True,False
QRY-005306,2026-08-22 22:17,SESS-002107,VIS-02108,voice_note,English,foreign,Nigeria,transport_fare,Marche Sandaga & Deido Soya,Littoral,neutral,4.4,True,False
QRY-001769,2026-08-22 22:32,SESS-000708,VIS-00709,text,French,domestic,Centre,transport_fare,Palais des Rois Bell (Pagode),Littoral,negative,1.9,True,False
QRY-002349,2026-08-22 22:36,SESS-000937,VIS-00938,voice_note,French,domestic,Adamawa,directions,Hotel Ilomba,South,positive,1.6,True,False
QRY-002190,2026-08-22 22:38,SESS-000872,VIS-00873,voice_note,English,domestic,Adamawa,general_chat,,East,positive,1.9,True,False
QRY-006124,2026-08-22 22:51,SESS-002441,VIS-02442,text,French,domestic,South West,transport_fare,Palais Royal de Foumban & Museum,West,negative,3.5,True,False
QRY-003884,2026-08-23 06:01,SESS-001546,VIS-01547,text,French,domestic,North,booking_interest,Musee Maritime de Douala,Littoral,neutral,4.4,True,False
QRY-003626,2026-08-23 06:21,SESS-001439,VIS-01440,text,French,domestic,South,booking_interest,Musee Maritime de Douala,Littoral,neutral,3.3,True,False
QRY-005592,2026-08-23 06:41,SESS-002228,VIS-02229,text,English,domestic,Littoral,pricing,Pullman Douala Rabingha,Littoral,neutral,3.0,True,False
QRY-001929,2026-08-23 06:49,SESS-000769,VIS-00770,text,French,domestic,North West,general_chat,,Littoral,neutral,2.7,True,False
QRY-002554,2026-08-23 07:17,SESS-001020,VIS-01021,text,English,foreign,Germany,directions,Mont Febe & Golf Club,Centre,positive,4.5,True,False
QRY-005288,2026-08-23 07:19,SESS-002100,VIS-02101,voice_note,Pidgin,foreign,South Africa,booking_interest,Hotel Ilomba,South,positive,3.0,True,False
QRY-005454,2026-08-23 07:38,SESS-002169,VIS-02170,text,French,domestic,Littoral,pricing,Krystal Palace Douala,Littoral,neutral,3.6,True,False
QRY-004819,2026-08-23 07:59,SESS-001901,VIS-01902,voice_note,French,domestic,Adamawa,cultural_info,Mont Febe & Golf Club,Centre,positive,3.5,True,False
QRY-005422,2026-08-23 08:01,SESS-002156,VIS-02157,text,English,foreign,China,pricing,Chez Wou & La Salsa,Centre,neutral,3.3,True,False
QRY-005774,2026-08-23 08:07,SESS-002309,VIS-02310,text,English,domestic,Far North,general_chat,,West,neutral,2.6,True,False
QRY-001596,2026-08-23 08:09,SESS-000634,VIS-00635,text,English,domestic,East,pricing,Chutes de la Lobe,South,neutral,2.2,True,False
QRY-000392,2026-08-23 08:21,SESS-000171,VIS-00172,text,English,domestic,Centre,transport_fare,Les Gites de Kribi,South,negative,4.3,True,False
QRY-001116,2026-08-23 09:07,SESS-000439,VIS-00440,text,French,domestic,Centre,opening_hours,Palais des Rois Bell (Pagode),Littoral,neutral,1.6,True,False
QRY-003507,2026-08-23 09:12,SESS-001399,VIS-01400,text,English,domestic,North,pricing,Les Gites de Kribi,South,positive,3.3,True,False
QRY-002455,2026-08-23 09:40,SESS-000983,VIS-00984,text,English,domestic,South,cultural_info,Grand Batanga & Luma Museum,South,positive,3.5,True,False
QRY-002265,2026-08-23 09:41,SESS-000906,VIS-00907,text,English,domestic,South,booking_interest,Star Land Hotel Bastos,Centre,neutral,3.1,True,False
QRY-004621,2026-08-23 09:57,SESS-001826,VIS-01827,text,French,domestic,Littoral,pricing,Mefou Primate Sanctuary,Centre,positive,4.4,True,False
QRY-004609,2026-08-23 10:01,SESS-001822,VIS-01823,text,Pidgin,foreign,UK,directions,Musee National de Yaounde,Centre,neutral,4.9,True,False
QRY-001449,2026-08-23 10:52,SESS-000579,VIS-00580,voice_note,French,domestic,Littoral,pricing,Hotel Zingana,West,neutral,2.6,True,False
QRY-002049,2026-08-23 10:54,SESS-000815,VIS-00816,voice_note,French,domestic,Adamawa,transport_fare,Chutes d'Ekom Nkam,Littoral,positive,3.7,True,False
QRY-000613,2026-08-23 11:03,SESS-000254,VIS-00255,text,French,domestic,Far North,booking_interest,Down Beach & Batoke Beach,South West,neutral,5.4,True,False
QRY-001622,2026-08-23 11:20,SESS-000643,VIS-00644,voice_note,French,domestic,Littoral,cultural_info,Les Gites de Kribi,South,neutral,2.9,True,False
QRY-003376,2026-08-23 11:29,SESS-001350,VIS-01351,voice_note,French,domestic,South,directions,Chez Carimo / Lobe Shacks,South,neutral,2.3,True,False
QRY-003875,2026-08-23 11:36,SESS-001543,VIS-01544,text,English,foreign,South Africa,opening_hours,Chutes de la Lobe,South,neutral,3.1,True,False
QRY-005700,2026-08-23 11:58,SESS-002272,VIS-02273,text,English,foreign,Belgium,transport_fare,Musee Maritime de Douala,Littoral,neutral,3.1,True,False
QRY-001998,2026-08-23 12:36,SESS-000793,VIS-00794,text,French,foreign,Equatorial Guinea,opening_hours,Hilton Yaounde,Centre,neutral,3.2,True,False
QRY-001489,2026-08-23 13:20,SESS-000596,VIS-00597,text,English,domestic,West,booking_interest,Hotel Zingana,West,positive,3.1,True,False
QRY-005162,2026-08-23 13:37,SESS-002046,VIS-02047,text,Pidgin,domestic,Littoral,cultural_info,Pullman Douala Rabingha,Littoral,neutral,2.4,True,False
QRY-002214,2026-08-23 14:04,SESS-000882,VIS-00883,text,English,domestic,Littoral,opening_hours,Mvog-Betsi Zoo & Botanical Garden,Centre,positive,2.5,True,False
QRY-001733,2026-08-23 14:13,SESS-000692,VIS-00693,voice_note,French,foreign,South Africa,opening_hours,Artisanal Village & Flower Market,Littoral,positive,2.5,True,False
QRY-002297,2026-08-23 14:17,SESS-000914,VIS-00915,text,French,foreign,Germany,cultural_info,Grand Batanga & Luma Museum,South,positive,3.0,True,False
QRY-001168,2026-08-23 14:18,SESS-000461,VIS-00462,text,English,foreign,Canada,opening_hours,Monument de la Reunification,Centre,neutral,4.2,True,False
QRY-000727,2026-08-23 14:20,SESS-000289,VIS-00290,text,English,domestic,North,opening_hours,Chez Carimo / Lobe Shacks,South,positive,3.5,True,False
QRY-005670,2026-08-23 14:23,SESS-002262,VIS-02263,voice_note,English,foreign,USA,pricing,Down Beach Roasted Fish Sheds,South West,negative,5.0,True,False
QRY-004657,2026-08-23 14:30,SESS-001840,VIS-01841,text,French,domestic,Far North,directions,West Region Gastronomy Spots,West,positive,5.1,True,False
QRY-006061,2026-08-23 14:57,SESS-002417,VIS-02418,text,French,domestic,Far North,opening_hours,Chefferie de Bandjoun,West,positive,3.1,True,False
QRY-002415,2026-08-23 15:01,SESS-000963,VIS-00964,voice_note,French,domestic,South,general_chat,,Far North,positive,3.7,True,False
QRY-005211,2026-08-23 15:05,SESS-002067,VIS-02068,text,French,foreign,USA,booking_interest,Hotel Ilomba,South,neutral,4.1,True,False
QRY-000209,2026-08-23 15:06,SESS-000098,VIS-00099,voice_note,English,foreign,Gabon,opening_hours,Hotel Ilomba,South,neutral,3.5,True,False
QRY-004369,2026-08-23 15:38,SESS-001720,VIS-01721,text,English,domestic,Adamawa,cultural_info,Hotel Ilomba,South,positive,2.3,True,False
QRY-001423,2026-08-23 16:07,SESS-000569,VIS-00570,text,French,domestic,Centre,pricing,Krystal Palace Douala,Littoral,neutral,5.2,True,False
QRY-004569,2026-08-23 17:44,SESS-001803,VIS-01804,text,English,foreign,Gabon,cultural_info,Grand Batanga & Luma Museum,South,neutral,3.4,True,False
QRY-005075,2026-08-23 18:43,SESS-002008,VIS-02009,text,Pidgin,domestic,West,directions,Chutes d'Ekom Nkam,Littoral,positive,2.5,True,False
QRY-002113,2026-08-23 19:33,SESS-000838,VIS-00839,voice_note,French,foreign,UK,pricing,Hotel Ilomba,South,positive,4.2,True,False
QRY-004158,2026-08-23 19:53,SESS-001643,VIS-01644,text,English,foreign,Germany,booking_interest,Pullman Douala Rabingha,Littoral,neutral,3.1,True,False
QRY-003403,2026-08-23 20:03,SESS-001361,VIS-01362,text,French,domestic,Centre,opening_hours,Artisanal Village & Flower Market,Littoral,neutral,2.7,True,False
QRY-005630,2026-08-23 20:13,SESS-002243,VIS-02244,text,French,domestic,West,opening_hours,Palais des Rois Bell (Pagode),Littoral,neutral,1.9,True,False
QRY-005899,2026-08-23 20:16,SESS-002365,VIS-02366,text,French,domestic,East,pricing,Hilton Yaounde,Centre,neutral,1.7,True,False
QRY-001523,2026-08-23 20:16,SESS-000608,VIS-00609,text,French,domestic,South,general_chat,,Littoral,positive,3.4,True,False
QRY-005679,2026-08-23 20:29,SESS-002264,VIS-02265,voice_note,English,domestic,North West,booking_interest,Seme Beach Hotel,South West,neutral,2.5,True,False
QRY-002268,2026-08-23 20:30,SESS-000906,VIS-00907,text,Pidgin,foreign,South Africa,opening_hours,Palais des Rois Bell (Pagode),Littoral,positive,3.4,True,False
QRY-004342,2026-08-23 20:55,SESS-001710,VIS-01711,text,French,domestic,West,transport_fare,Grand Batanga & Luma Museum,South,neutral,2.6,True,False
QRY-000917,2026-08-23 21:43,SESS-000363,VIS-00364,text,Pidgin,domestic,North,cultural_info,Chutes d'Ekom Nkam,Littoral,neutral,4.4,True,False
QRY-001286,2026-08-23 21:54,SESS-000507,VIS-00508,text,English,domestic,East,directions,L'Ovalie & La Fourchette,Littoral,positive,1.9,True,False
QRY-000601,2026-08-23 21:54,SESS-000251,VIS-00252,text,English,foreign,UK,transport_fare,Plage de Kribi (Tara Plage),South,negative,2.5,True,False
QRY-005257,2026-08-23 22:16,SESS-002087,VIS-02088,text,French,foreign,UK,booking_interest,Plage de Kribi (Tara Plage),South,positive,2.0,True,False
QRY-001772,2026-08-23 22:33,SESS-000708,VIS-00709,text,French,domestic,West,pricing,Chez Carimo / Lobe Shacks,South,positive,3.0,True,False
QRY-006191,2026-08-23 22:44,SESS-002470,VIS-02471,voice_note,English,foreign,UK,pricing,Palais des Rois Bell (Pagode),Littoral,positive,3.4,True,False
QRY-003836,2026-08-23 22:44,SESS-001532,VIS-01533,text,French,domestic,North West,transport_fare,Les Gites de Kribi,South,negative,2.5,True,False
QRY-000679,2026-08-24 06:13,SESS-000276,VIS-00277,text,English,domestic,Centre,opening_hours,Mount Cameroon (Upper Farms),South West,neutral,3.5,True,False
QRY-002572,2026-08-24 06:33,SESS-001026,VIS-01027,voice_note,English,domestic,East,opening_hours,Musee Maritime de Douala,Littoral,positive,0.8,True,False
QRY-004529,2026-08-24 06:46,SESS-001788,VIS-01789,voice_note,English,domestic,South West,transport_fare,Krystal Palace Douala,Littoral,neutral,3.3,True,False
QRY-005702,2026-08-24 07:01,SESS-002273,VIS-02274,text,French,foreign,Gabon,directions,FINI Hotel Bobende,South West,positive,3.7,True,False
QRY-005453,2026-08-24 07:25,SESS-002169,VIS-02170,text,French,domestic,East,cultural_info,Monument de la Reunification,Centre,positive,2.1,True,False
QRY-005102,2026-08-24 07:41,SESS-002016,VIS-02017,text,English,domestic,West,cultural_info,Chez Carimo / Lobe Shacks,South,neutral,3.7,True,False
QRY-002128,2026-08-24 08:00,SESS-000846,VIS-00847,voice_note,English,foreign,France,opening_hours,Palais Royal de Foumban & Museum,West,neutral,3.2,True,False
QRY-004468,2026-08-24 08:18,SESS-001756,VIS-01757,text,Pidgin,domestic,Centre,booking_interest,Hilton Yaounde,Centre,neutral,2.7,True,False
QRY-000357,2026-08-24 08:48,SESS-000157,VIS-00158,text,English,foreign,France,directions,Hilton Yaounde,Centre,neutral,2.8,True,False
QRY-005928,2026-08-24 08:48,SESS-002377,VIS-02378,text,Pidgin,domestic,South,directions,Krystal Palace Douala,Littoral,neutral,3.3,True,False
QRY-002788,2026-08-24 08:54,SESS-001098,VIS-01099,text,Pidgin,foreign,France,cultural_info,Plage de Kribi (Tara Plage),South,positive,3.9,True,False
QRY-003267,2026-08-24 08:58,SESS-001306,VIS-01307,text,French,domestic,Centre,opening_hours,Rue des Artisans,West,neutral,3.8,True,False
QRY-001564,2026-08-24 08:58,SESS-000621,VIS-00622,text,English,foreign,South Africa,pricing,Seme Beach Hotel,South West,positive,4.5,True,False
QRY-006111,2026-08-24 09:16,SESS-002438,VIS-02439,text,English,foreign,Canada,opening_hours,Down Beach Roasted Fish Sheds,South West,neutral,5.1,True,False
QRY-005503,2026-08-24 09:36,SESS-002189,VIS-02190,text,English,domestic,West,pricing,L'Ovalie & La Fourchette,Littoral,neutral,3.6,True,False
QRY-004226,2026-08-24 09:42,SESS-001669,VIS-01670,text,English,foreign,Canada,cultural_info,Limbe Wildlife Centre,South West,positive,3.1,True,False
QRY-002862,2026-08-24 10:00,SESS-001129,VIS-01130,text,French,foreign,Germany,general_chat,,North West,neutral,3.0,True,False
QRY-006123,2026-08-24 10:05,SESS-002441,VIS-02442,voice_note,French,domestic,Far North,opening_hours,Chefferie de Bandjoun,West,neutral,3.4,True,False
QRY-001434,2026-08-24 10:50,SESS-000573,VIS-00574,text,French,domestic,South West,pricing,Down Beach & Batoke Beach,South West,positive,3.1,True,False
QRY-000473,2026-08-24 11:08,SESS-000201,VIS-00202,voice_note,English,domestic,Adamawa,cultural_info,Marche Sandaga & Deido Soya,Littoral,positive,4.4,True,False
QRY-004597,2026-08-24 11:21,SESS-001817,VIS-01818,text,French,domestic,East,pricing,Artisanal Village & Flower Market,Littoral,neutral,4.0,True,False
QRY-002248,2026-08-24 12:09,SESS-000899,VIS-00900,text,French,foreign,Gabon,directions,Mount Cameroon (Upper Farms),South West,neutral,1.9,True,False
QRY-001557,2026-08-24 12:13,SESS-000621,VIS-00622,text,English,foreign,Canada,general_chat,,Far North,neutral,3.9,False,False
QRY-000217,2026-08-24 12:20,SESS-000103,VIS-00104,voice_note,French,foreign,Nigeria,transport_fare,Chefferie de Bandjoun,West,positive,2.3,True,False
QRY-001217,2026-08-24 12:35,SESS-000483,VIS-00484,text,French,foreign,Nigeria,transport_fare,Bimbia Slave Trade Port,South West,positive,4.4,True,False
QRY-002971,2026-08-24 12:36,SESS-001170,VIS-01171,text,French,domestic,Centre,general_chat,,Adamawa,positive,4.0,True,False
QRY-003754,2026-08-24 12:39,SESS-001496,VIS-01497,text,French,domestic,East,pricing,Musee National de Yaounde,Centre,neutral,2.0,True,False
QRY-004307,2026-08-24 12:53,SESS-001696,VIS-01697,voice_note,English,domestic,Littoral,general_chat,,East,positive,2.5,True,False
QRY-003201,2026-08-24 13:18,SESS-001279,VIS-01280,text,French,domestic,South West,directions,Musee National de Yaounde,Centre,positive,3.0,True,False
QRY-004667,2026-08-24 13:49,SESS-001847,VIS-01848,text,French,domestic,South West,cultural_info,L'Ovalie & La Fourchette,Littoral,positive,4.0,True,False
QRY-004016,2026-08-24 13:51,SESS-001588,VIS-01589,text,French,domestic,North West,cultural_info,FINI Hotel Bobende,South West,positive,3.4,True,False
QRY-004771,2026-08-24 14:18,SESS-001884,VIS-01885,text,French,domestic,Littoral,cultural_info,Musee National de Yaounde,Centre,neutral,3.9,True,False
QRY-002511,2026-08-24 14:21,SESS-001001,VIS-01002,text,Pidgin,domestic,West,opening_hours,Palais Royal de Foumban & Museum,West,positive,2.1,True,False
QRY-002379,2026-08-24 14:21,SESS-000952,VIS-00953,voice_note,English,domestic,Centre,cultural_info,Artisanal Village & Flower Market,Littoral,neutral,3.4,True,False
QRY-002850,2026-08-24 14:45,SESS-001121,VIS-01122,text,French,domestic,Centre,booking_interest,Musee National de Yaounde,Centre,neutral,5.2,True,False
QRY-003523,2026-08-24 14:56,SESS-001404,VIS-01405,voice_note,French,foreign,Chad,cultural_info,Palais des Rois Bell (Pagode),Littoral,positive,3.1,True,False
QRY-001518,2026-08-24 15:11,SESS-000607,VIS-00608,text,French,domestic,South West,cultural_info,Star Land Hotel Bastos,Centre,neutral,2.4,True,False
QRY-002587,2026-08-24 15:36,SESS-001030,VIS-01031,voice_note,French,domestic,Adamawa,transport_fare,Mvog-Betsi Zoo & Botanical Garden,Centre,neutral,1.5,True,False
QRY-005051,2026-08-24 15:38,SESS-001995,VIS-01996,text,French,foreign,South Africa,directions,Domaine du Petpenoun,West,neutral,3.0,True,False
QRY-000976,2026-08-24 15:40,SESS-000385,VIS-00386,voice_note,French,foreign,China,pricing,Chefferie de Bandjoun,West,neutral,4.5,True,False
QRY-002567,2026-08-24 15:40,SESS-001025,VIS-01026,text,French,foreign,France,opening_hours,Grand Batanga & Luma Museum,South,positive,2.8,True,False
QRY-005068,2026-08-24 16:00,SESS-002006,VIS-02007,text,English,foreign,South Africa,cultural_info,Bimbia Slave Trade Port,South West,positive,3.5,True,False
QRY-003600,2026-08-24 16:15,SESS-001430,VIS-01431,voice_note,French,domestic,Littoral,cultural_info,Limbe Botanic Garden,South West,positive,1.4,True,False
QRY-002887,2026-08-24 16:27,SESS-001139,VIS-01140,voice_note,French,domestic,North,pricing,L'Ovalie & La Fourchette,Littoral,neutral,4.4,True,False
QRY-003401,2026-08-24 16:30,SESS-001360,VIS-01361,text,English,domestic,North West,opening_hours,Pullman Douala Rabingha,Littoral,neutral,5.3,True,False
QRY-000640,2026-08-24 16:39,SESS-000262,VIS-00263,text,English,domestic,South West,transport_fare,Bimbia Slave Trade Port,South West,positive,4.0,True,False
QRY-001055,2026-08-24 16:51,SESS-000414,VIS-00415,voice_note,French,domestic,South,pricing,Chez Wou & La Salsa,Centre,negative,2.0,True,False
QRY-006015,2026-08-24 16:52,SESS-002404,VIS-02405,text,French,foreign,Gabon,general_chat,,Centre,neutral,2.8,True,False
QRY-005081,2026-08-24 17:22,SESS-002009,VIS-02010,text,English,domestic,North West,cultural_info,Palais des Rois Bell (Pagode),Littoral,positive,2.1,True,False
QRY-005738,2026-08-24 17:35,SESS-002291,VIS-02292,voice_note,English,domestic,Littoral,pricing,Krystal Palace Douala,Littoral,negative,2.7,True,False
QRY-005090,2026-08-24 18:07,SESS-002012,VIS-02013,text,English,domestic,North,pricing,Limbe Botanic Garden,South West,positive,1.0,True,False
QRY-001566,2026-08-24 18:10,SESS-000622,VIS-00623,voice_note,French,domestic,Adamawa,pricing,Palais des Rois Bell (Pagode),Littoral,positive,4.6,True,False
QRY-004784,2026-08-24 18:34,SESS-001890,VIS-01891,text,English,domestic,South,directions,Krystal Palace Douala,Littoral,positive,4.2,True,False
QRY-004586,2026-08-24 18:44,SESS-001813,VIS-01814,voice_note,French,domestic,South,booking_interest,Palais Royal de Foumban & Museum,West,positive,1.6,True,False
QRY-002187,2026-08-24 18:45,SESS-000870,VIS-00871,text,English,domestic,North,opening_hours,Musee National de Yaounde,Centre,positive,2.1,True,False
QRY-005954,2026-08-24 18:56,SESS-002387,VIS-02388,text,French,foreign,Equatorial Guinea,pricing,Bimbia Slave Trade Port,South West,positive,3.5,True,False
QRY-003499,2026-08-24 19:12,SESS-001396,VIS-01397,text,French,foreign,UK,pricing,Pullman Douala Rabingha,Littoral,positive,2.6,True,False
QRY-004019,2026-08-24 19:13,SESS-001589,VIS-01590,text,French,domestic,Far North,cultural_info,Les Gites de Kribi,South,positive,2.8,True,False
QRY-002058,2026-08-24 20:10,SESS-000820,VIS-00821,text,English,domestic,Adamawa,general_chat,,Adamawa,positive,2.4,True,False
QRY-004826,2026-08-24 20:33,SESS-001906,VIS-01907,voice_note,French,foreign,France,directions,Chez Carimo / Lobe Shacks,South,neutral,2.3,True,False
QRY-005054,2026-08-24 20:51,SESS-001998,VIS-01999,text,English,domestic,Centre,directions,L'Ovalie & La Fourchette,Littoral,neutral,3.7,False,False
QRY-000920,2026-08-24 20:53,SESS-000364,VIS-00365,text,French,domestic,Adamawa,directions,FINI Hotel Bobende,South West,positive,3.4,True,False
QRY-002759,2026-08-24 21:01,SESS-001090,VIS-01091,text,French,foreign,UK,pricing,Mount Cameroon (Upper Farms),South West,negative,3.2,True,False
QRY-006104,2026-08-24 21:35,SESS-002435,VIS-02436,text,French,domestic,South,transport_fare,Marche Sandaga & Deido Soya,Littoral,positive,3.6,True,False
QRY-002134,2026-08-24 21:39,SESS-000847,VIS-00848,voice_note,English,foreign,Canada,cultural_info,Campo Ma'an National Park,South,neutral,3.7,True,False
QRY-002194,2026-08-24 21:44,SESS-000872,VIS-00873,text,English,domestic,West,directions,L'Ovalie & La Fourchette,Littoral,neutral,2.0,True,False
QRY-004844,2026-08-24 22:16,SESS-001912,VIS-01913,text,French,domestic,East,directions,Musee Maritime de Douala,Littoral,neutral,4.0,True,False
QRY-000656,2026-08-24 22:20,SESS-000269,VIS-00270,text,Pidgin,foreign,China,pricing,West Region Gastronomy Spots,West,negative,2.0,True,False
QRY-005721,2026-08-24 22:20,SESS-002281,VIS-02282,text,French,domestic,Littoral,transport_fare,Hotel Ilomba,South,neutral,4.4,True,False
QRY-004941,2026-08-24 22:53,SESS-001953,VIS-01954,text,French,domestic,North West,cultural_info,Chefferie de Bandjoun,West,positive,2.0,True,False
QRY-004239,2026-08-25 06:15,SESS-001677,VIS-01678,text,Pidgin,domestic,East,opening_hours,L'Ovalie & La Fourchette,Littoral,positive,2.4,True,False
QRY-001001,2026-08-25 06:40,SESS-000394,VIS-00395,text,English,foreign,Belgium,booking_interest,FINI Hotel Bobende,South West,positive,4.5,True,False
QRY-000497,2026-08-25 06:59,SESS-000210,VIS-00211,voice_note,French,domestic,North,cultural_info,Down Beach Roasted Fish Sheds,South West,neutral,2.1,False,False
QRY-002422,2026-08-25 07:13,SESS-000966,VIS-00967,voice_note,French,domestic,Littoral,pricing,Hilton Yaounde,Centre,positive,3.9,True,False
QRY-001101,2026-08-25 07:34,SESS-000431,VIS-00432,text,English,domestic,North,transport_fare,Les Gites de Kribi,South,positive,3.8,True,False
QRY-001127,2026-08-25 07:54,SESS-000444,VIS-00445,text,Pidgin,foreign,Chad,opening_hours,Hotel Ilomba,South,neutral,2.9,True,False
QRY-005589,2026-08-25 08:18,SESS-002228,VIS-02229,text,French,domestic,North,opening_hours,Mefou Primate Sanctuary,Centre,neutral,3.2,True,False
QRY-000006,2026-08-25 08:30,SESS-000004,VIS-00005,text,French,foreign,Equatorial Guinea,directions,Rue des Artisans,West,positive,2.4,True,False
QRY-005456,2026-08-25 08:50,SESS-002171,VIS-02172,text,French,domestic,East,directions,Chutes de la Lobe,South,positive,1.7,True,False
QRY-000073,2026-08-25 09:42,SESS-000031,VIS-00032,text,Pidgin,foreign,UK,transport_fare,Rue des Artisans,West,neutral,3.5,True,False
QRY-001876,2026-08-25 10:20,SESS-000746,VIS-00747,voice_note,English,foreign,Equatorial Guinea,general_chat,,West,neutral,2.1,True,False
QRY-005768,2026-08-25 10:53,SESS-002305,VIS-02306,text,French,foreign,South Africa,opening_hours,Limbe Botanic Garden,South West,positive,4.6,True,False
QRY-003813,2026-08-25 11:04,SESS-001521,VIS-01522,voice_note,Pidgin,domestic,South,directions,Chutes de la Lobe,South,positive,4.1,True,False
QRY-003923,2026-08-25 11:56,SESS-001558,VIS-01559,voice_note,English,foreign,Gabon,cultural_info,Krystal Palace Douala,Littoral,positive,3.6,True,False
QRY-005026,2026-08-25 12:35,SESS-001984,VIS-01985,text,French,foreign,Canada,transport_fare,Marche Sandaga & Deido Soya,Littoral,neutral,3.1,True,False
QRY-001959,2026-08-25 13:20,SESS-000783,VIS-00784,text,Pidgin,domestic,East,transport_fare,Star Land Hotel Bastos,Centre,positive,4.1,True,False
QRY-001600,2026-08-25 13:44,SESS-000635,VIS-00636,text,English,domestic,West,cultural_info,Rue des Artisans,West,neutral,3.0,True,False
QRY-001780,2026-08-25 13:52,SESS-000711,VIS-00712,text,English,domestic,West,pricing,Artisanal Village & Flower Market,Littoral,neutral,4.4,True,False
QRY-004591,2026-08-25 13:58,SESS-001813,VIS-01814,text,French,foreign,China,directions,Bimbia Slave Trade Port,South West,positive,1.2,True,False
QRY-005473,2026-08-25 14:15,SESS-002177,VIS-02178,text,French,foreign,Nigeria,pricing,Grand Batanga & Luma Museum,South,positive,5.1,True,False
QRY-002409,2026-08-25 14:31,SESS-000962,VIS-00963,voice_note,English,foreign,Chad,directions,Hilton Yaounde,Centre,positive,6.0,True,False
QRY-003938,2026-08-25 14:47,SESS-001562,VIS-01563,text,French,domestic,East,opening_hours,Krystal Palace Douala,Littoral,neutral,3.1,True,False
QRY-001123,2026-08-25 14:57,SESS-000442,VIS-00443,voice_note,French,foreign,France,opening_hours,Artisanal Village & Flower Market,Littoral,positive,2.9,True,False
QRY-004658,2026-08-25 15:25,SESS-001841,VIS-01842,voice_note,French,domestic,Adamawa,directions,Mont Febe & Golf Club,Centre,positive,2.8,True,False
QRY-003363,2026-08-25 16:41,SESS-001346,VIS-01347,text,French,domestic,North,general_chat,,South West,neutral,4.5,False,False
QRY-000680,2026-08-25 16:54,SESS-000276,VIS-00277,voice_note,English,foreign,Belgium,pricing,Hotel Ilomba,South,neutral,3.6,True,False
QRY-001378,2026-08-25 17:22,SESS-000547,VIS-00548,text,French,domestic,West,general_chat,,Centre,neutral,3.0,True,False
QRY-005314,2026-08-25 17:30,SESS-002111,VIS-02112,text,English,foreign,Gabon,directions,Musee Maritime de Douala,Littoral,neutral,1.1,True,False
QRY-002419,2026-08-25 17:44,SESS-000964,VIS-00965,text,English,foreign,France,cultural_info,Marche Sandaga & Deido Soya,Littoral,neutral,2.7,True,False
QRY-000369,2026-08-25 18:03,SESS-000162,VIS-00163,voice_note,French,domestic,South,pricing,Chez Wou & La Salsa,Centre,positive,3.0,True,False
QRY-001300,2026-08-25 18:20,SESS-000511,VIS-00512,text,English,domestic,South West,booking_interest,Down Beach & Batoke Beach,South West,neutral,1.1,True,False
QRY-002720,2026-08-25 18:31,SESS-001077,VIS-01078,text,French,foreign,USA,pricing,Musee Maritime de Douala,Littoral,neutral,3.9,True,False
QRY-000233,2026-08-25 18:31,SESS-000109,VIS-00110,voice_note,French,domestic,Centre,pricing,L'Ovalie & La Fourchette,Littoral,positive,2.9,True,False
QRY-002413,2026-08-25 18:34,SESS-000963,VIS-00964,voice_note,French,foreign,China,general_chat,,Far North,neutral,4.3,True,False
QRY-002358,2026-08-25 18:43,SESS-000942,VIS-00943,text,French,domestic,West,opening_hours,Mvog-Betsi Zoo & Botanical Garden,Centre,neutral,4.0,True,False
QRY-003244,2026-08-25 18:50,SESS-001299,VIS-01300,text,English,domestic,Adamawa,general_chat,,South West,neutral,1.8,True,False
QRY-005325,2026-08-25 18:52,SESS-002116,VIS-02117,text,English,domestic,East,cultural_info,Palais des Rois Bell (Pagode),Littoral,negative,1.6,True,False
QRY-001072,2026-08-25 18:57,SESS-000424,VIS-00425,text,English,domestic,East,pricing,Rue des Artisans,West,neutral,4.2,True,False
QRY-005072,2026-08-25 19:07,SESS-002007,VIS-02008,voice_note,French,domestic,Centre,cultural_info,Chez Wou & La Salsa,Centre,neutral,3.4,True,False
QRY-004343,2026-08-25 19:25,SESS-001710,VIS-01711,voice_note,French,domestic,Littoral,transport_fare,Limbe Botanic Garden,South West,positive,3.4,True,False
QRY-004100,2026-08-25 20:00,SESS-001622,VIS-01623,voice_note,French,domestic,North West,opening_hours,Mvog-Betsi Zoo & Botanical Garden,Centre,positive,3.5,True,False
QRY-003155,2026-08-25 20:03,SESS-001259,VIS-01260,voice_note,French,domestic,South,booking_interest,Rue des Artisans,West,neutral,2.8,False,False
QRY-004191,2026-08-25 20:10,SESS-001657,VIS-01658,text,French,domestic,South West,general_chat,,South,neutral,3.0,True,False
QRY-004341,2026-08-25 20:23,SESS-001709,VIS-01710,text,French,foreign,Nigeria,cultural_info,Artisanal Village & Flower Market,Littoral,neutral,3.2,True,False
QRY-000749,2026-08-25 20:51,SESS-000296,VIS-00297,text,English,domestic,Adamawa,general_chat,,North,positive,1.7,True,False
QRY-002779,2026-08-25 20:54,SESS-001097,VIS-01098,text,French,foreign,Belgium,transport_fare,Bimbia Slave Trade Port,South West,neutral,3.7,True,False
QRY-000050,2026-08-25 20:55,SESS-000020,VIS-00021,text,English,domestic,Centre,cultural_info,Limbe Wildlife Centre,South West,positive,3.8,True,False
QRY-004316,2026-08-25 21:05,SESS-001699,VIS-01700,text,French,domestic,North West,pricing,West Region Gastronomy Spots,West,positive,3.1,True,False
QRY-006057,2026-08-25 22:09,SESS-002415,VIS-02416,text,English,domestic,Far North,booking_interest,Limbe Botanic Garden,South West,positive,3.9,True,False
QRY-000929,2026-08-25 22:43,SESS-000369,VIS-00370,text,English,domestic,South,opening_hours,Les Gites de Kribi,South,positive,3.2,True,False
QRY-000105,2026-08-25 22:52,SESS-000049,VIS-00050,text,English,foreign,Germany,general_chat,,North,positive,4.3,True,False
QRY-000144,2026-08-26 06:06,SESS-000065,VIS-00066,text,French,domestic,North West,pricing,Mont Febe & Golf Club,Centre,neutral,2.3,True,False
QRY-002664,2026-08-26 06:29,SESS-001053,VIS-01054,text,French,foreign,South Africa,pricing,Mount Cameroon (Upper Farms),South West,neutral,2.2,True,False
QRY-003315,2026-08-26 06:40,SESS-001327,VIS-01328,voice_note,French,domestic,South West,directions,Pullman Douala Rabingha,Littoral,positive,3.8,True,False
QRY-000183,2026-08-26 07:04,SESS-000083,VIS-00084,voice_note,French,domestic,Far North,general_chat,,North West,neutral,4.0,True,False
QRY-001704,2026-08-26 07:59,SESS-000680,VIS-00681,text,English,foreign,China,transport_fare,Palais des Rois Bell (Pagode),Littoral,neutral,2.8,True,False
QRY-004634,2026-08-26 08:04,SESS-001831,VIS-01832,text,English,domestic,South,opening_hours,Grand Batanga & Luma Museum,South,positive,3.5,True,False
QRY-002458,2026-08-26 08:21,SESS-000983,VIS-00984,text,French,domestic,Far North,general_chat,,North,negative,2.9,True,False
QRY-004894,2026-08-26 09:16,SESS-001936,VIS-01937,text,French,foreign,Nigeria,general_chat,,Centre,positive,3.1,True,False
QRY-002880,2026-08-26 09:16,SESS-001137,VIS-01138,text,French,domestic,East,pricing,Musee Maritime de Douala,Littoral,neutral,4.8,True,False
QRY-002553,2026-08-26 09:18,SESS-001020,VIS-01021,text,French,domestic,South West,booking_interest,FINI Hotel Bobende,South West,neutral,2.3,True,False
QRY-000221,2026-08-26 09:32,SESS-000103,VIS-00104,text,French,foreign,Germany,directions,Campo Ma'an National Park,South,neutral,3.3,True,False
QRY-000092,2026-08-26 09:39,SESS-000040,VIS-00041,text,French,domestic,Adamawa,pricing,Palais des Rois Bell (Pagode),Littoral,positive,2.1,True,False
QRY-004040,2026-08-26 09:54,SESS-001598,VIS-01599,voice_note,Pidgin,domestic,South West,pricing,Chutes de la Lobe,South,positive,1.2,True,False
QRY-003942,2026-08-26 10:00,SESS-001564,VIS-01565,voice_note,English,domestic,Centre,general_chat,,Adamawa,positive,4.4,True,False
QRY-006062,2026-08-26 10:02,SESS-002418,VIS-02419,text,English,domestic,East,opening_hours,Bimbia Slave Trade Port,South West,positive,2.8,True,False
QRY-002822,2026-08-26 10:19,SESS-001111,VIS-01112,text,French,domestic,North West,general_chat,,Adamawa,neutral,4.2,True,False
QRY-003218,2026-08-26 10:30,SESS-001288,VIS-01289,text,English,domestic,North,opening_hours,L'Ovalie & La Fourchette,Littoral,negative,2.2,False,False
QRY-004319,2026-08-26 10:41,SESS-001700,VIS-01701,text,English,domestic,East,transport_fare,Plage de Kribi (Tara Plage),South,neutral,2.4,True,False
QRY-003117,2026-08-26 10:43,SESS-001244,VIS-01245,text,Pidgin,domestic,West,opening_hours,Bimbia Slave Trade Port,South West,neutral,3.2,True,False
QRY-001936,2026-08-26 10:46,SESS-000773,VIS-00774,text,English,domestic,Far North,cultural_info,Chez Wou & La Salsa,Centre,negative,3.9,True,False
QRY-005698,2026-08-26 11:01,SESS-002272,VIS-02273,text,Pidgin,domestic,Adamawa,cultural_info,Hotel Zingana,West,positive,3.2,True,False
QRY-002684,2026-08-26 11:15,SESS-001058,VIS-01059,voice_note,English,foreign,France,opening_hours,Hotel Zingana,West,positive,1.7,True,False
QRY-001175,2026-08-26 11:23,SESS-000462,VIS-00463,text,Pidgin,foreign,USA,booking_interest,Hilton Yaounde,Centre,positive,2.5,True,False
QRY-005267,2026-08-26 11:43,SESS-002091,VIS-02092,text,French,domestic,South West,pricing,Les Gites de Kribi,South,neutral,4.1,False,False
QRY-003605,2026-08-26 11:59,SESS-001434,VIS-01435,voice_note,English,domestic,North,pricing,Star Land Hotel Bastos,Centre,neutral,3.5,True,False
QRY-004690,2026-08-26 12:06,SESS-001854,VIS-01855,text,French,foreign,Belgium,transport_fare,Mvog-Betsi Zoo & Botanical Garden,Centre,positive,4.6,True,False
QRY-004604,2026-08-26 12:26,SESS-001820,VIS-01821,text,French,foreign,China,cultural_info,Hilton Yaounde,Centre,neutral,5.3,True,False
QRY-002556,2026-08-26 12:31,SESS-001021,VIS-01022,text,Pidgin,foreign,Chad,opening_hours,Marche Sandaga & Deido Soya,Littoral,neutral,4.5,True,False
QRY-005025,2026-08-26 12:46,SESS-001984,VIS-01985,text,French,foreign,France,general_chat,,Littoral,positive,2.0,True,False
QRY-003167,2026-08-26 13:42,SESS-001265,VIS-01266,text,English,domestic,East,transport_fare,Mvog-Betsi Zoo & Botanical Garden,Centre,neutral,3.9,True,False
QRY-005137,2026-08-26 13:52,SESS-002030,VIS-02031,voice_note,French,foreign,Gabon,opening_hours,Les Gites de Kribi,South,neutral,5.2,True,False
QRY-004258,2026-08-26 14:14,SESS-001679,VIS-01680,text,English,domestic,West,pricing,Hilton Yaounde,Centre,positive,4.1,True,False
QRY-005121,2026-08-26 14:17,SESS-002024,VIS-02025,text,English,domestic,West,transport_fare,Palais des Rois Bell (Pagode),Littoral,negative,4.6,True,False
QRY-003571,2026-08-26 14:33,SESS-001420,VIS-01421,text,French,foreign,China,directions,Hotel Zingana,West,neutral,2.5,True,False
QRY-005200,2026-08-26 14:38,SESS-002061,VIS-02062,text,English,foreign,China,booking_interest,Chez Carimo / Lobe Shacks,South,neutral,2.2,True,False
QRY-003023,2026-08-26 15:19,SESS-001192,VIS-01193,voice_note,French,domestic,West,booking_interest,Palais Royal de Foumban & Museum,West,positive,3.7,True,False
QRY-004084,2026-08-26 15:25,SESS-001616,VIS-01617,text,French,foreign,Belgium,booking_interest,Douala-Edea Wildlife Reserve,Littoral,neutral,4.1,True,False
QRY-002484,2026-08-26 15:54,SESS-000993,VIS-00994,text,French,foreign,Equatorial Guinea,emergency_sos,Artisanal Village & Flower Market,Littoral,neutral,2.7,True,True
QRY-003691,2026-08-26 16:05,SESS-001465,VIS-01466,text,French,domestic,North,transport_fare,Palais Royal de Foumban & Museum,West,positive,3.8,True,False
QRY-000274,2026-08-26 16:08,SESS-000125,VIS-00126,voice_note,English,domestic,North,general_chat,,East,positive,3.0,True,False
QRY-003781,2026-08-26 16:37,SESS-001508,VIS-01509,voice_note,French,domestic,North West,transport_fare,FINI Hotel Bobende,South West,positive,1.8,True,False
QRY-003146,2026-08-26 16:39,SESS-001256,VIS-01257,text,English,domestic,North,opening_hours,Rue des Artisans,West,neutral,3.2,True,False
QRY-003414,2026-08-26 16:52,SESS-001363,VIS-01364,text,French,foreign,USA,opening_hours,Palais Royal de Foumban & Museum,West,positive,3.4,True,False
QRY-002536,2026-08-26 16:53,SESS-001010,VIS-01011,voice_note,French,foreign,South Africa,booking_interest,Musee National de Yaounde,Centre,negative,2.3,True,False
QRY-005760,2026-08-26 17:00,SESS-002303,VIS-02304,voice_note,English,domestic,Littoral,pricing,Down Beach & Batoke Beach,South West,positive,4.9,True,False
QRY-004525,2026-08-26 17:01,SESS-001785,VIS-01786,text,French,foreign,Canada,pricing,Chez Wou & La Salsa,Centre,neutral,3.6,True,False
QRY-000493,2026-08-26 17:06,SESS-000208,VIS-00209,text,French,domestic,East,cultural_info,Musee National de Yaounde,Centre,neutral,3.5,True,False
QRY-004530,2026-08-26 17:08,SESS-001788,VIS-01789,text,English,domestic,West,transport_fare,Down Beach Roasted Fish Sheds,South West,positive,2.4,True,False
QRY-002094,2026-08-26 17:57,SESS-000833,VIS-00834,text,French,domestic,East,directions,Rue des Artisans,West,neutral,4.7,True,False
QRY-003802,2026-08-26 19:01,SESS-001518,VIS-01519,text,French,foreign,Belgium,pricing,Chez Carimo / Lobe Shacks,South,positive,1.6,True,False
QRY-000042,2026-08-26 19:11,SESS-000017,VIS-00018,text,French,domestic,Adamawa,general_chat,,Littoral,positive,3.4,True,False
QRY-004457,2026-08-26 19:11,SESS-001753,VIS-01754,text,French,domestic,Far North,booking_interest,Palais Royal de Foumban & Museum,West,positive,4.5,True,False
QRY-004031,2026-08-26 19:16,SESS-001594,VIS-01595,text,English,domestic,South West,opening_hours,FINI Hotel Bobende,South West,neutral,1.0,True,False
QRY-000674,2026-08-26 19:17,SESS-000273,VIS-00274,voice_note,English,domestic,North,opening_hours,Seme Beach Hotel,South West,positive,3.2,True,False
QRY-004572,2026-08-26 19:25,SESS-001805,VIS-01806,voice_note,English,domestic,Littoral,pricing,Limbe Wildlife Centre,South West,neutral,2.3,False,False
QRY-001937,2026-08-26 19:25,SESS-000774,VIS-00775,text,English,domestic,South West,transport_fare,Limbe Wildlife Centre,South West,neutral,1.5,True,False
QRY-000387,2026-08-26 20:05,SESS-000170,VIS-00171,text,French,foreign,Canada,directions,L'Ovalie & La Fourchette,Littoral,negative,4.1,True,False
QRY-006172,2026-08-26 20:05,SESS-002463,VIS-02464,text,French,foreign,Equatorial Guinea,general_chat,,Centre,neutral,1.5,True,False
QRY-001147,2026-08-26 20:07,SESS-000455,VIS-00456,text,English,domestic,Littoral,cultural_info,Pullman Douala Rabingha,Littoral,positive,4.1,True,False
QRY-003148,2026-08-26 20:35,SESS-001257,VIS-01258,text,English,foreign,Gabon,transport_fare,Artisanal Village & Flower Market,Littoral,neutral,6.7,True,False
QRY-001032,2026-08-26 20:52,SESS-000408,VIS-00409,text,French,domestic,South,booking_interest,Star Land Hotel Bastos,Centre,neutral,3.1,True,False
QRY-005502,2026-08-26 20:54,SESS-002188,VIS-02189,text,French,foreign,Gabon,pricing,Plage de Kribi (Tara Plage),South,positive,2.4,True,False
QRY-005036,2026-08-26 21:19,SESS-001989,VIS-01990,text,French,domestic,East,directions,Chez Carimo / Lobe Shacks,South,neutral,4.8,True,False
QRY-003427,2026-08-26 21:33,SESS-001367,VIS-01368,text,French,foreign,China,booking_interest,Chez Wou & La Salsa,Centre,positive,2.8,True,False
QRY-001002,2026-08-26 21:48,SESS-000394,VIS-00395,voice_note,French,domestic,Centre,booking_interest,Hilton Yaounde,Centre,neutral,2.4,True,False
QRY-000444,2026-08-26 21:49,SESS-000191,VIS-00192,text,English,foreign,China,cultural_info,Musee Maritime de Douala,Littoral,positive,4.8,True,False
QRY-002221,2026-08-26 21:50,SESS-000884,VIS-00885,voice_note,Pidgin,domestic,North West,opening_hours,Chutes de la Lobe,South,positive,3.7,True,False
QRY-002677,2026-08-26 21:52,SESS-001055,VIS-01056,voice_note,French,domestic,West,booking_interest,Rue des Artisans,West,neutral,4.9,True,False
QRY-005412,2026-08-26 21:59,SESS-002150,VIS-02151,text,French,foreign,Germany,transport_fare,Mont Febe & Golf Club,Centre,positive,2.8,True,False
QRY-000085,2026-08-26 22:17,SESS-000036,VIS-00037,text,French,domestic,East,general_chat,,Far North,neutral,4.4,True,False
QRY-003633,2026-08-26 22:55,SESS-001440,VIS-01441,text,English,domestic,North,cultural_info,Mont Febe & Golf Club,Centre,positive,3.1,True,False
QRY-002978,2026-08-27 06:02,SESS-001172,VIS-01173,voice_note,French,domestic,Far North,booking_interest,Down Beach Roasted Fish Sheds,South West,positive,3.0,True,False
QRY-002380,2026-08-27 06:13,SESS-000952,VIS-00953,text,English,domestic,South,pricing,Star Land Hotel Bastos,Centre,neutral,3.2,True,False
QRY-003991,2026-08-27 06:23,SESS-001581,VIS-01582,text,Pidgin,domestic,South West,general_chat,,North West,neutral,2.8,True,False
QRY-002535,2026-08-27 06:42,SESS-001010,VIS-01011,voice_note,French,domestic,South West,directions,Chutes de la Lobe,South,positive,2.1,True,False
QRY-001029,2026-08-27 06:57,SESS-000407,VIS-00408,text,French,foreign,Nigeria,cultural_info,Down Beach Roasted Fish Sheds,South West,neutral,3.5,True,False
QRY-001751,2026-08-27 07:03,SESS-000699,VIS-00700,text,English,foreign,UK,pricing,Down Beach & Batoke Beach,South West,neutral,3.4,True,False
QRY-002627,2026-08-27 07:06,SESS-001039,VIS-01040,text,French,domestic,South,booking_interest,L'Ovalie & La Fourchette,Littoral,negative,4.6,True,False
QRY-001810,2026-08-27 07:31,SESS-000720,VIS-00721,text,English,domestic,West,booking_interest,Musee National de Yaounde,Centre,neutral,1.9,True,False
QRY-004782,2026-08-27 07:36,SESS-001889,VIS-01890,text,French,foreign,Canada,transport_fare,FINI Hotel Bobende,South West,positive,3.3,True,False
QRY-002464,2026-08-27 07:48,SESS-000987,VIS-00988,text,French,domestic,Littoral,booking_interest,FINI Hotel Bobende,South West,positive,3.3,True,False
QRY-001973,2026-08-27 07:50,SESS-000785,VIS-00786,voice_note,Pidgin,domestic,Far North,directions,Chutes de la Lobe,South,neutral,3.5,True,False
QRY-004171,2026-08-27 07:52,SESS-001648,VIS-01649,text,English,domestic,Adamawa,opening_hours,Palais Royal de Foumban & Museum,West,neutral,4.3,True,False
QRY-004912,2026-08-27 07:53,SESS-001944,VIS-01945,text,English,foreign,France,pricing,Artisanal Village & Flower Market,Littoral,neutral,2.4,True,False
QRY-001561,2026-08-27 07:54,SESS-000621,VIS-00622,text,English,domestic,South,transport_fare,Mont Febe & Golf Club,Centre,positive,2.9,True,False
QRY-005040,2026-08-27 08:06,SESS-001991,VIS-01992,text,French,domestic,North West,opening_hours,Bimbia Slave Trade Port,South West,negative,1.9,True,False
QRY-001748,2026-08-27 08:17,SESS-000698,VIS-00699,voice_note,French,domestic,Littoral,pricing,L'Ovalie & La Fourchette,Littoral,neutral,3.9,True,False
QRY-000771,2026-08-27 08:37,SESS-000307,VIS-00308,voice_note,French,domestic,Far North,cultural_info,Grand Batanga & Luma Museum,South,positive,3.3,True,False
QRY-001158,2026-08-27 09:32,SESS-000458,VIS-00459,text,French,domestic,Adamawa,booking_interest,Palais des Rois Bell (Pagode),Littoral,neutral,4.1,True,False
QRY-005340,2026-08-27 09:36,SESS-002123,VIS-02124,voice_note,French,domestic,North,cultural_info,Chutes de la Lobe,South,positive,2.2,True,False
QRY-003164,2026-08-27 09:40,SESS-001265,VIS-01266,text,French,domestic,North West,opening_hours,Monument de la Reunification,Centre,negative,3.0,True,False
QRY-004289,2026-08-27 10:07,SESS-001686,VIS-01687,text,French,domestic,South,pricing,Limbe Botanic Garden,South West,positive,4.3,True,False
QRY-001125,2026-08-27 10:39,SESS-000443,VIS-00444,voice_note,French,domestic,West,opening_hours,Mont Febe & Golf Club,Centre,positive,3.0,True,False
QRY-004249,2026-08-27 10:43,SESS-001677,VIS-01678,text,French,domestic,North West,opening_hours,Chez Carimo / Lobe Shacks,South,neutral,2.8,True,False
QRY-001351,2026-08-27 11:33,SESS-000534,VIS-00535,voice_note,English,domestic,West,transport_fare,Musee National de Yaounde,Centre,neutral,3.8,True,False
QRY-005934,2026-08-27 11:49,SESS-002380,VIS-02381,text,Pidgin,domestic,East,directions,Palais des Rois Bell (Pagode),Littoral,positive,2.7,True,False
QRY-003393,2026-08-27 12:07,SESS-001356,VIS-01357,text,English,domestic,Littoral,general_chat,,Centre,positive,4.3,True,False
QRY-002972,2026-08-27 12:45,SESS-001170,VIS-01171,voice_note,English,foreign,Nigeria,general_chat,,West,neutral,3.6,True,False
QRY-000582,2026-08-27 12:52,SESS-000245,VIS-00246,text,French,domestic,North West,pricing,FINI Hotel Bobende,South West,negative,3.2,True,False
QRY-000996,2026-08-27 13:20,SESS-000393,VIS-00394,voice_note,French,foreign,Nigeria,cultural_info,Mvog-Betsi Zoo & Botanical Garden,Centre,neutral,3.1,True,False
QRY-004431,2026-08-27 13:31,SESS-001743,VIS-01744,text,Pidgin,domestic,South West,cultural_info,Marche Sandaga & Deido Soya,Littoral,positive,3.6,True,False
QRY-004505,2026-08-27 14:42,SESS-001773,VIS-01774,voice_note,English,domestic,North West,opening_hours,Down Beach Roasted Fish Sheds,South West,positive,3.0,True,False
QRY-002440,2026-08-27 14:52,SESS-000975,VIS-00976,text,French,foreign,Equatorial Guinea,booking_interest,Star Land Hotel Bastos,Centre,neutral,2.2,True,False
QRY-004266,2026-08-27 15:20,SESS-001683,VIS-01684,text,French,foreign,Chad,opening_hours,Marche Sandaga & Deido Soya,Littoral,positive,2.1,True,False
QRY-001205,2026-08-27 15:26,SESS-000476,VIS-00477,text,French,domestic,Far North,general_chat,,Far North,neutral,1.7,True,False
QRY-003226,2026-08-27 15:32,SESS-001290,VIS-01291,text,French,domestic,Littoral,pricing,Marche Sandaga & Deido Soya,Littoral,neutral,4.0,True,False
QRY-005763,2026-08-27 15:47,SESS-002304,VIS-02305,text,Pidgin,foreign,South Africa,cultural_info,Marche Sandaga & Deido Soya,Littoral,neutral,2.7,False,False
QRY-003264,2026-08-27 15:47,SESS-001306,VIS-01307,text,French,domestic,Centre,transport_fare,Bimbia Slave Trade Port,South West,negative,3.5,True,False
QRY-000347,2026-08-27 15:54,SESS-000152,VIS-00153,text,French,domestic,Littoral,booking_interest,Palais Royal de Foumban & Museum,West,neutral,2.9,True,False
QRY-004803,2026-08-27 17:06,SESS-001897,VIS-01898,voice_note,French,foreign,South Africa,pricing,Limbe Wildlife Centre,South West,neutral,4.4,True,False
QRY-001237,2026-08-27 17:40,SESS-000493,VIS-00494,voice_note,English,domestic,Littoral,transport_fare,Plage de Kribi (Tara Plage),South,positive,5.1,True,False
QRY-005875,2026-08-27 17:57,SESS-002357,VIS-02358,text,Pidgin,domestic,Far North,directions,Palais Royal de Foumban & Museum,West,neutral,2.0,True,False
QRY-001178,2026-08-27 17:59,SESS-000463,VIS-00464,voice_note,English,domestic,South West,transport_fare,Plage de Kribi (Tara Plage),South,neutral,3.1,True,False
QRY-003910,2026-08-27 18:51,SESS-001555,VIS-01556,voice_note,English,domestic,Far North,transport_fare,Bimbia Slave Trade Port,South West,negative,3.6,True,False
QRY-000234,2026-08-27 19:20,SESS-000109,VIS-00110,text,English,foreign,Canada,directions,Down Beach & Batoke Beach,South West,negative,2.8,True,False
QRY-003104,2026-08-27 19:26,SESS-001236,VIS-01237,voice_note,English,domestic,Littoral,transport_fare,Rue des Artisans,West,negative,2.5,True,False
QRY-004611,2026-08-27 19:50,SESS-001823,VIS-01824,text,English,domestic,Littoral,cultural_info,FINI Hotel Bobende,South West,positive,2.2,True,False
QRY-000490,2026-08-27 20:19,SESS-000206,VIS-00207,text,French,domestic,South,transport_fare,Rue des Artisans,West,positive,1.1,True,False
QRY-004379,2026-08-27 20:26,SESS-001726,VIS-01727,text,English,domestic,Centre,directions,Hotel Zingana,West,neutral,3.1,True,False
QRY-001841,2026-08-27 20:37,SESS-000734,VIS-00735,text,Pidgin,domestic,Far North,transport_fare,Down Beach & Batoke Beach,South West,positive,3.1,True,False
QRY-000908,2026-08-27 21:34,SESS-000359,VIS-00360,text,French,foreign,USA,cultural_info,FINI Hotel Bobende,South West,positive,2.6,True,False
QRY-000806,2026-08-27 21:48,SESS-000319,VIS-00320,text,Pidgin,foreign,China,cultural_info,Down Beach Roasted Fish Sheds,South West,neutral,1.1,True,False
QRY-001356,2026-08-27 22:04,SESS-000537,VIS-00538,text,French,foreign,Gabon,transport_fare,Marche Sandaga & Deido Soya,Littoral,neutral,2.2,True,False
QRY-000574,2026-08-27 22:42,SESS-000243,VIS-00244,text,Pidgin,foreign,China,general_chat,,West,neutral,3.0,True,False
QRY-001327,2026-08-27 22:48,SESS-000526,VIS-00527,text,Pidgin,foreign,Germany,general_chat,,Adamawa,positive,4.2,True,False
QRY-005779,2026-08-27 22:58,SESS-002311,VIS-02312,text,English,domestic,West,booking_interest,Bimbia Slave Trade Port,South West,positive,4.2,True,False
QRY-006086,2026-08-28 06:13,SESS-002427,VIS-02428,text,English,domestic,South West,directions,Bimbia Slave Trade Port,South West,positive,4.0,True,False
QRY-002385,2026-08-28 06:14,SESS-000954,VIS-00955,text,French,domestic,Adamawa,pricing,Plage de Kribi (Tara Plage),South,positive,6.3,True,False
QRY-006109,2026-08-28 06:29,SESS-002438,VIS-02439,voice_note,Pidgin,domestic,South West,transport_fare,L'Ovalie & La Fourchette,Littoral,negative,3.7,True,False
QRY-000611,2026-08-28 06:37,SESS-000254,VIS-00255,text,English,domestic,West,pricing,Palais des Rois Bell (Pagode),Littoral,positive,1.5,True,False
QRY-002410,2026-08-28 06:55,SESS-000962,VIS-00963,text,English,foreign,UK,cultural_info,Star Land Hotel Bastos,Centre,positive,4.7,True,False
QRY-003378,2026-08-28 06:58,SESS-001351,VIS-01352,voice_note,English,domestic,South,cultural_info,Krystal Palace Douala,Littoral,neutral,3.1,True,False
QRY-001850,2026-08-28 07:30,SESS-000737,VIS-00738,text,Pidgin,foreign,Belgium,pricing,Limbe Botanic Garden,South West,positive,4.9,True,False
QRY-002352,2026-08-28 07:33,SESS-000940,VIS-00941,text,English,domestic,Littoral,pricing,Plage de Kribi (Tara Plage),South,neutral,4.3,True,False
QRY-001943,2026-08-28 07:34,SESS-000775,VIS-00776,voice_note,French,domestic,North,transport_fare,Limbe Botanic Garden,South West,positive,1.8,True,False
QRY-001289,2026-08-28 08:10,SESS-000508,VIS-00509,voice_note,French,domestic,East,pricing,Bimbia Slave Trade Port,South West,positive,3.9,True,False
QRY-003962,2026-08-28 08:23,SESS-001567,VIS-01568,text,French,domestic,Littoral,opening_hours,Limbe Wildlife Centre,South West,negative,3.7,True,False
QRY-000002,2026-08-28 08:35,SESS-000003,VIS-00004,text,French,domestic,East,cultural_info,Musee National de Yaounde,Centre,positive,2.5,True,False
QRY-003083,2026-08-28 08:46,SESS-001227,VIS-01228,text,French,domestic,North West,pricing,Krystal Palace Douala,Littoral,positive,2.9,True,False
QRY-002724,2026-08-28 08:58,SESS-001077,VIS-01078,text,English,domestic,South West,transport_fare,Krystal Palace Douala,Littoral,positive,3.4,True,False
QRY-004925,2026-08-28 09:01,SESS-001946,VIS-01947,voice_note,French,domestic,South West,directions,Chutes d'Ekom Nkam,Littoral,positive,2.4,True,False
QRY-005500,2026-08-28 09:05,SESS-002187,VIS-02188,voice_note,English,foreign,South Africa,cultural_info,West Region Gastronomy Spots,West,neutral,2.9,True,False
QRY-003464,2026-08-28 09:14,SESS-001382,VIS-01383,voice_note,French,domestic,South West,transport_fare,Down Beach & Batoke Beach,South West,positive,3.8,True,False
QRY-004232,2026-08-28 10:23,SESS-001673,VIS-01674,text,Pidgin,domestic,South West,emergency_sos,Rue des Artisans,West,neutral,1.8,True,True
QRY-004138,2026-08-28 10:40,SESS-001634,VIS-01635,voice_note,French,foreign,Equatorial Guinea,directions,Chez Wou & La Salsa,Centre,neutral,1.8,True,False
QRY-005282,2026-08-28 11:14,SESS-002097,VIS-02098,text,French,foreign,Germany,opening_hours,Star Land Hotel Bastos,Centre,neutral,3.7,True,False
QRY-002964,2026-08-28 11:19,SESS-001168,VIS-01169,voice_note,French,domestic,East,transport_fare,Krystal Palace Douala,Littoral,neutral,3.9,True,False
QRY-003660,2026-08-28 11:23,SESS-001452,VIS-01453,text,French,domestic,Centre,opening_hours,Bimbia Slave Trade Port,South West,negative,1.5,False,False
QRY-001251,2026-08-28 11:34,SESS-000498,VIS-00499,text,French,domestic,North,pricing,Rue des Artisans,West,negative,3.7,True,False
QRY-001894,2026-08-28 11:37,SESS-000755,VIS-00756,text,French,domestic,Centre,opening_hours,Mvog-Betsi Zoo & Botanical Garden,Centre,neutral,1.1,True,False
QRY-001106,2026-08-28 11:45,SESS-000434,VIS-00435,text,French,foreign,South Africa,directions,Mont Febe & Golf Club,Centre,positive,3.8,True,False
QRY-005330,2026-08-28 11:50,SESS-002118,VIS-02119,voice_note,English,domestic,South,general_chat,,South West,positive,1.0,True,False
QRY-004596,2026-08-28 11:56,SESS-001816,VIS-01817,text,French,domestic,North West,general_chat,,North,neutral,4.3,True,False
QRY-001204,2026-08-28 12:00,SESS-000475,VIS-00476,text,English,domestic,Adamawa,cultural_info,Grand Batanga & Luma Museum,South,negative,1.9,True,False
QRY-002195,2026-08-28 12:21,SESS-000872,VIS-00873,text,French,domestic,West,opening_hours,Limbe Botanic Garden,South West,neutral,4.0,True,False
QRY-003947,2026-08-28 12:21,SESS-001565,VIS-01566,text,French,foreign,USA,transport_fare,L'Ovalie & La Fourchette,Littoral,neutral,3.7,True,False
QRY-005028,2026-08-28 12:23,SESS-001985,VIS-01986,text,English,foreign,Chad,transport_fare,Rue des Artisans,West,neutral,3.6,True,False
QRY-004283,2026-08-28 12:27,SESS-001685,VIS-01686,text,French,domestic,Adamawa,general_chat,,Far North,negative,5.2,True,False
QRY-000881,2026-08-28 12:40,SESS-000346,VIS-00347,text,French,domestic,East,opening_hours,L'Ovalie & La Fourchette,Littoral,neutral,4.2,True,False
QRY-005460,2026-08-28 12:47,SESS-002172,VIS-02173,text,French,domestic,Adamawa,pricing,Plage de Kribi (Tara Plage),South,positive,3.6,True,False
QRY-002157,2026-08-28 12:55,SESS-000860,VIS-00861,voice_note,English,foreign,Canada,cultural_info,Palais Royal de Foumban & Museum,West,neutral,3.9,True,False
QRY-002896,2026-08-28 13:16,SESS-001141,VIS-01142,text,English,domestic,Centre,cultural_info,Hotel Ilomba,South,negative,3.0,True,False
QRY-004059,2026-08-28 13:17,SESS-001604,VIS-01605,text,English,domestic,North West,transport_fare,Hilton Yaounde,Centre,neutral,4.0,True,False
QRY-001975,2026-08-28 13:42,SESS-000786,VIS-00787,voice_note,French,foreign,France,opening_hours,Palais des Rois Bell (Pagode),Littoral,positive,3.5,True,False
QRY-002254,2026-08-28 13:58,SESS-000900,VIS-00901,voice_note,French,foreign,USA,opening_hours,Pullman Douala Rabingha,Littoral,neutral,3.2,True,False
QRY-004952,2026-08-28 14:11,SESS-001956,VIS-01957,text,French,foreign,Chad,cultural_info,Chez Carimo / Lobe Shacks,South,positive,2.6,True,False
QRY-001766,2026-08-28 14:35,SESS-000706,VIS-00707,voice_note,French,domestic,South,pricing,Mont Febe & Golf Club,Centre,positive,4.7,True,False
QRY-004357,2026-08-28 14:59,SESS-001714,VIS-01715,text,Pidgin,foreign,Chad,transport_fare,Les Gites de Kribi,South,neutral,2.4,True,False
QRY-005203,2026-08-28 15:10,SESS-002062,VIS-02063,text,French,domestic,Adamawa,pricing,Musee National de Yaounde,Centre,positive,2.3,True,False
QRY-002616,2026-08-28 15:42,SESS-001036,VIS-01037,text,Pidgin,foreign,UK,opening_hours,Palais Royal de Foumban & Museum,West,neutral,2.7,True,False
QRY-000290,2026-08-28 15:51,SESS-000132,VIS-00133,text,English,foreign,Equatorial Guinea,directions,Palais des Rois Bell (Pagode),Littoral,neutral,2.2,True,False
QRY-003209,2026-08-28 15:52,SESS-001284,VIS-01285,text,English,domestic,South West,transport_fare,Artisanal Village & Flower Market,Littoral,positive,2.4,True,False
QRY-001776,2026-08-28 16:11,SESS-000711,VIS-00712,voice_note,English,foreign,USA,cultural_info,Plage de Kribi (Tara Plage),South,neutral,3.4,True,False
QRY-005428,2026-08-28 16:16,SESS-002159,VIS-02160,text,French,domestic,South,opening_hours,Artisanal Village & Flower Market,Littoral,positive,3.0,False,False
QRY-003004,2026-08-28 16:49,SESS-001184,VIS-01185,voice_note,English,domestic,South West,opening_hours,Marche Sandaga & Deido Soya,Littoral,neutral,3.5,True,False
QRY-002016,2026-08-28 16:59,SESS-000802,VIS-00803,text,Pidgin,foreign,Chad,directions,Chez Wou & La Salsa,Centre,neutral,4.9,True,False
QRY-002923,2026-08-28 17:57,SESS-001152,VIS-01153,text,English,domestic,Centre,pricing,Musee Maritime de Douala,Littoral,positive,2.2,True,False
QRY-000078,2026-08-28 17:59,SESS-000034,VIS-00035,text,Pidgin,foreign,Germany,opening_hours,Musee National de Yaounde,Centre,neutral,4.7,True,False
QRY-001674,2026-08-28 18:10,SESS-000668,VIS-00669,text,English,domestic,West,transport_fare,Douala-Edea Wildlife Reserve,Littoral,positive,3.9,True,False
QRY-002590,2026-08-28 18:17,SESS-001031,VIS-01032,text,English,domestic,Far North,cultural_info,Mont Febe & Golf Club,Centre,negative,3.6,True,False
QRY-000140,2026-08-28 18:18,SESS-000064,VIS-00065,text,English,domestic,Adamawa,opening_hours,Palais Royal de Foumban & Museum,West,positive,3.2,True,False
QRY-000930,2026-08-28 18:40,SESS-000369,VIS-00370,text,English,domestic,Centre,general_chat,,South West,neutral,4.6,True,False
QRY-000892,2026-08-28 19:13,SESS-000352,VIS-00353,text,French,domestic,North,opening_hours,Marche Sandaga & Deido Soya,Littoral,neutral,3.0,True,False
QRY-005236,2026-08-28 19:41,SESS-002077,VIS-02078,text,French,foreign,Equatorial Guinea,cultural_info,Hilton Yaounde,Centre,neutral,3.5,True,False
QRY-003970,2026-08-28 20:34,SESS-001571,VIS-01572,voice_note,French,foreign,Nigeria,pricing,Marche Sandaga & Deido Soya,Littoral,neutral,2.4,True,False
QRY-004890,2026-08-28 21:35,SESS-001935,VIS-01936,text,French,foreign,Gabon,opening_hours,Artisanal Village & Flower Market,Littoral,positive,3.1,True,False
QRY-006046,2026-08-28 22:36,SESS-002412,VIS-02413,text,Pidgin,domestic,North West,cultural_info,Limbe Botanic Garden,South West,neutral,2.9,True,False
QRY-002224,2026-08-28 22:53,SESS-000887,VIS-00888,voice_note,English,foreign,Belgium,general_chat,,North West,positive,3.2,True,False
QRY-001595,2026-08-28 22:54,SESS-000633,VIS-00634,text,English,domestic,North,pricing,Down Beach Roasted Fish Sheds,South West,positive,2.5,True,False
QRY-003283,2026-08-29 06:17,SESS-001313,VIS-01314,voice_note,French,domestic,Littoral,pricing,Limbe Botanic Garden,South West,neutral,4.0,True,False
QRY-003362,2026-08-29 06:30,SESS-001346,VIS-01347,text,French,domestic,South West,directions,Palais des Rois Bell (Pagode),Littoral,positive,3.5,True,False
QRY-004817,2026-08-29 06:33,SESS-001901,VIS-01902,voice_note,French,domestic,Far North,cultural_info,Hilton Yaounde,Centre,neutral,6.5,True,False
QRY-000972,2026-08-29 06:39,SESS-000385,VIS-00386,text,English,domestic,South West,general_chat,,Adamawa,neutral,4.5,True,False
QRY-005741,2026-08-29 06:52,SESS-002292,VIS-02293,text,English,domestic,Adamawa,pricing,Mvog-Betsi Zoo & Botanical Garden,Centre,neutral,2.7,True,False
QRY-003161,2026-08-29 07:16,SESS-001264,VIS-01265,text,French,foreign,Germany,booking_interest,Limbe Wildlife Centre,South West,neutral,4.4,True,False
QRY-003502,2026-08-29 07:25,SESS-001397,VIS-01398,text,French,domestic,South,cultural_info,Grand Batanga & Luma Museum,South,neutral,3.7,True,False
QRY-003443,2026-08-29 07:42,SESS-001373,VIS-01374,text,English,domestic,North,transport_fare,Artisanal Village & Flower Market,Littoral,neutral,4.3,True,False
QRY-004071,2026-08-29 07:44,SESS-001611,VIS-01612,text,French,foreign,Germany,pricing,Monument de la Reunification,Centre,positive,3.9,True,False
QRY-004863,2026-08-29 07:50,SESS-001922,VIS-01923,text,French,domestic,Littoral,directions,Star Land Hotel Bastos,Centre,positive,3.5,True,False
QRY-000787,2026-08-29 08:24,SESS-000311,VIS-00312,text,English,foreign,Chad,cultural_info,Down Beach & Batoke Beach,South West,positive,1.9,True,False
QRY-005598,2026-08-29 08:33,SESS-002230,VIS-02231,voice_note,English,foreign,China,pricing,Mvog-Betsi Zoo & Botanical Garden,Centre,positive,1.5,True,False
QRY-002086,2026-08-29 08:41,SESS-000830,VIS-00831,text,French,foreign,Chad,cultural_info,Mefou Primate Sanctuary,Centre,neutral,3.1,True,False
QRY-002768,2026-08-29 09:03,SESS-001093,VIS-01094,voice_note,French,domestic,South West,transport_fare,Chez Wou & La Salsa,Centre,positive,4.0,True,False
QRY-004109,2026-08-29 09:13,SESS-001625,VIS-01626,text,English,domestic,East,booking_interest,Down Beach & Batoke Beach,South West,positive,2.9,True,False
QRY-000267,2026-08-29 09:21,SESS-000122,VIS-00123,text,Pidgin,domestic,South,transport_fare,Grand Batanga & Luma Museum,South,neutral,4.3,True,False
QRY-005726,2026-08-29 09:31,SESS-002285,VIS-02286,text,French,domestic,Littoral,general_chat,,Far North,positive,4.2,True,False
QRY-002686,2026-08-29 09:38,SESS-001058,VIS-01059,text,English,domestic,North West,pricing,Seme Beach Hotel,South West,neutral,2.0,True,False
QRY-001025,2026-08-29 10:04,SESS-000405,VIS-00406,voice_note,French,domestic,North,booking_interest,Krystal Palace Douala,Littoral,neutral,2.0,True,False
QRY-003369,2026-08-29 10:35,SESS-001347,VIS-01348,text,French,foreign,Gabon,cultural_info,Palais des Rois Bell (Pagode),Littoral,neutral,2.2,True,False
QRY-006181,2026-08-29 11:01,SESS-002466,VIS-02467,text,French,domestic,North,pricing,Mefou Primate Sanctuary,Centre,positive,6.5,True,False
QRY-005268,2026-08-29 11:06,SESS-002091,VIS-02092,text,French,foreign,China,opening_hours,Chez Wou & La Salsa,Centre,neutral,3.0,False,False
QRY-003072,2026-08-29 11:07,SESS-001221,VIS-01222,voice_note,English,domestic,Littoral,emergency_sos,Mont Febe & Golf Club,Centre,negative,1.6,True,True
QRY-003517,2026-08-29 11:07,SESS-001401,VIS-01402,text,English,domestic,Littoral,pricing,Mont Febe & Golf Club,Centre,neutral,1.8,True,False
QRY-003096,2026-08-29 11:57,SESS-001233,VIS-01234,text,French,domestic,North,opening_hours,Mont Febe & Golf Club,Centre,neutral,4.1,True,False
QRY-005079,2026-08-29 12:02,SESS-002009,VIS-02010,text,English,domestic,Centre,general_chat,,South West,neutral,3.8,True,False
QRY-001230,2026-08-29 12:31,SESS-000489,VIS-00490,text,English,foreign,China,directions,Douala-Edea Wildlife Reserve,Littoral,neutral,3.9,True,False
QRY-004753,2026-08-29 12:34,SESS-001879,VIS-01880,voice_note,Pidgin,foreign,Belgium,transport_fare,Limbe Botanic Garden,South West,neutral,3.6,True,False
QRY-005634,2026-08-29 13:09,SESS-002246,VIS-02247,text,French,domestic,North,booking_interest,Musee Maritime de Douala,Littoral,neutral,5.3,True,False
QRY-003275,2026-08-29 13:09,SESS-001309,VIS-01310,text,English,domestic,Littoral,booking_interest,Grand Batanga & Luma Museum,South,positive,3.5,True,False
QRY-005959,2026-08-29 13:10,SESS-002390,VIS-02391,text,English,domestic,West,transport_fare,Krystal Palace Douala,Littoral,positive,3.1,True,False
QRY-003788,2026-08-29 13:33,SESS-001511,VIS-01512,text,English,domestic,Far North,cultural_info,Plage de Kribi (Tara Plage),South,neutral,1.0,True,False
QRY-002660,2026-08-29 13:48,SESS-001052,VIS-01053,text,French,domestic,North West,cultural_info,Limbe Wildlife Centre,South West,neutral,2.2,True,False
QRY-004703,2026-08-29 14:26,SESS-001862,VIS-01863,text,French,domestic,South West,opening_hours,Douala-Edea Wildlife Reserve,Littoral,neutral,3.4,True,False
QRY-003432,2026-08-29 15:08,SESS-001369,VIS-01370,voice_note,French,domestic,East,opening_hours,Down Beach & Batoke Beach,South West,neutral,2.5,True,False
QRY-001915,2026-08-29 15:37,SESS-000762,VIS-00763,voice_note,French,domestic,Centre,pricing,Les Gites de Kribi,South,negative,2.1,True,False
QRY-001753,2026-08-29 15:45,SESS-000700,VIS-00701,voice_note,English,foreign,Chad,pricing,Mount Cameroon (Upper Farms),South West,positive,4.2,True,False
QRY-003207,2026-08-29 16:06,SESS-001283,VIS-01284,text,Pidgin,domestic,Littoral,transport_fare,FINI Hotel Bobende,South West,neutral,2.4,True,False
QRY-000728,2026-08-29 16:37,SESS-000290,VIS-00291,text,French,domestic,Far North,transport_fare,Rue des Artisans,West,positive,4.4,True,False
QRY-004366,2026-08-29 16:46,SESS-001718,VIS-01719,text,French,foreign,South Africa,transport_fare,Artisanal Village & Flower Market,Littoral,neutral,3.3,True,False
QRY-005169,2026-08-29 17:16,SESS-002050,VIS-02051,text,English,foreign,China,opening_hours,L'Ovalie & La Fourchette,Littoral,neutral,4.0,True,False
QRY-001958,2026-08-29 17:29,SESS-000782,VIS-00783,text,Pidgin,domestic,West,pricing,Palais Royal de Foumban & Museum,West,neutral,3.3,True,False
QRY-006013,2026-08-29 18:05,SESS-002404,VIS-02405,text,French,foreign,Nigeria,cultural_info,Palais des Rois Bell (Pagode),Littoral,neutral,4.8,True,False
QRY-002533,2026-08-29 18:20,SESS-001009,VIS-01010,text,French,domestic,South,transport_fare,FINI Hotel Bobende,South West,negative,0.8,True,False
QRY-003777,2026-08-29 18:22,SESS-001506,VIS-01507,text,French,domestic,Adamawa,pricing,Les Gites de Kribi,South,positive,3.2,True,False
QRY-004238,2026-08-29 18:25,SESS-001676,VIS-01677,text,French,domestic,South West,emergency_sos,Pullman Douala Rabingha,Littoral,negative,1.7,True,True
QRY-004834,2026-08-29 18:27,SESS-001910,VIS-01911,text,French,foreign,Equatorial Guinea,general_chat,,Centre,positive,3.4,True,False
QRY-003457,2026-08-29 18:33,SESS-001379,VIS-01380,voice_note,English,domestic,Centre,directions,Down Beach & Batoke Beach,South West,positive,1.5,True,False
QRY-005002,2026-08-29 18:35,SESS-001974,VIS-01975,text,Pidgin,foreign,UK,general_chat,,North,positive,1.8,True,False
QRY-001873,2026-08-29 18:38,SESS-000745,VIS-00746,text,English,domestic,West,directions,Artisanal Village & Flower Market,Littoral,neutral,3.5,True,False
QRY-005616,2026-08-29 18:41,SESS-002237,VIS-02238,text,French,domestic,West,directions,Star Land Hotel Bastos,Centre,negative,2.0,True,False
QRY-006099,2026-08-29 18:51,SESS-002433,VIS-02434,voice_note,French,foreign,Nigeria,transport_fare,Plage de Kribi (Tara Plage),South,negative,3.3,True,False
QRY-002515,2026-08-29 19:13,SESS-001002,VIS-01003,text,French,foreign,UK,general_chat,,West,positive,2.5,True,False
QRY-006017,2026-08-29 19:20,SESS-002405,VIS-02406,voice_note,French,domestic,Littoral,opening_hours,Musee National de Yaounde,Centre,neutral,5.0,True,False
QRY-000112,2026-08-29 19:24,SESS-000051,VIS-00052,text,French,foreign,Chad,directions,Palais Royal de Foumban & Museum,West,neutral,2.2,True,False
QRY-003734,2026-08-29 20:14,SESS-001485,VIS-01486,text,English,domestic,South,directions,Mefou Primate Sanctuary,Centre,positive,4.2,True,False
QRY-002212,2026-08-29 20:47,SESS-000880,VIS-00881,text,Pidgin,domestic,Littoral,booking_interest,Plage de Kribi (Tara Plage),South,neutral,1.7,True,False
QRY-003982,2026-08-29 21:09,SESS-001574,VIS-01575,voice_note,English,domestic,East,directions,Plage de Kribi (Tara Plage),South,neutral,2.7,True,False
QRY-001809,2026-08-29 21:09,SESS-000720,VIS-00721,text,English,domestic,North,directions,Chefferie de Bandjoun,West,neutral,1.5,True,False
QRY-002180,2026-08-29 21:43,SESS-000868,VIS-00869,voice_note,English,domestic,North,opening_hours,Mvog-Betsi Zoo & Botanical Garden,Centre,neutral,3.6,True,False
QRY-002737,2026-08-29 22:28,SESS-001082,VIS-01083,voice_note,Pidgin,domestic,West,cultural_info,Palais des Rois Bell (Pagode),Littoral,neutral,3.5,False,False
QRY-003758,2026-08-29 22:47,SESS-001499,VIS-01500,text,French,foreign,UK,cultural_info,FINI Hotel Bobende,South West,neutral,3.1,True,False
QRY-000399,2026-08-30 06:06,SESS-000175,VIS-00176,text,French,domestic,Far North,booking_interest,Mont Febe & Golf Club,Centre,neutral,4.6,True,False
QRY-000325,2026-08-30 06:11,SESS-000145,VIS-00146,text,French,foreign,Canada,transport_fare,Campo Ma'an National Park,South,positive,2.6,True,False
QRY-004770,2026-08-30 06:12,SESS-001884,VIS-01885,voice_note,French,domestic,North,booking_interest,FINI Hotel Bobende,South West,neutral,3.2,True,False
QRY-000793,2026-08-30 06:23,SESS-000312,VIS-00313,voice_note,French,foreign,Chad,pricing,Down Beach Roasted Fish Sheds,South West,neutral,5.0,True,False
QRY-003504,2026-08-30 07:03,SESS-001399,VIS-01400,text,English,foreign,Nigeria,pricing,Grand Batanga & Luma Museum,South,neutral,2.1,True,False
QRY-004810,2026-08-30 07:19,SESS-001900,VIS-01901,text,French,domestic,Adamawa,booking_interest,Mefou Primate Sanctuary,Centre,neutral,4.2,True,False
QRY-001905,2026-08-30 07:21,SESS-000757,VIS-00758,text,French,domestic,Adamawa,transport_fare,Campo Ma'an National Park,South,negative,2.9,True,False
QRY-002469,2026-08-30 07:49,SESS-000989,VIS-00990,text,English,domestic,South,opening_hours,West Region Gastronomy Spots,West,positive,5.5,True,False
QRY-000028,2026-08-30 07:56,SESS-000011,VIS-00012,text,French,domestic,Far North,opening_hours,Palais des Rois Bell (Pagode),Littoral,positive,2.5,True,False
QRY-001214,2026-08-30 07:57,SESS-000481,VIS-00482,voice_note,French,domestic,North West,cultural_info,Bimbia Slave Trade Port,South West,positive,4.0,True,False
QRY-004153,2026-08-30 08:02,SESS-001642,VIS-01643,text,French,foreign,Gabon,directions,Musee Maritime de Douala,Littoral,neutral,2.1,True,False
QRY-003284,2026-08-30 08:09,SESS-001314,VIS-01315,text,French,domestic,Littoral,cultural_info,Mvog-Betsi Zoo & Botanical Garden,Centre,negative,2.5,True,False
QRY-000380,2026-08-30 08:09,SESS-000168,VIS-00169,text,French,domestic,North,transport_fare,Down Beach Roasted Fish Sheds,South West,neutral,3.4,True,False
QRY-005742,2026-08-30 08:58,SESS-002293,VIS-02294,voice_note,Pidgin,foreign,Belgium,directions,Les Gites de Kribi,South,positive,4.0,True,False
QRY-004942,2026-08-30 09:06,SESS-001953,VIS-01954,voice_note,French,domestic,North,transport_fare,Mvog-Betsi Zoo & Botanical Garden,Centre,neutral,5.5,True,False
QRY-005724,2026-08-30 09:28,SESS-002284,VIS-02285,text,French,domestic,North,cultural_info,Chez Carimo / Lobe Shacks,South,neutral,1.3,True,False
QRY-000335,2026-08-30 09:28,SESS-000150,VIS-00151,text,English,foreign,Gabon,pricing,Chutes de la Lobe,South,positive,3.0,True,False
QRY-000587,2026-08-30 10:40,SESS-000247,VIS-00248,text,French,domestic,North West,opening_hours,Chez Wou & La Salsa,Centre,positive,1.9,True,False
QRY-002325,2026-08-30 10:47,SESS-000929,VIS-00930,text,English,domestic,East,general_chat,,South,neutral,4.8,True,False
QRY-000162,2026-08-30 11:00,SESS-000074,VIS-00075,voice_note,Pidgin,domestic,North,transport_fare,Bimbia Slave Trade Port,South West,neutral,2.3,True,False
QRY-001326,2026-08-30 11:06,SESS-000525,VIS-00526,voice_note,English,foreign,USA,directions,Les Gites de Kribi,South,positive,0.8,True,False
QRY-004045,2026-08-30 11:16,SESS-001601,VIS-01602,text,English,domestic,West,cultural_info,Les Gites de Kribi,South,positive,4.3,True,False
QRY-000772,2026-08-30 12:02,SESS-000308,VIS-00309,text,English,domestic,South West,directions,Mvog-Betsi Zoo & Botanical Garden,Centre,positive,3.1,True,False
QRY-004321,2026-08-30 12:16,SESS-001700,VIS-01701,text,English,domestic,North West,booking_interest,Marche Sandaga & Deido Soya,Littoral,positive,3.8,True,False
QRY-005643,2026-08-30 12:19,SESS-002251,VIS-02252,voice_note,English,domestic,East,pricing,Bimbia Slave Trade Port,South West,neutral,3.9,True,False
QRY-000733,2026-08-30 12:43,SESS-000292,VIS-00293,text,English,domestic,North West,opening_hours,Down Beach & Batoke Beach,South West,positive,4.7,True,False
QRY-005749,2026-08-30 13:24,SESS-002296,VIS-02297,text,French,foreign,Canada,directions,Pullman Douala Rabingha,Littoral,neutral,2.9,True,False
QRY-002801,2026-08-30 15:03,SESS-001104,VIS-01105,voice_note,French,domestic,Littoral,opening_hours,Rue des Artisans,West,positive,3.4,True,False
QRY-004365,2026-08-30 15:07,SESS-001718,VIS-01719,text,English,domestic,North,general_chat,,South West,negative,3.1,True,False
QRY-005784,2026-08-30 15:10,SESS-002314,VIS-02315,text,English,domestic,South West,transport_fare,Hilton Yaounde,Centre,positive,3.8,True,False
QRY-002487,2026-08-30 15:27,SESS-000994,VIS-00995,text,English,domestic,North,general_chat,,North West,neutral,1.8,True,False
QRY-001185,2026-08-30 15:45,SESS-000465,VIS-00466,text,English,domestic,Adamawa,pricing,Bimbia Slave Trade Port,South West,neutral,2.5,True,False
QRY-002457,2026-08-30 16:21,SESS-000983,VIS-00984,text,French,domestic,Adamawa,emergency_sos,Plage de Kribi (Tara Plage),South,negative,0.8,True,True
QRY-005285,2026-08-30 16:22,SESS-002098,VIS-02099,voice_note,French,foreign,China,pricing,Bimbia Slave Trade Port,South West,positive,3.3,True,False
QRY-000348,2026-08-30 16:42,SESS-000153,VIS-00154,voice_note,English,domestic,South West,opening_hours,Chutes de la Lobe,South,positive,3.9,True,False
QRY-004957,2026-08-30 17:44,SESS-001958,VIS-01959,text,French,domestic,South,pricing,Hotel Ilomba,South,positive,3.9,True,False
QRY-003964,2026-08-30 17:44,SESS-001567,VIS-01568,text,French,domestic,West,opening_hours,Plage de Kribi (Tara Plage),South,neutral,2.7,True,False
QRY-002583,2026-08-30 17:48,SESS-001028,VIS-01029,text,Pidgin,foreign,Equatorial Guinea,directions,Musee Maritime de Douala,Littoral,positive,3.4,True,False
QRY-000317,2026-08-30 18:43,SESS-000142,VIS-00143,text,Pidgin,domestic,Centre,general_chat,,West,positive,2.2,True,False
QRY-001785,2026-08-30 18:47,SESS-000712,VIS-00713,text,English,foreign,Equatorial Guinea,cultural_info,West Region Gastronomy Spots,West,positive,4.8,True,False
QRY-001193,2026-08-30 18:50,SESS-000471,VIS-00472,text,French,domestic,North West,cultural_info,L'Ovalie & La Fourchette,Littoral,positive,3.0,True,False
QRY-002185,2026-08-30 18:57,SESS-000869,VIS-00870,voice_note,French,foreign,Gabon,directions,Hilton Yaounde,Centre,neutral,2.9,True,False
QRY-002984,2026-08-30 19:04,SESS-001176,VIS-01177,text,English,foreign,China,transport_fare,Chutes de la Lobe,South,negative,2.9,True,False
QRY-005329,2026-08-30 19:09,SESS-002118,VIS-02119,voice_note,English,foreign,UK,general_chat,,North,positive,3.0,True,False
QRY-001076,2026-08-30 19:21,SESS-000425,VIS-00426,text,Pidgin,domestic,East,transport_fare,Grand Batanga & Luma Museum,South,positive,3.7,True,False
QRY-002890,2026-08-30 19:47,SESS-001140,VIS-01141,text,French,domestic,North,general_chat,,Littoral,positive,2.8,True,False
QRY-005021,2026-08-30 19:49,SESS-001982,VIS-01983,voice_note,French,foreign,USA,pricing,Marche Sandaga & Deido Soya,Littoral,positive,3.3,True,False
QRY-006136,2026-08-30 20:08,SESS-002448,VIS-02449,text,French,domestic,Centre,cultural_info,FINI Hotel Bobende,South West,neutral,3.4,True,False
QRY-003007,2026-08-30 20:16,SESS-001184,VIS-01185,voice_note,English,domestic,Littoral,pricing,Limbe Wildlife Centre,South West,positive,3.6,True,False
QRY-000181,2026-08-30 20:20,SESS-000081,VIS-00082,voice_note,French,foreign,Gabon,pricing,Chutes de la Lobe,South,neutral,4.8,True,False
QRY-001234,2026-08-30 20:25,SESS-000491,VIS-00492,text,French,foreign,Germany,transport_fare,Pullman Douala Rabingha,Littoral,neutral,3.8,True,False
QRY-005640,2026-08-30 21:12,SESS-002250,VIS-02251,text,Pidgin,domestic,North,opening_hours,Hilton Yaounde,Centre,neutral,4.2,True,False
QRY-006153,2026-08-30 21:22,SESS-002455,VIS-02456,voice_note,English,domestic,South,transport_fare,Chez Wou & La Salsa,Centre,neutral,4.0,True,False
QRY-001945,2026-08-30 21:34,SESS-000775,VIS-00776,text,English,foreign,Gabon,directions,Chefferie de Bandjoun,West,neutral,4.0,True,False
QRY-003129,2026-08-30 21:34,SESS-001248,VIS-01249,text,English,foreign,France,opening_hours,Chutes de la Lobe,South,neutral,3.9,True,False
QRY-003349,2026-08-30 21:58,SESS-001342,VIS-01343,text,French,domestic,South,booking_interest,Chez Wou & La Salsa,Centre,neutral,2.8,True,False
QRY-003132,2026-08-30 22:03,SESS-001249,VIS-01250,text,French,foreign,Chad,pricing,Chez Carimo / Lobe Shacks,South,neutral,1.8,True,False
QRY-002420,2026-08-30 22:05,SESS-000964,VIS-00965,voice_note,English,domestic,Adamawa,booking_interest,Musee National de Yaounde,Centre,neutral,4.0,True,False
QRY-000185,2026-08-30 22:07,SESS-000084,VIS-00085,text,English,foreign,France,cultural_info,Down Beach & Batoke Beach,South West,neutral,4.6,True,False
QRY-004584,2026-08-30 22:39,SESS-001812,VIS-01813,text,French,domestic,East,opening_hours,Monument de la Reunification,Centre,positive,5.1,True,False
QRY-001909,2026-08-30 22:51,SESS-000758,VIS-00759,text,English,domestic,East,cultural_info,Chez Wou & La Salsa,Centre,neutral,1.9,True,False
QRY-001513,2026-08-31 06:01,SESS-000606,VIS-00607,text,French,domestic,Far North,directions,Hilton Yaounde,Centre,neutral,3.4,True,False
QRY-002220,2026-08-31 07:03,SESS-000884,VIS-00885,text,French,foreign,Belgium,transport_fare,Limbe Wildlife Centre,South West,positive,4.1,True,False
QRY-000082,2026-08-31 07:13,SESS-000036,VIS-00037,voice_note,English,foreign,Equatorial Guinea,directions,Down Beach & Batoke Beach,South West,positive,2.9,True,False
QRY-000609,2026-08-31 07:14,SESS-000254,VIS-00255,text,English,domestic,Centre,transport_fare,Krystal Palace Douala,Littoral,neutral,4.7,True,False
QRY-005967,2026-08-31 07:33,SESS-002392,VIS-02393,text,French,domestic,Adamawa,cultural_info,Les Gites de Kribi,South,neutral,3.2,True,False
QRY-003744,2026-08-31 07:35,SESS-001489,VIS-01490,text,English,domestic,East,opening_hours,FINI Hotel Bobende,South West,neutral,3.5,True,False
QRY-004419,2026-08-31 08:29,SESS-001740,VIS-01741,text,French,domestic,Far North,pricing,Chez Carimo / Lobe Shacks,South,negative,4.8,True,False
QRY-002018,2026-08-31 09:09,SESS-000802,VIS-00803,text,French,foreign,Canada,booking_interest,Limbe Botanic Garden,South West,neutral,4.4,True,False
QRY-002334,2026-08-31 09:18,SESS-000931,VIS-00932,text,French,foreign,Gabon,booking_interest,Monument de la Reunification,Centre,positive,3.2,True,False
QRY-002351,2026-08-31 09:41,SESS-000939,VIS-00940,voice_note,English,foreign,South Africa,directions,Artisanal Village & Flower Market,Littoral,neutral,3.4,True,False
QRY-005088,2026-08-31 10:57,SESS-002012,VIS-02013,text,English,domestic,South West,cultural_info,Hilton Yaounde,Centre,neutral,2.7,True,False
QRY-002847,2026-08-31 11:07,SESS-001119,VIS-01120,text,French,foreign,China,opening_hours,Bimbia Slave Trade Port,South West,positive,4.2,True,False
QRY-004861,2026-08-31 11:29,SESS-001921,VIS-01922,voice_note,English,domestic,North West,pricing,Hotel Ilomba,South,positive,4.5,True,False
QRY-004513,2026-08-31 11:46,SESS-001777,VIS-01778,voice_note,French,domestic,West,booking_interest,Chez Wou & La Salsa,Centre,neutral,4.2,True,False
QRY-001457,2026-08-31 12:31,SESS-000582,VIS-00583,voice_note,French,domestic,North West,pricing,Hilton Yaounde,Centre,positive,2.3,True,False
QRY-003448,2026-08-31 12:33,SESS-001375,VIS-01376,text,French,foreign,USA,cultural_info,Mont Febe & Golf Club,Centre,positive,4.1,True,False
QRY-004561,2026-08-31 12:38,SESS-001801,VIS-01802,voice_note,English,domestic,North,cultural_info,Mvog-Betsi Zoo & Botanical Garden,Centre,positive,3.0,True,False
QRY-006116,2026-08-31 12:41,SESS-002439,VIS-02440,text,French,domestic,North West,opening_hours,Les Gites de Kribi,South,neutral,3.7,True,False
QRY-001011,2026-08-31 12:44,SESS-000400,VIS-00401,text,French,foreign,China,booking_interest,Chez Carimo / Lobe Shacks,South,positive,2.9,True,False
QRY-004541,2026-08-31 12:55,SESS-001792,VIS-01793,voice_note,French,foreign,UK,cultural_info,Musee National de Yaounde,Centre,neutral,2.5,True,False
QRY-000146,2026-08-31 13:11,SESS-000067,VIS-00068,voice_note,French,foreign,USA,general_chat,,North,neutral,2.7,True,False
QRY-001773,2026-08-31 13:54,SESS-000709,VIS-00710,text,French,domestic,North,transport_fare,Douala-Edea Wildlife Reserve,Littoral,positive,1.1,True,False
QRY-003730,2026-08-31 14:00,SESS-001484,VIS-01485,voice_note,French,domestic,West,pricing,Bimbia Slave Trade Port,South West,neutral,2.8,True,False
QRY-001918,2026-08-31 14:13,SESS-000763,VIS-00764,text,French,domestic,Adamawa,cultural_info,L'Ovalie & La Fourchette,Littoral,neutral,1.8,True,False
QRY-002938,2026-08-31 14:31,SESS-001158,VIS-01159,text,Pidgin,foreign,Nigeria,directions,FINI Hotel Bobende,South West,neutral,3.1,True,False
QRY-004445,2026-08-31 14:46,SESS-001749,VIS-01750,text,French,domestic,North,directions,Artisanal Village & Flower Market,Littoral,positive,3.1,True,False
QRY-004822,2026-08-31 14:55,SESS-001904,VIS-01905,text,French,domestic,Far North,pricing,Limbe Botanic Garden,South West,neutral,2.3,True,False
QRY-000874,2026-08-31 14:55,SESS-000343,VIS-00344,text,English,domestic,South West,cultural_info,Mefou Primate Sanctuary,Centre,positive,3.8,True,False
QRY-004613,2026-08-31 14:56,SESS-001825,VIS-01826,voice_note,English,domestic,South West,directions,FINI Hotel Bobende,South West,neutral,3.4,True,False
QRY-002150,2026-08-31 15:02,SESS-000856,VIS-00857,text,French,foreign,Nigeria,directions,Musee National de Yaounde,Centre,negative,3.8,True,False
QRY-000983,2026-08-31 15:27,SESS-000389,VIS-00390,text,English,domestic,North,booking_interest,FINI Hotel Bobende,South West,neutral,4.4,True,False
QRY-000541,2026-08-31 16:06,SESS-000227,VIS-00228,voice_note,French,domestic,Adamawa,opening_hours,Limbe Wildlife Centre,South West,positive,4.4,True,False
QRY-004848,2026-08-31 17:52,SESS-001913,VIS-01914,text,French,foreign,South Africa,directions,Hotel Zingana,West,neutral,3.6,True,False
QRY-005177,2026-08-31 17:53,SESS-002052,VIS-02053,voice_note,French,domestic,Far North,pricing,Mont Febe & Golf Club,Centre,positive,3.3,True,False
QRY-005910,2026-08-31 17:57,SESS-002368,VIS-02369,text,English,foreign,Equatorial Guinea,directions,Pullman Douala Rabingha,Littoral,positive,2.1,True,False
QRY-001798,2026-08-31 18:01,SESS-000716,VIS-00717,text,English,domestic,East,opening_hours,West Region Gastronomy Spots,West,positive,3.8,True,False
QRY-000668,2026-08-31 18:02,SESS-000272,VIS-00273,text,English,foreign,China,pricing,Les Gites de Kribi,South,negative,3.9,True,False
QRY-005207,2026-08-31 18:51,SESS-002065,VIS-02066,voice_note,French,domestic,Centre,emergency_sos,Chez Wou & La Salsa,Centre,negative,1.6,True,True
QRY-006037,2026-08-31 19:50,SESS-002410,VIS-02411,voice_note,French,domestic,Littoral,cultural_info,Monument de la Reunification,Centre,neutral,3.6,True,False
QRY-000573,2026-08-31 19:53,SESS-000242,VIS-00243,text,English,domestic,Centre,transport_fare,L'Ovalie & La Fourchette,Littoral,neutral,1.6,True,False
QRY-000723,2026-08-31 20:02,SESS-000288,VIS-00289,text,English,domestic,East,cultural_info,Plage de Kribi (Tara Plage),South,neutral,3.3,True,False
QRY-004544,2026-08-31 20:09,SESS-001793,VIS-01794,text,English,foreign,Chad,directions,Plage de Kribi (Tara Plage),South,neutral,4.0,True,False
QRY-004006,2026-08-31 21:14,SESS-001586,VIS-01587,voice_note,French,foreign,USA,cultural_info,Chez Carimo / Lobe Shacks,South,neutral,4.4,True,False
QRY-005272,2026-08-31 21:30,SESS-002092,VIS-02093,text,French,domestic,West,general_chat,,Centre,neutral,3.7,True,False
QRY-001385,2026-08-31 21:33,SESS-000551,VIS-00552,text,English,domestic,Littoral,pricing,Musee Maritime de Douala,Littoral,neutral,2.9,True,False
QRY-003005,2026-08-31 21:34,SESS-001184,VIS-01185,text,Pidgin,domestic,West,cultural_info,Down Beach Roasted Fish Sheds,South West,neutral,3.0,True,False
QRY-001198,2026-08-31 21:47,SESS-000473,VIS-00474,text,French,domestic,Centre,opening_hours,Monument de la Reunification,Centre,neutral,2.0,True,False
QRY-006052,2026-08-31 22:24,SESS-002415,VIS-02416,text,English,foreign,France,directions,Bimbia Slave Trade Port,South West,positive,3.8,True,False
QRY-006146,2026-08-31 22:48,SESS-002452,VIS-02453,text,French,domestic,Adamawa,transport_fare,Krystal Palace Douala,Littoral,neutral,4.1,True,False
QRY-005167,2026-08-31 22:50,SESS-002048,VIS-02049,text,English,foreign,South Africa,cultural_info,Grand Batanga & Luma Museum,South,positive,4.2,True,False
QRY-003426,2026-09-01 06:26,SESS-001367,VIS-01368,text,French,domestic,Littoral,opening_hours,Monument de la Reunification,Centre,positive,2.3,True,False
QRY-000199,2026-09-01 06:30,SESS-000092,VIS-00093,text,English,domestic,South West,general_chat,,Adamawa,neutral,2.9,True,False
QRY-002182,2026-09-01 07:25,SESS-000868,VIS-00869,text,French,foreign,China,booking_interest,Hotel Zingana,West,positive,3.0,True,False
QRY-004228,2026-09-01 07:59,SESS-001671,VIS-01672,voice_note,French,domestic,Centre,opening_hours,FINI Hotel Bobende,South West,neutral,4.1,True,False
QRY-002485,2026-09-01 08:00,SESS-000993,VIS-00994,text,English,foreign,Canada,directions,Mont Febe & Golf Club,Centre,negative,2.4,True,False
QRY-003570,2026-09-01 08:16,SESS-001419,VIS-01420,text,French,foreign,France,cultural_info,Mefou Primate Sanctuary,Centre,neutral,4.4,True,False
QRY-005099,2026-09-01 08:23,SESS-002015,VIS-02016,text,Pidgin,domestic,South West,transport_fare,Mefou Primate Sanctuary,Centre,negative,3.9,True,False
QRY-000933,2026-09-01 08:24,SESS-000370,VIS-00371,text,English,foreign,Canada,directions,Musee National de Yaounde,Centre,neutral,3.3,True,False
QRY-005478,2026-09-01 08:53,SESS-002179,VIS-02180,text,French,domestic,Centre,general_chat,,East,neutral,2.3,True,False
QRY-003100,2026-09-01 08:59,SESS-001234,VIS-01235,text,French,foreign,Equatorial Guinea,cultural_info,Chutes de la Lobe,South,negative,4.6,True,False
QRY-002389,2026-09-01 08:59,SESS-000956,VIS-00957,voice_note,Pidgin,domestic,North,transport_fare,Pullman Douala Rabingha,Littoral,neutral,4.0,True,False
QRY-002751,2026-09-01 09:31,SESS-001086,VIS-01087,text,English,foreign,China,booking_interest,Les Gites de Kribi,South,positive,4.8,True,False
QRY-002619,2026-09-01 10:42,SESS-001037,VIS-01038,text,English,domestic,West,cultural_info,Palais Royal de Foumban & Museum,West,positive,3.6,True,False
QRY-001135,2026-09-01 10:49,SESS-000449,VIS-00450,voice_note,French,domestic,Littoral,directions,L'Ovalie & La Fourchette,Littoral,neutral,3.1,True,False
QRY-001260,2026-09-01 10:56,SESS-000502,VIS-00503,text,French,domestic,East,directions,Limbe Wildlife Centre,South West,neutral,2.9,True,False
QRY-000435,2026-09-01 11:09,SESS-000185,VIS-00186,text,French,domestic,Adamawa,transport_fare,Hotel Zingana,West,neutral,4.6,False,False
QRY-001080,2026-09-01 11:21,SESS-000425,VIS-00426,text,Pidgin,domestic,North,cultural_info,Musee National de Yaounde,Centre,positive,3.9,True,False
QRY-000791,2026-09-01 11:55,SESS-000311,VIS-00312,text,French,domestic,Littoral,pricing,Chez Carimo / Lobe Shacks,South,negative,4.9,True,False
QRY-003428,2026-09-01 12:00,SESS-001368,VIS-01369,text,English,domestic,North,pricing,Seme Beach Hotel,South West,positive,3.1,True,False
QRY-003536,2026-09-01 12:45,SESS-001406,VIS-01407,text,English,domestic,East,directions,Hotel Ilomba,South,positive,4.2,True,False
QRY-004907,2026-09-01 13:03,SESS-001940,VIS-01941,text,Pidgin,foreign,Gabon,cultural_info,Musee National de Yaounde,Centre,neutral,2.4,True,False
QRY-005641,2026-09-01 13:24,SESS-002250,VIS-02251,text,English,domestic,Centre,cultural_info,Seme Beach Hotel,South West,positive,3.5,True,False
QRY-005729,2026-09-01 13:32,SESS-002287,VIS-02288,text,French,domestic,North West,directions,Palais des Rois Bell (Pagode),Littoral,neutral,2.3,True,False
QRY-001094,2026-09-01 13:45,SESS-000430,VIS-00431,text,English,domestic,West,cultural_info,Limbe Wildlife Centre,South West,positive,4.3,True,False
QRY-003583,2026-09-01 14:01,SESS-001424,VIS-01425,text,English,foreign,Canada,transport_fare,Palais des Rois Bell (Pagode),Littoral,neutral,4.0,True,False
QRY-000297,2026-09-01 14:24,SESS-000136,VIS-00137,text,French,foreign,Chad,directions,Artisanal Village & Flower Market,Littoral,neutral,3.4,True,False
QRY-005303,2026-09-01 14:38,SESS-002107,VIS-02108,text,English,foreign,South Africa,directions,Artisanal Village & Flower Market,Littoral,positive,1.7,True,False
QRY-001206,2026-09-01 15:02,SESS-000476,VIS-00477,text,French,foreign,China,cultural_info,Star Land Hotel Bastos,Centre,neutral,2.9,True,False
QRY-002315,2026-09-01 15:02,SESS-000924,VIS-00925,text,English,domestic,West,general_chat,,Adamawa,neutral,3.9,True,False
QRY-004846,2026-09-01 16:00,SESS-001912,VIS-01913,voice_note,French,domestic,North West,transport_fare,Chefferie de Bandjoun,West,positive,3.6,True,False
QRY-006036,2026-09-01 16:03,SESS-002410,VIS-02411,voice_note,French,domestic,South West,cultural_info,Musee Maritime de Douala,Littoral,positive,2.2,True,False
QRY-004072,2026-09-01 16:17,SESS-001612,VIS-01613,text,English,domestic,Centre,opening_hours,Rue des Artisans,West,neutral,3.4,False,False
QRY-002734,2026-09-01 16:39,SESS-001081,VIS-01082,text,French,domestic,West,pricing,Palais Royal de Foumban & Museum,West,positive,3.7,True,False
QRY-005911,2026-09-01 16:52,SESS-002368,VIS-02369,voice_note,French,foreign,Germany,opening_hours,Artisanal Village & Flower Market,Littoral,neutral,2.3,True,False
QRY-004752,2026-09-01 17:03,SESS-001878,VIS-01879,text,French,foreign,Nigeria,opening_hours,Mont Febe & Golf Club,Centre,positive,4.1,True,False
QRY-002184,2026-09-01 17:13,SESS-000869,VIS-00870,text,French,foreign,Belgium,transport_fare,Bimbia Slave Trade Port,South West,neutral,2.4,True,False
QRY-001675,2026-09-01 17:25,SESS-000668,VIS-00669,text,French,domestic,South West,pricing,Mont Febe & Golf Club,Centre,neutral,4.0,True,False
QRY-002782,2026-09-01 17:26,SESS-001097,VIS-01098,text,French,domestic,South West,cultural_info,Chutes de la Lobe,South,positive,6.5,True,False
QRY-002404,2026-09-01 17:39,SESS-000960,VIS-00961,text,French,domestic,South West,opening_hours,Musee Maritime de Douala,Littoral,positive,2.9,True,False
QRY-002604,2026-09-01 17:58,SESS-001034,VIS-01035,voice_note,Pidgin,domestic,Littoral,booking_interest,Limbe Botanic Garden,South West,positive,3.4,True,False
QRY-002084,2026-09-01 18:07,SESS-000829,VIS-00830,text,French,domestic,Adamawa,directions,Mount Cameroon (Upper Farms),South West,positive,3.8,True,False
QRY-004448,2026-09-01 18:10,SESS-001750,VIS-01751,text,English,domestic,East,cultural_info,Rue des Artisans,West,positive,4.7,True,False
QRY-004767,2026-09-01 18:12,SESS-001883,VIS-01884,voice_note,French,domestic,South,cultural_info,Hotel Ilomba,South,positive,2.1,True,False
QRY-000402,2026-09-01 19:57,SESS-000175,VIS-00176,voice_note,French,domestic,South,general_chat,,Far North,positive,4.7,True,False
QRY-001255,2026-09-01 20:13,SESS-000499,VIS-00500,voice_note,French,foreign,UK,general_chat,,North West,positive,2.1,True,False
QRY-000114,2026-09-01 20:16,SESS-000051,VIS-00052,text,French,foreign,France,pricing,Monument de la Reunification,Centre,neutral,3.2,True,False
QRY-000623,2026-09-01 20:21,SESS-000257,VIS-00258,text,French,domestic,North West,transport_fare,Mvog-Betsi Zoo & Botanical Garden,Centre,positive,1.9,True,False
QRY-001446,2026-09-01 20:36,SESS-000577,VIS-00578,voice_note,English,domestic,East,directions,Down Beach & Batoke Beach,South West,neutral,4.3,True,False
QRY-003188,2026-09-01 21:07,SESS-001274,VIS-01275,text,English,foreign,Belgium,pricing,Artisanal Village & Flower Market,Littoral,neutral,2.9,True,False
QRY-000779,2026-09-01 21:09,SESS-000309,VIS-00310,text,French,foreign,Belgium,pricing,Hilton Yaounde,Centre,neutral,4.3,True,False
QRY-003683,2026-09-01 21:25,SESS-001460,VIS-01461,text,English,domestic,West,opening_hours,Down Beach & Batoke Beach,South West,neutral,2.9,True,False
QRY-001744,2026-09-01 21:48,SESS-000698,VIS-00699,text,French,domestic,East,pricing,Bimbia Slave Trade Port,South West,neutral,0.8,True,False
QRY-001405,2026-09-02 06:07,SESS-000561,VIS-00562,text,French,domestic,Littoral,opening_hours,L'Ovalie & La Fourchette,Littoral,positive,3.3,True,False
QRY-005418,2026-09-02 06:28,SESS-002154,VIS-02155,text,English,domestic,Littoral,pricing,Mvog-Betsi Zoo & Botanical Garden,Centre,neutral,1.2,False,False
QRY-005481,2026-09-02 06:57,SESS-002182,VIS-02183,voice_note,English,domestic,Centre,transport_fare,Musee Maritime de Douala,Littoral,neutral,5.3,True,False
QRY-001081,2026-09-02 07:00,SESS-000425,VIS-00426,text,French,domestic,Littoral,cultural_info,Rue des Artisans,West,neutral,2.2,True,False
QRY-004494,2026-09-02 07:02,SESS-001769,VIS-01770,text,English,foreign,Belgium,pricing,Bimbia Slave Trade Port,South West,neutral,3.1,True,False
QRY-000944,2026-09-02 07:29,SESS-000374,VIS-00375,text,English,foreign,Gabon,directions,Chez Carimo / Lobe Shacks,South,neutral,4.1,True,False
QRY-003914,2026-09-02 07:52,SESS-001555,VIS-01556,text,English,foreign,South Africa,pricing,Chutes d'Ekom Nkam,Littoral,positive,3.2,True,False
QRY-001837,2026-09-02 07:55,SESS-000732,VIS-00733,text,Pidgin,domestic,West,pricing,Chutes d'Ekom Nkam,Littoral,positive,1.6,True,False
QRY-004546,2026-09-02 07:58,SESS-001793,VIS-01794,voice_note,French,foreign,UK,opening_hours,West Region Gastronomy Spots,West,neutral,2.2,True,False
QRY-002507,2026-09-02 08:08,SESS-001000,VIS-01001,text,French,domestic,West,cultural_info,Hilton Yaounde,Centre,neutral,4.9,True,False
QRY-001777,2026-09-02 08:28,SESS-000711,VIS-00712,text,French,foreign,China,general_chat,,North,neutral,3.7,True,False
QRY-004221,2026-09-02 09:03,SESS-001668,VIS-01669,voice_note,French,domestic,South West,transport_fare,Hotel Ilomba,South,negative,2.1,True,False
QRY-003977,2026-09-02 09:07,SESS-001572,VIS-01573,text,French,foreign,USA,transport_fare,Musee Maritime de Douala,Littoral,positive,3.0,True,False
QRY-004947,2026-09-02 09:10,SESS-001955,VIS-01956,text,English,foreign,Equatorial Guinea,opening_hours,Star Land Hotel Bastos,Centre,positive,3.5,True,False
QRY-003854,2026-09-02 09:18,SESS-001539,VIS-01540,voice_note,English,foreign,Chad,transport_fare,Artisanal Village & Flower Market,Littoral,neutral,4.4,True,False
QRY-003059,2026-09-02 09:43,SESS-001210,VIS-01211,text,Pidgin,domestic,Far North,pricing,Down Beach Roasted Fish Sheds,South West,positive,5.3,True,False
QRY-000077,2026-09-02 10:18,SESS-000033,VIS-00034,text,English,domestic,Far North,transport_fare,Marche Sandaga & Deido Soya,Littoral,neutral,2.6,True,False
QRY-002003,2026-09-02 10:27,SESS-000795,VIS-00796,voice_note,Pidgin,domestic,Adamawa,general_chat,,Littoral,neutral,2.0,True,False
QRY-003562,2026-09-02 10:29,SESS-001415,VIS-01416,voice_note,French,domestic,North,cultural_info,Monument de la Reunification,Centre,neutral,1.9,True,False
QRY-001227,2026-09-02 10:31,SESS-000487,VIS-00488,text,French,domestic,Littoral,pricing,Palais Royal de Foumban & Museum,West,neutral,1.9,True,False
QRY-004745,2026-09-02 10:41,SESS-001875,VIS-01876,text,French,domestic,Centre,transport_fare,Artisanal Village & Flower Market,Littoral,neutral,2.4,True,False
QRY-000240,2026-09-02 11:15,SESS-000110,VIS-00111,text,English,foreign,France,cultural_info,Bimbia Slave Trade Port,South West,positive,1.9,True,False
QRY-003306,2026-09-02 11:32,SESS-001323,VIS-01324,text,French,domestic,North West,directions,Palais Royal de Foumban & Museum,West,positive,2.0,True,False
QRY-004607,2026-09-02 11:37,SESS-001822,VIS-01823,text,French,domestic,West,opening_hours,Chutes de la Lobe,South,positive,4.8,True,False
QRY-003711,2026-09-02 11:47,SESS-001476,VIS-01477,text,French,domestic,Littoral,pricing,Hilton Yaounde,Centre,neutral,3.2,True,False
QRY-004420,2026-09-02 12:12,SESS-001740,VIS-01741,text,French,domestic,South,pricing,Limbe Wildlife Centre,South West,neutral,2.2,True,False
QRY-003251,2026-09-02 12:21,SESS-001302,VIS-01303,text,French,domestic,Centre,general_chat,,Centre,neutral,4.0,True,False
QRY-005431,2026-09-02 12:29,SESS-002159,VIS-02160,voice_note,English,domestic,South West,pricing,Musee National de Yaounde,Centre,positive,4.8,True,False
QRY-005344,2026-09-02 12:35,SESS-002125,VIS-02126,voice_note,English,domestic,Adamawa,directions,Limbe Botanic Garden,South West,neutral,4.2,True,False
QRY-006059,2026-09-02 13:31,SESS-002416,VIS-02417,text,French,foreign,USA,pricing,Bimbia Slave Trade Port,South West,neutral,3.2,True,False
QRY-003335,2026-09-02 13:45,SESS-001337,VIS-01338,text,English,domestic,South West,opening_hours,Limbe Botanic Garden,South West,neutral,3.3,True,False
QRY-001465,2026-09-02 14:10,SESS-000588,VIS-00589,text,French,domestic,Littoral,opening_hours,Down Beach & Batoke Beach,South West,neutral,4.2,True,False
QRY-001990,2026-09-02 14:18,SESS-000790,VIS-00791,text,Pidgin,foreign,Equatorial Guinea,opening_hours,Chefferie de Bandjoun,West,positive,2.4,True,False
QRY-000374,2026-09-02 14:49,SESS-000164,VIS-00165,text,French,foreign,China,opening_hours,Mvog-Betsi Zoo & Botanical Garden,Centre,positive,3.2,True,False
QRY-002640,2026-09-02 15:23,SESS-001046,VIS-01047,text,French,domestic,Centre,opening_hours,Krystal Palace Douala,Littoral,neutral,3.3,True,False
QRY-002613,2026-09-02 15:25,SESS-001034,VIS-01035,text,French,domestic,Adamawa,cultural_info,Down Beach & Batoke Beach,South West,positive,2.5,True,False
QRY-004866,2026-09-02 15:35,SESS-001923,VIS-01924,voice_note,French,foreign,Equatorial Guinea,transport_fare,Limbe Botanic Garden,South West,negative,0.8,True,False
QRY-005482,2026-09-02 15:48,SESS-002182,VIS-02183,text,English,domestic,Far North,booking_interest,Rue des Artisans,West,negative,2.9,True,False
QRY-001752,2026-09-02 15:56,SESS-000700,VIS-00701,voice_note,Pidgin,domestic,Littoral,directions,Krystal Palace Douala,Littoral,positive,4.3,True,False
QRY-001654,2026-09-02 16:12,SESS-000660,VIS-00661,text,French,domestic,Centre,booking_interest,Mefou Primate Sanctuary,Centre,positive,4.6,True,False
QRY-001580,2026-09-02 17:13,SESS-000625,VIS-00626,text,French,foreign,South Africa,opening_hours,Limbe Botanic Garden,South West,neutral,5.7,True,False
QRY-005867,2026-09-02 17:30,SESS-002355,VIS-02356,text,Pidgin,domestic,South West,cultural_info,FINI Hotel Bobende,South West,neutral,3.4,False,False
QRY-002848,2026-09-02 17:37,SESS-001120,VIS-01121,text,English,domestic,North West,cultural_info,West Region Gastronomy Spots,West,neutral,3.8,True,False
QRY-005533,2026-09-02 17:57,SESS-002202,VIS-02203,text,Pidgin,foreign,China,booking_interest,Chutes de la Lobe,South,negative,2.6,True,False
QRY-004219,2026-09-02 18:10,SESS-001668,VIS-01669,text,English,domestic,North,pricing,Marche Sandaga & Deido Soya,Littoral,positive,2.0,True,False
QRY-004574,2026-09-02 18:17,SESS-001807,VIS-01808,voice_note,French,domestic,Far North,opening_hours,Limbe Botanic Garden,South West,neutral,5.3,True,False
QRY-001819,2026-09-02 18:24,SESS-000726,VIS-00727,text,English,foreign,Belgium,transport_fare,Plage de Kribi (Tara Plage),South,neutral,2.3,True,False
QRY-000810,2026-09-02 18:32,SESS-000319,VIS-00320,voice_note,English,foreign,Gabon,cultural_info,Rue des Artisans,West,neutral,2.9,True,False
QRY-000813,2026-09-02 18:50,SESS-000321,VIS-00322,text,English,foreign,Gabon,transport_fare,Bimbia Slave Trade Port,South West,neutral,3.2,True,False
QRY-003449,2026-09-02 18:56,SESS-001375,VIS-01376,text,French,domestic,South,opening_hours,Marche Sandaga & Deido Soya,Littoral,positive,4.1,True,False
QRY-006020,2026-09-02 19:14,SESS-002407,VIS-02408,voice_note,Pidgin,foreign,Canada,cultural_info,Down Beach & Batoke Beach,South West,neutral,4.6,True,False
QRY-000489,2026-09-02 19:26,SESS-000205,VIS-00206,text,French,domestic,Littoral,cultural_info,Hotel Ilomba,South,positive,3.7,True,False
QRY-004251,2026-09-02 20:00,SESS-001678,VIS-01679,text,English,domestic,Littoral,directions,Rue des Artisans,West,positive,3.5,True,False
QRY-000131,2026-09-02 20:14,SESS-000059,VIS-00060,text,English,domestic,Far North,opening_hours,Hilton Yaounde,Centre,neutral,3.3,True,False
QRY-006182,2026-09-02 20:25,SESS-002466,VIS-02467,text,French,domestic,Adamawa,general_chat,,North,neutral,3.0,True,False
QRY-004779,2026-09-02 20:29,SESS-001889,VIS-01890,text,Pidgin,domestic,Centre,emergency_sos,Star Land Hotel Bastos,Centre,negative,1.0,True,True
QRY-001862,2026-09-02 20:36,SESS-000740,VIS-00741,text,French,domestic,Littoral,transport_fare,Palais Royal de Foumban & Museum,West,neutral,3.9,True,False
QRY-006018,2026-09-02 20:46,SESS-002406,VIS-02407,text,French,domestic,West,transport_fare,Musee Maritime de Douala,Littoral,positive,2.2,True,False
QRY-003515,2026-09-02 20:51,SESS-001400,VIS-01401,text,French,domestic,Centre,pricing,Mefou Primate Sanctuary,Centre,neutral,1.8,True,False
QRY-003953,2026-09-02 20:53,SESS-001565,VIS-01566,voice_note,French,foreign,South Africa,cultural_info,Limbe Botanic Garden,South West,neutral,3.3,True,False
QRY-002299,2026-09-02 20:54,SESS-000915,VIS-00916,voice_note,French,domestic,Far North,transport_fare,Chefferie de Bandjoun,West,neutral,3.6,True,False
QRY-002252,2026-09-02 21:03,SESS-000900,VIS-00901,text,English,domestic,West,transport_fare,Star Land Hotel Bastos,Centre,neutral,4.1,True,False
QRY-000811,2026-09-02 21:17,SESS-000320,VIS-00321,text,French,domestic,North West,pricing,Musee Maritime de Douala,Littoral,positive,3.1,True,False
QRY-004679,2026-09-02 22:03,SESS-001849,VIS-01850,text,English,foreign,South Africa,cultural_info,Down Beach & Batoke Beach,South West,positive,1.9,True,False
QRY-005650,2026-09-02 22:15,SESS-002253,VIS-02254,text,English,foreign,USA,transport_fare,West Region Gastronomy Spots,West,neutral,2.5,True,False
QRY-003408,2026-09-02 22:37,SESS-001361,VIS-01362,text,English,domestic,West,general_chat,,Centre,positive,4.9,True,False
QRY-002531,2026-09-02 22:40,SESS-001009,VIS-01010,text,French,foreign,Equatorial Guinea,pricing,Limbe Wildlife Centre,South West,neutral,4.3,True,False
QRY-003778,2026-09-02 22:42,SESS-001507,VIS-01508,text,Pidgin,domestic,South West,transport_fare,Artisanal Village & Flower Market,Littoral,positive,4.0,True,False
QRY-003784,2026-09-03 06:05,SESS-001508,VIS-01509,text,French,domestic,South West,cultural_info,Domaine du Petpenoun,West,negative,2.8,True,False
QRY-005242,2026-09-03 06:17,SESS-002080,VIS-02081,text,French,foreign,Nigeria,booking_interest,Marche Sandaga & Deido Soya,Littoral,positive,2.1,True,False
QRY-003992,2026-09-03 06:59,SESS-001582,VIS-01583,text,English,domestic,South,directions,Limbe Botanic Garden,South West,neutral,3.4,True,False
QRY-000593,2026-09-03 07:20,SESS-000248,VIS-00249,voice_note,English,foreign,France,booking_interest,Hilton Yaounde,Centre,neutral,4.3,True,False
QRY-002408,2026-09-03 07:25,SESS-000962,VIS-00963,text,Pidgin,domestic,North West,pricing,Mont Febe & Golf Club,Centre,positive,4.1,True,False
QRY-003769,2026-09-03 08:20,SESS-001503,VIS-01504,text,French,domestic,South West,opening_hours,Mont Febe & Golf Club,Centre,neutral,2.2,True,False
QRY-002559,2026-09-03 08:33,SESS-001022,VIS-01023,voice_note,French,domestic,Centre,cultural_info,West Region Gastronomy Spots,West,positive,3.6,True,False
QRY-002236,2026-09-03 08:36,SESS-000893,VIS-00894,text,English,domestic,North,transport_fare,Krystal Palace Douala,Littoral,positive,2.4,True,False
QRY-000135,2026-09-03 09:39,SESS-000062,VIS-00063,voice_note,Pidgin,domestic,South,cultural_info,Les Gites de Kribi,South,neutral,3.8,True,False
QRY-001579,2026-09-03 10:09,SESS-000625,VIS-00626,text,French,domestic,South,cultural_info,Plage de Kribi (Tara Plage),South,neutral,3.5,True,False
QRY-001431,2026-09-03 10:11,SESS-000573,VIS-00574,text,English,domestic,Centre,opening_hours,Monument de la Reunification,Centre,positive,4.2,True,False
QRY-005955,2026-09-03 10:23,SESS-002387,VIS-02388,text,English,foreign,Gabon,pricing,Musee Maritime de Douala,Littoral,positive,2.5,True,False
QRY-002608,2026-09-03 10:28,SESS-001034,VIS-01035,text,French,domestic,South,cultural_info,Krystal Palace Douala,Littoral,neutral,1.8,True,False
QRY-004122,2026-09-03 11:26,SESS-001630,VIS-01631,voice_note,French,domestic,Far North,pricing,Artisanal Village & Flower Market,Littoral,neutral,3.1,True,False
QRY-004916,2026-09-03 12:01,SESS-001945,VIS-01946,text,French,domestic,East,directions,Monument de la Reunification,Centre,neutral,2.0,True,False
QRY-000859,2026-09-03 12:46,SESS-000337,VIS-00338,text,French,foreign,Chad,directions,Pullman Douala Rabingha,Littoral,positive,5.1,True,False
QRY-005464,2026-09-03 12:56,SESS-002173,VIS-02174,text,English,domestic,South,opening_hours,Chutes de la Lobe,South,neutral,3.9,True,False
QRY-003010,2026-09-03 13:09,SESS-001184,VIS-01185,voice_note,French,domestic,Littoral,booking_interest,Plage de Kribi (Tara Plage),South,positive,4.1,True,False
QRY-004874,2026-09-03 13:42,SESS-001926,VIS-01927,text,French,domestic,West,pricing,Rue des Artisans,West,positive,4.4,True,False
QRY-004710,2026-09-03 13:51,SESS-001865,VIS-01866,text,English,foreign,Chad,cultural_info,Les Gites de Kribi,South,neutral,2.5,True,False
QRY-004435,2026-09-03 13:59,SESS-001745,VIS-01746,text,Pidgin,domestic,South West,directions,Mefou Primate Sanctuary,Centre,positive,4.0,True,False
QRY-005411,2026-09-03 14:00,SESS-002149,VIS-02150,text,Pidgin,foreign,Canada,directions,Star Land Hotel Bastos,Centre,positive,1.2,True,False
QRY-002820,2026-09-03 14:03,SESS-001110,VIS-01111,text,French,domestic,Adamawa,directions,Douala-Edea Wildlife Reserve,Littoral,neutral,3.2,True,False
QRY-003525,2026-09-03 14:24,SESS-001404,VIS-01405,text,English,domestic,North West,directions,Limbe Wildlife Centre,South West,positive,5.2,True,False
QRY-000150,2026-09-03 15:05,SESS-000070,VIS-00071,voice_note,English,domestic,Far North,pricing,Down Beach Roasted Fish Sheds,South West,neutral,4.2,True,False
QRY-005716,2026-09-03 15:49,SESS-002279,VIS-02280,text,French,foreign,Belgium,pricing,Marche Sandaga & Deido Soya,Littoral,neutral,3.0,True,False
QRY-000413,2026-09-03 16:33,SESS-000178,VIS-00179,voice_note,French,domestic,Adamawa,general_chat,,Adamawa,positive,3.8,True,False
QRY-005319,2026-09-03 16:33,SESS-002113,VIS-02114,voice_note,French,domestic,Littoral,pricing,Plage de Kribi (Tara Plage),South,neutral,2.3,True,False
QRY-000903,2026-09-03 16:39,SESS-000357,VIS-00358,voice_note,French,domestic,North West,cultural_info,Chutes de la Lobe,South,positive,3.3,True,False
QRY-002611,2026-09-03 16:52,SESS-001034,VIS-01035,text,English,domestic,Centre,directions,Chutes de la Lobe,South,positive,2.3,True,False
QRY-001154,2026-09-03 16:56,SESS-000457,VIS-00458,text,French,domestic,South West,general_chat,,North West,positive,2.4,True,False
QRY-003352,2026-09-03 17:03,SESS-001343,VIS-01344,text,French,foreign,UK,directions,Musee National de Yaounde,Centre,positive,3.8,True,False
QRY-004473,2026-09-03 17:04,SESS-001757,VIS-01758,text,French,domestic,North,cultural_info,Limbe Wildlife Centre,South West,neutral,4.0,True,False
QRY-000697,2026-09-03 17:44,SESS-000280,VIS-00281,text,English,foreign,UK,opening_hours,Palais Royal de Foumban & Museum,West,positive,4.4,True,False
QRY-005893,2026-09-03 17:57,SESS-002363,VIS-02364,voice_note,French,foreign,China,transport_fare,Palais Royal de Foumban & Museum,West,neutral,4.0,True,False
QRY-006125,2026-09-03 20:00,SESS-002441,VIS-02442,text,French,domestic,South,general_chat,,West,positive,4.0,True,False
QRY-001738,2026-09-03 20:11,SESS-000695,VIS-00696,voice_note,French,domestic,North,general_chat,,East,positive,2.7,True,False
QRY-003576,2026-09-03 20:17,SESS-001423,VIS-01424,text,English,domestic,Littoral,general_chat,,Centre,neutral,4.8,True,False
QRY-002333,2026-09-03 20:21,SESS-000931,VIS-00932,text,French,foreign,Gabon,directions,Mont Febe & Golf Club,Centre,positive,3.7,True,False
QRY-003025,2026-09-03 21:31,SESS-001192,VIS-01193,text,Pidgin,domestic,East,directions,Hotel Ilomba,South,neutral,2.8,True,False
QRY-000943,2026-09-03 21:38,SESS-000374,VIS-00375,text,French,domestic,North West,transport_fare,Artisanal Village & Flower Market,Littoral,neutral,1.7,True,False
QRY-006007,2026-09-03 22:28,SESS-002403,VIS-02404,text,French,foreign,Germany,pricing,Pullman Douala Rabingha,Littoral,neutral,3.9,True,False
QRY-000581,2026-09-03 22:36,SESS-000245,VIS-00246,text,French,domestic,Littoral,directions,Limbe Botanic Garden,South West,positive,5.3,True,False
QRY-002807,2026-09-03 22:43,SESS-001106,VIS-01107,text,French,domestic,South West,pricing,Rue des Artisans,West,positive,3.2,True,False
QRY-003709,2026-09-03 22:45,SESS-001475,VIS-01476,text,French,domestic,South,opening_hours,Plage de Kribi (Tara Plage),South,positive,4.8,True,False
QRY-001163,2026-09-04 06:06,SESS-000459,VIS-00460,text,English,foreign,USA,opening_hours,Mont Febe & Golf Club,Centre,positive,4.6,True,False
QRY-005833,2026-09-04 06:10,SESS-002337,VIS-02338,text,English,domestic,South,directions,Marche Sandaga & Deido Soya,Littoral,neutral,5.0,True,False
QRY-000528,2026-09-04 06:32,SESS-000221,VIS-00222,voice_note,English,foreign,China,general_chat,,North,neutral,4.2,True,False
QRY-005372,2026-09-04 07:11,SESS-002135,VIS-02136,text,Pidgin,foreign,China,booking_interest,Pullman Douala Rabingha,Littoral,neutral,2.3,True,False
QRY-005249,2026-09-04 07:23,SESS-002084,VIS-02085,text,English,domestic,North West,transport_fare,Chutes de la Lobe,South,positive,3.6,True,False
QRY-003639,2026-09-04 07:54,SESS-001444,VIS-01445,voice_note,French,foreign,USA,opening_hours,West Region Gastronomy Spots,West,neutral,3.5,True,False
QRY-001759,2026-09-04 07:55,SESS-000701,VIS-00702,text,Pidgin,domestic,Littoral,general_chat,,West,positive,1.9,True,False
QRY-001816,2026-09-04 08:01,SESS-000723,VIS-00724,text,French,domestic,East,opening_hours,Grand Batanga & Luma Museum,South,positive,4.0,True,False
QRY-000557,2026-09-04 08:12,SESS-000234,VIS-00235,voice_note,English,domestic,West,pricing,Mont Febe & Golf Club,Centre,neutral,2.5,True,False
QRY-001296,2026-09-04 08:28,SESS-000511,VIS-00512,text,Pidgin,domestic,North,booking_interest,Chutes de la Lobe,South,positive,1.3,True,False
QRY-006152,2026-09-04 08:41,SESS-002454,VIS-02455,voice_note,English,domestic,North,directions,Seme Beach Hotel,South West,positive,2.2,True,False
QRY-001210,2026-09-04 08:50,SESS-000478,VIS-00479,text,English,foreign,France,pricing,Down Beach Roasted Fish Sheds,South West,neutral,2.7,True,False
QRY-003000,2026-09-04 09:01,SESS-001183,VIS-01184,text,French,foreign,Canada,transport_fare,Les Gites de Kribi,South,neutral,4.0,True,False
QRY-002510,2026-09-04 09:02,SESS-001001,VIS-01002,text,French,domestic,Littoral,opening_hours,Seme Beach Hotel,South West,neutral,4.9,True,False
QRY-005705,2026-09-04 09:32,SESS-002274,VIS-02275,voice_note,English,domestic,West,opening_hours,Palais des Rois Bell (Pagode),Littoral,neutral,1.6,True,False
QRY-005690,2026-09-04 09:37,SESS-002268,VIS-02269,voice_note,French,domestic,Littoral,directions,Bimbia Slave Trade Port,South West,neutral,2.4,True,False
QRY-005336,2026-09-04 10:11,SESS-002122,VIS-02123,text,English,foreign,Germany,directions,L'Ovalie & La Fourchette,Littoral,neutral,4.4,True,False
QRY-001294,2026-09-04 10:16,SESS-000511,VIS-00512,text,French,foreign,Gabon,general_chat,,North West,neutral,2.8,True,False
QRY-002652,2026-09-04 11:20,SESS-001050,VIS-01051,text,French,domestic,Adamawa,general_chat,,East,neutral,2.9,True,False
QRY-000426,2026-09-04 11:42,SESS-000181,VIS-00182,text,English,foreign,Chad,opening_hours,Mont Febe & Golf Club,Centre,positive,1.7,True,False
QRY-003409,2026-09-04 12:19,SESS-001361,VIS-01362,text,French,domestic,Centre,directions,Hotel Ilomba,South,neutral,3.8,True,False
QRY-003663,2026-09-04 12:22,SESS-001454,VIS-01455,text,Pidgin,foreign,France,pricing,Douala-Edea Wildlife Reserve,Littoral,neutral,3.3,True,False
QRY-002674,2026-09-04 12:36,SESS-001054,VIS-01055,text,French,domestic,Centre,booking_interest,Down Beach Roasted Fish Sheds,South West,neutral,1.9,True,False
QRY-001536,2026-09-04 12:48,SESS-000612,VIS-00613,voice_note,French,domestic,Littoral,general_chat,,Centre,negative,4.3,True,False
QRY-001448,2026-09-04 13:07,SESS-000578,VIS-00579,voice_note,English,foreign,France,transport_fare,Chutes de la Lobe,South,neutral,3.5,True,False
QRY-002170,2026-09-04 13:17,SESS-000864,VIS-00865,text,English,domestic,South,transport_fare,Musee National de Yaounde,Centre,neutral,2.4,True,False
QRY-001099,2026-09-04 13:21,SESS-000431,VIS-00432,voice_note,English,domestic,Centre,directions,Plage de Kribi (Tara Plage),South,neutral,4.0,True,False
QRY-005671,2026-09-04 13:51,SESS-002262,VIS-02263,voice_note,English,domestic,West,booking_interest,Bimbia Slave Trade Port,South West,neutral,5.1,True,False
QRY-000406,2026-09-04 14:36,SESS-000177,VIS-00178,voice_note,French,foreign,USA,directions,Hotel Ilomba,South,positive,3.3,True,False
QRY-001174,2026-09-04 15:17,SESS-000461,VIS-00462,text,French,domestic,Far North,pricing,Plage de Kribi (Tara Plage),South,negative,4.0,True,False
QRY-005317,2026-09-04 15:51,SESS-002112,VIS-02113,text,English,domestic,Littoral,opening_hours,Pullman Douala Rabingha,Littoral,positive,5.1,True,False
QRY-001039,2026-09-04 16:13,SESS-000411,VIS-00412,text,English,foreign,UK,cultural_info,Monument de la Reunification,Centre,neutral,4.6,True,False
QRY-002294,2026-09-04 16:32,SESS-000913,VIS-00914,voice_note,French,domestic,Centre,booking_interest,Pullman Douala Rabingha,Littoral,neutral,2.4,True,False
QRY-001899,2026-09-04 16:42,SESS-000757,VIS-00758,text,French,domestic,South,directions,Palais des Rois Bell (Pagode),Littoral,positive,3.4,True,False
QRY-005354,2026-09-04 17:35,SESS-002131,VIS-02132,text,French,domestic,South,directions,Chutes de la Lobe,South,neutral,4.1,True,False
QRY-004459,2026-09-04 18:09,SESS-001753,VIS-01754,text,French,foreign,Chad,booking_interest,Seme Beach Hotel,South West,neutral,3.9,True,False
QRY-000650,2026-09-04 19:02,SESS-000267,VIS-00268,voice_note,Pidgin,domestic,North,directions,Hotel Ilomba,South,positive,5.8,True,False
QRY-000880,2026-09-04 19:06,SESS-000345,VIS-00346,text,English,domestic,Centre,pricing,Down Beach & Batoke Beach,South West,neutral,2.4,True,False
QRY-005061,2026-09-04 20:04,SESS-002001,VIS-02002,text,French,domestic,South,directions,Hotel Ilomba,South,neutral,2.7,True,False
QRY-000170,2026-09-04 20:08,SESS-000079,VIS-00080,voice_note,Pidgin,domestic,Littoral,cultural_info,Musee National de Yaounde,Centre,positive,1.5,True,False
QRY-004603,2026-09-04 20:24,SESS-001820,VIS-01821,text,English,domestic,Far North,booking_interest,Musee Maritime de Douala,Littoral,positive,3.8,True,False
QRY-005259,2026-09-04 20:36,SESS-002088,VIS-02089,voice_note,French,domestic,Littoral,cultural_info,Limbe Wildlife Centre,South West,positive,2.8,True,False
QRY-005568,2026-09-04 20:42,SESS-002222,VIS-02223,text,French,domestic,North West,pricing,Krystal Palace Douala,Littoral,neutral,2.3,True,False
QRY-000994,2026-09-04 20:59,SESS-000392,VIS-00393,text,English,foreign,South Africa,transport_fare,Palais des Rois Bell (Pagode),Littoral,neutral,3.8,True,False
QRY-003237,2026-09-04 21:05,SESS-001296,VIS-01297,text,French,domestic,East,transport_fare,Chez Carimo / Lobe Shacks,South,neutral,2.7,True,False
QRY-003850,2026-09-04 21:19,SESS-001536,VIS-01537,text,French,foreign,France,pricing,Grand Batanga & Luma Museum,South,positive,2.8,True,False
QRY-001487,2026-09-04 21:31,SESS-000596,VIS-00597,voice_note,English,foreign,Equatorial Guinea,directions,FINI Hotel Bobende,South West,neutral,3.5,True,False
QRY-005189,2026-09-04 21:35,SESS-002057,VIS-02058,text,Pidgin,domestic,Far North,transport_fare,Musee Maritime de Douala,Littoral,neutral,3.2,True,False
QRY-000208,2026-09-04 21:37,SESS-000097,VIS-00098,text,English,domestic,North,booking_interest,Hilton Yaounde,Centre,positive,4.2,True,False
QRY-000973,2026-09-04 21:45,SESS-000385,VIS-00386,voice_note,French,domestic,South,general_chat,,South West,neutral,2.1,True,False
QRY-003217,2026-09-04 21:56,SESS-001287,VIS-01288,text,French,foreign,South Africa,directions,Artisanal Village & Flower Market,Littoral,positive,1.5,True,False
QRY-003347,2026-09-04 22:48,SESS-001341,VIS-01342,text,French,domestic,South,opening_hours,Rue des Artisans,West,positive,2.3,True,False
QRY-002834,2026-09-05 06:31,SESS-001115,VIS-01116,text,French,domestic,Centre,general_chat,,Adamawa,positive,4.4,True,False
QRY-005386,2026-09-05 06:32,SESS-002137,VIS-02138,voice_note,French,domestic,East,opening_hours,Rue des Artisans,West,positive,4.7,True,False
QRY-003266,2026-09-05 06:37,SESS-001306,VIS-01307,text,English,foreign,Canada,directions,Artisanal Village & Flower Market,Littoral,neutral,3.6,True,False
QRY-003070,2026-09-05 07:02,SESS-001219,VIS-01220,text,English,foreign,Gabon,transport_fare,Mont Febe & Golf Club,Centre,neutral,0.9,True,False
QRY-004397,2026-09-05 07:26,SESS-001730,VIS-01731,voice_note,French,domestic,East,directions,Limbe Botanic Garden,South West,positive,3.9,True,False
QRY-004815,2026-09-05 07:41,SESS-001900,VIS-01901,text,French,domestic,Far North,cultural_info,Musee National de Yaounde,Centre,positive,2.6,True,False
QRY-002621,2026-09-05 07:46,SESS-001037,VIS-01038,text,French,domestic,North,pricing,Chez Carimo / Lobe Shacks,South,negative,3.5,True,False
QRY-001793,2026-09-05 08:00,SESS-000714,VIS-00715,text,French,domestic,South,general_chat,,East,positive,2.2,True,False
QRY-000376,2026-09-05 08:29,SESS-000164,VIS-00165,voice_note,French,domestic,North,general_chat,,Centre,neutral,4.7,True,False
QRY-002685,2026-09-05 08:45,SESS-001058,VIS-01059,text,English,foreign,China,pricing,Chez Carimo / Lobe Shacks,South,neutral,3.3,True,False
QRY-003410,2026-09-05 08:50,SESS-001361,VIS-01362,voice_note,English,domestic,North West,general_chat,,Centre,neutral,2.9,True,False
QRY-005593,2026-09-05 08:58,SESS-002228,VIS-02229,text,French,domestic,Adamawa,pricing,Down Beach Roasted Fish Sheds,South West,negative,2.9,True,False
QRY-001732,2026-09-05 09:10,SESS-000692,VIS-00693,voice_note,French,domestic,West,booking_interest,Marche Sandaga & Deido Soya,Littoral,neutral,3.5,True,False
QRY-003503,2026-09-05 09:35,SESS-001398,VIS-01399,text,French,foreign,France,general_chat,,East,neutral,2.4,True,False
QRY-004997,2026-09-05 09:37,SESS-001974,VIS-01975,voice_note,English,domestic,West,directions,Limbe Wildlife Centre,South West,positive,1.8,True,False
QRY-004978,2026-09-05 09:47,SESS-001964,VIS-01965,text,Pidgin,domestic,West,opening_hours,Down Beach & Batoke Beach,South West,neutral,4.4,True,False
QRY-005546,2026-09-05 10:02,SESS-002213,VIS-02214,text,English,domestic,North,transport_fare,Hotel Zingana,West,neutral,5.0,True,False
QRY-000101,2026-09-05 10:35,SESS-000048,VIS-00049,text,English,foreign,Chad,pricing,Plage de Kribi (Tara Plage),South,neutral,1.9,True,False
QRY-005168,2026-09-05 10:51,SESS-002049,VIS-02050,text,English,domestic,Centre,booking_interest,L'Ovalie & La Fourchette,Littoral,positive,3.5,True,False
QRY-003690,2026-09-05 11:26,SESS-001465,VIS-01466,text,French,foreign,Nigeria,cultural_info,Mont Febe & Golf Club,Centre,positive,2.6,True,False
QRY-000069,2026-09-05 11:29,SESS-000030,VIS-00031,text,French,foreign,China,cultural_info,Les Gites de Kribi,South,neutral,2.7,True,False
QRY-004801,2026-09-05 11:50,SESS-001897,VIS-01898,text,French,foreign,South Africa,cultural_info,Marche Sandaga & Deido Soya,Littoral,positive,1.1,True,False
QRY-003609,2026-09-05 11:52,SESS-001435,VIS-01436,voice_note,French,foreign,Nigeria,directions,Hotel Zingana,West,positive,4.4,True,False
QRY-000999,2026-09-05 12:08,SESS-000394,VIS-00395,voice_note,English,foreign,Germany,directions,Chutes d'Ekom Nkam,Littoral,positive,4.2,True,False
QRY-005475,2026-09-05 12:24,SESS-002178,VIS-02179,voice_note,Pidgin,foreign,Germany,cultural_info,Mount Cameroon (Upper Farms),South West,positive,3.6,True,False
QRY-001265,2026-09-05 14:37,SESS-000503,VIS-00504,text,English,foreign,Chad,opening_hours,Musee National de Yaounde,Centre,positive,3.1,True,False
QRY-005703,2026-09-05 14:39,SESS-002273,VIS-02274,text,French,domestic,East,transport_fare,Limbe Wildlife Centre,South West,neutral,3.0,True,False
QRY-005066,2026-09-05 14:40,SESS-002004,VIS-02005,voice_note,English,domestic,Far North,pricing,Musee National de Yaounde,Centre,neutral,2.9,True,False
QRY-002555,2026-09-05 14:41,SESS-001021,VIS-01022,text,French,foreign,South Africa,directions,Les Gites de Kribi,South,positive,3.6,True,False
QRY-006058,2026-09-05 14:45,SESS-002416,VIS-02417,text,French,domestic,Adamawa,directions,L'Ovalie & La Fourchette,Littoral,neutral,2.3,True,False
QRY-004932,2026-09-05 15:20,SESS-001949,VIS-01950,text,English,domestic,East,emergency_sos,Marche Sandaga & Deido Soya,Littoral,negative,2.0,True,True
QRY-002247,2026-09-05 16:19,SESS-000899,VIS-00900,voice_note,Pidgin,domestic,North West,opening_hours,Artisanal Village & Flower Market,Littoral,neutral,3.5,False,False
QRY-004566,2026-09-05 18:01,SESS-001802,VIS-01803,voice_note,French,domestic,Littoral,pricing,Bimbia Slave Trade Port,South West,neutral,4.5,True,False
QRY-002364,2026-09-05 18:02,SESS-000945,VIS-00946,text,English,domestic,South West,opening_hours,Chez Wou & La Salsa,Centre,neutral,1.5,True,False
QRY-001860,2026-09-05 18:29,SESS-000740,VIS-00741,voice_note,English,domestic,Far North,cultural_info,Limbe Botanic Garden,South West,neutral,2.8,True,False
QRY-004797,2026-09-05 19:32,SESS-001895,VIS-01896,text,French,domestic,South,directions,Plage de Kribi (Tara Plage),South,neutral,4.5,True,False
QRY-002747,2026-09-05 19:34,SESS-001084,VIS-01085,text,English,domestic,East,transport_fare,Les Gites de Kribi,South,neutral,4.5,True,False
QRY-000851,2026-09-05 20:06,SESS-000334,VIS-00335,text,French,domestic,Far North,opening_hours,Pullman Douala Rabingha,Littoral,neutral,3.1,True,False
QRY-004254,2026-09-05 20:19,SESS-001679,VIS-01680,text,French,foreign,Belgium,general_chat,,Littoral,neutral,1.9,True,False
QRY-004490,2026-09-05 20:32,SESS-001765,VIS-01766,text,French,domestic,Far North,opening_hours,Star Land Hotel Bastos,Centre,neutral,3.8,True,False
QRY-003018,2026-09-05 20:32,SESS-001189,VIS-01190,voice_note,French,domestic,East,general_chat,,North West,positive,2.6,True,False
QRY-000784,2026-09-05 20:34,SESS-000311,VIS-00312,text,French,domestic,Far North,directions,Mvog-Betsi Zoo & Botanical Garden,Centre,positive,2.6,True,False
QRY-005827,2026-09-05 20:41,SESS-002333,VIS-02334,text,French,domestic,East,booking_interest,Chutes d'Ekom Nkam,Littoral,neutral,3.2,True,False
QRY-001581,2026-09-05 20:56,SESS-000625,VIS-00626,text,French,domestic,Centre,pricing,Musee Maritime de Douala,Littoral,positive,2.2,True,False
QRY-003509,2026-09-05 21:35,SESS-001400,VIS-01401,text,English,domestic,Adamawa,directions,Mvog-Betsi Zoo & Botanical Garden,Centre,neutral,1.9,True,False
QRY-000690,2026-09-05 21:51,SESS-000279,VIS-00280,voice_note,French,foreign,UK,transport_fare,Les Gites de Kribi,South,positive,2.8,False,False
QRY-003192,2026-09-05 22:03,SESS-001275,VIS-01276,text,English,foreign,Nigeria,cultural_info,Grand Batanga & Luma Museum,South,neutral,4.6,True,False
QRY-002802,2026-09-05 22:04,SESS-001104,VIS-01105,voice_note,French,domestic,Far North,transport_fare,Artisanal Village & Flower Market,Littoral,neutral,4.3,True,False
QRY-004721,2026-09-05 22:09,SESS-001866,VIS-01867,text,French,domestic,Far North,general_chat,,Centre,neutral,2.7,False,False
QRY-004842,2026-09-05 22:10,SESS-001912,VIS-01913,text,French,domestic,Centre,general_chat,,South West,neutral,3.2,True,False
QRY-003387,2026-09-05 22:42,SESS-001354,VIS-01355,text,English,domestic,North West,cultural_info,Artisanal Village & Flower Market,Littoral,neutral,2.6,True,False
QRY-000156,2026-09-05 22:58,SESS-000071,VIS-00072,text,French,domestic,South,general_chat,,Adamawa,positive,3.0,True,False
QRY-001215,2026-09-05 22:59,SESS-000481,VIS-00482,text,English,domestic,North,transport_fare,Rue des Artisans,West,neutral,2.7,True,False
QRY-000137,2026-09-06 06:32,SESS-000063,VIS-00064,text,English,domestic,Littoral,cultural_info,Mvog-Betsi Zoo & Botanical Garden,Centre,positive,2.8,True,False
QRY-002722,2026-09-06 06:49,SESS-001077,VIS-01078,voice_note,English,foreign,Belgium,booking_interest,Les Gites de Kribi,South,negative,2.2,True,False
QRY-003309,2026-09-06 06:58,SESS-001324,VIS-01325,text,Pidgin,domestic,North West,cultural_info,Limbe Botanic Garden,South West,neutral,5.0,True,False
QRY-005743,2026-09-06 07:03,SESS-002294,VIS-02295,text,French,domestic,North,pricing,Pullman Douala Rabingha,Littoral,neutral,3.3,True,False
QRY-004074,2026-09-06 07:05,SESS-001613,VIS-01614,text,French,foreign,UK,cultural_info,Hotel Ilomba,South,positive,2.6,True,False
QRY-004500,2026-09-06 07:19,SESS-001771,VIS-01772,voice_note,French,domestic,South,directions,L'Ovalie & La Fourchette,Littoral,neutral,3.2,True,False
QRY-001826,2026-09-06 07:36,SESS-000727,VIS-00728,text,English,domestic,West,directions,Mvog-Betsi Zoo & Botanical Garden,Centre,neutral,2.5,True,False
QRY-000958,2026-09-06 07:55,SESS-000378,VIS-00379,text,French,foreign,Belgium,cultural_info,Chutes de la Lobe,South,positive,3.4,True,False
QRY-003630,2026-09-06 08:51,SESS-001440,VIS-01441,text,English,domestic,North West,directions,Marche Sandaga & Deido Soya,Littoral,neutral,3.5,False,False
QRY-002849,2026-09-06 08:56,SESS-001121,VIS-01122,voice_note,French,foreign,USA,transport_fare,Hotel Zingana,West,neutral,2.2,True,False
QRY-004029,2026-09-06 09:42,SESS-001594,VIS-01595,text,English,domestic,South West,opening_hours,Star Land Hotel Bastos,Centre,positive,1.6,True,False
QRY-002369,2026-09-06 10:02,SESS-000947,VIS-00948,text,English,foreign,Germany,directions,Limbe Botanic Garden,South West,neutral,2.2,True,False
QRY-001828,2026-09-06 10:19,SESS-000728,VIS-00729,voice_note,Pidgin,domestic,Littoral,transport_fare,Down Beach Roasted Fish Sheds,South West,positive,0.8,True,False
QRY-003621,2026-09-06 10:23,SESS-001438,VIS-01439,text,English,foreign,Germany,opening_hours,Monument de la Reunification,Centre,neutral,4.5,True,False
QRY-005689,2026-09-06 10:29,SESS-002268,VIS-02269,text,English,domestic,South West,booking_interest,Hotel Ilomba,South,positive,1.6,True,False
QRY-004614,2026-09-06 10:44,SESS-001825,VIS-01826,text,Pidgin,domestic,North,directions,Mefou Primate Sanctuary,Centre,positive,2.3,True,False
QRY-001980,2026-09-06 11:24,SESS-000786,VIS-00787,text,French,foreign,Nigeria,cultural_info,Mont Febe & Golf Club,Centre,neutral,3.3,True,False
QRY-005334,2026-09-06 11:44,SESS-002121,VIS-02122,text,English,domestic,Littoral,transport_fare,Musee Maritime de Douala,Littoral,neutral,0.8,True,False
QRY-002256,2026-09-06 11:49,SESS-000900,VIS-00901,text,French,foreign,China,opening_hours,FINI Hotel Bobende,South West,positive,1.6,True,False
QRY-000373,2026-09-06 11:51,SESS-000164,VIS-00165,text,English,domestic,Centre,pricing,Star Land Hotel Bastos,Centre,negative,2.0,True,False
QRY-003790,2026-09-06 11:52,SESS-001513,VIS-01514,voice_note,French,domestic,West,general_chat,,Littoral,neutral,5.3,True,False
QRY-005226,2026-09-06 12:19,SESS-002072,VIS-02073,text,English,foreign,South Africa,pricing,Monument de la Reunification,Centre,positive,5.1,True,False
QRY-005963,2026-09-06 12:23,SESS-002390,VIS-02391,text,French,domestic,Adamawa,directions,Mvog-Betsi Zoo & Botanical Garden,Centre,positive,5.2,True,False
QRY-005820,2026-09-06 12:58,SESS-002332,VIS-02333,text,English,domestic,Adamawa,general_chat,,Far North,neutral,4.2,True,False
QRY-005023,2026-09-06 13:55,SESS-001983,VIS-01984,voice_note,French,foreign,USA,directions,Musee National de Yaounde,Centre,positive,4.9,True,False
QRY-004933,2026-09-06 14:26,SESS-001950,VIS-01951,text,French,domestic,West,transport_fare,Plage de Kribi (Tara Plage),South,neutral,0.9,False,False
QRY-000918,2026-09-06 14:32,SESS-000363,VIS-00364,voice_note,French,domestic,West,general_chat,,South,neutral,3.5,True,False
QRY-005241,2026-09-06 15:55,SESS-002080,VIS-02081,text,Pidgin,foreign,Gabon,directions,L'Ovalie & La Fourchette,Littoral,negative,5.8,True,False
QRY-000059,2026-09-06 15:55,SESS-000023,VIS-00024,voice_note,English,domestic,Far North,opening_hours,Hotel Zingana,West,positive,3.7,True,False
QRY-001972,2026-09-06 16:03,SESS-000785,VIS-00786,voice_note,French,domestic,Adamawa,general_chat,,Centre,positive,4.6,True,False
QRY-003959,2026-09-06 16:39,SESS-001566,VIS-01567,voice_note,English,foreign,Canada,pricing,Mont Febe & Golf Club,Centre,neutral,3.2,True,False
QRY-003086,2026-09-06 17:01,SESS-001227,VIS-01228,text,English,domestic,North,directions,Rue des Artisans,West,neutral,2.2,True,False
QRY-000995,2026-09-06 17:28,SESS-000393,VIS-00394,voice_note,French,foreign,USA,cultural_info,Artisanal Village & Flower Market,Littoral,positive,5.3,True,False
QRY-006186,2026-09-06 17:44,SESS-002468,VIS-02469,text,French,domestic,North,general_chat,,Far North,positive,2.6,True,False
QRY-005050,2026-09-06 17:54,SESS-001995,VIS-01996,text,French,foreign,South Africa,cultural_info,Hilton Yaounde,Centre,positive,1.8,True,False
QRY-004977,2026-09-06 18:22,SESS-001963,VIS-01964,text,French,foreign,USA,opening_hours,Down Beach & Batoke Beach,South West,positive,3.8,True,False
QRY-002921,2026-09-06 18:47,SESS-001152,VIS-01153,text,French,domestic,Far North,opening_hours,Plage de Kribi (Tara Plage),South,positive,1.9,True,False
QRY-002332,2026-09-06 19:11,SESS-000931,VIS-00932,text,Pidgin,domestic,Far North,cultural_info,Down Beach & Batoke Beach,South West,neutral,4.8,True,False
QRY-004520,2026-09-06 19:41,SESS-001783,VIS-01784,text,French,foreign,UK,directions,Hilton Yaounde,Centre,positive,1.9,True,False
QRY-004818,2026-09-06 20:26,SESS-001901,VIS-01902,voice_note,Pidgin,domestic,Centre,cultural_info,Hotel Ilomba,South,neutral,4.0,True,False
QRY-003574,2026-09-06 21:14,SESS-001421,VIS-01422,text,French,domestic,Far North,opening_hours,Artisanal Village & Flower Market,Littoral,positive,2.8,True,False
QRY-005658,2026-09-06 22:11,SESS-002258,VIS-02259,text,English,domestic,East,booking_interest,Mont Febe & Golf Club,Centre,positive,1.3,True,False
QRY-002108,2026-09-06 22:24,SESS-000837,VIS-00838,text,English,domestic,Centre,pricing,L'Ovalie & La Fourchette,Littoral,neutral,1.6,True,False
QRY-001669,2026-09-06 22:35,SESS-000667,VIS-00668,text,French,domestic,East,directions,Chefferie de Bandjoun,West,positive,2.7,True,False
QRY-000742,2026-09-06 22:44,SESS-000292,VIS-00293,text,Pidgin,foreign,Equatorial Guinea,cultural_info,Hotel Ilomba,South,neutral,3.7,True,False
QRY-002950,2026-09-06 22:49,SESS-001163,VIS-01164,text,French,foreign,UK,emergency_sos,Artisanal Village & Flower Market,Littoral,negative,2.4,True,True
QRY-002957,2026-09-07 06:14,SESS-001165,VIS-01166,text,French,domestic,Centre,booking_interest,Down Beach Roasted Fish Sheds,South West,negative,3.1,True,False
QRY-003382,2026-09-07 06:50,SESS-001352,VIS-01353,voice_note,English,domestic,South West,pricing,Star Land Hotel Bastos,Centre,neutral,3.9,True,False
QRY-003493,2026-09-07 07:03,SESS-001392,VIS-01393,text,French,domestic,Littoral,transport_fare,FINI Hotel Bobende,South West,positive,2.9,True,False
QRY-001459,2026-09-07 07:05,SESS-000584,VIS-00585,text,English,domestic,South,general_chat,,South,positive,3.5,True,False
QRY-005458,2026-09-07 07:22,SESS-002171,VIS-02172,text,English,foreign,South Africa,pricing,Mount Cameroon (Upper Farms),South West,neutral,5.2,True,False
QRY-000855,2026-09-07 07:43,SESS-000336,VIS-00337,text,French,domestic,South,cultural_info,Down Beach Roasted Fish Sheds,South West,neutral,3.5,True,False
QRY-001272,2026-09-07 08:21,SESS-000504,VIS-00505,text,French,foreign,Germany,booking_interest,FINI Hotel Bobende,South West,neutral,3.3,True,False
QRY-004726,2026-09-07 08:31,SESS-001868,VIS-01869,text,English,domestic,East,transport_fare,Bimbia Slave Trade Port,South West,positive,2.1,True,False
QRY-002301,2026-09-07 09:27,SESS-000916,VIS-00917,text,English,domestic,South West,opening_hours,Palais Royal de Foumban & Museum,West,positive,3.6,True,False
QRY-000328,2026-09-07 09:49,SESS-000147,VIS-00148,text,English,foreign,Nigeria,directions,FINI Hotel Bobende,South West,positive,4.8,True,False
QRY-001479,2026-09-07 10:28,SESS-000594,VIS-00595,text,Pidgin,domestic,Littoral,pricing,Musee National de Yaounde,Centre,neutral,2.6,True,False
QRY-006183,2026-09-07 10:31,SESS-002466,VIS-02467,text,French,foreign,USA,emergency_sos,Palais des Rois Bell (Pagode),Littoral,negative,2.4,True,True
QRY-001119,2026-09-07 10:41,SESS-000440,VIS-00441,text,French,domestic,West,pricing,L'Ovalie & La Fourchette,Littoral,neutral,4.5,True,False
QRY-003383,2026-09-07 10:51,SESS-001353,VIS-01354,text,French,domestic,South West,transport_fare,Palais des Rois Bell (Pagode),Littoral,positive,4.6,True,False
QRY-001379,2026-09-07 11:25,SESS-000548,VIS-00549,voice_note,French,domestic,South,opening_hours,Musee National de Yaounde,Centre,neutral,2.3,True,False
QRY-001426,2026-09-07 12:32,SESS-000572,VIS-00573,text,English,domestic,Centre,transport_fare,Hilton Yaounde,Centre,neutral,2.6,True,False
QRY-004358,2026-09-07 12:35,SESS-001714,VIS-01715,text,English,domestic,Littoral,general_chat,,North,positive,2.6,True,False
QRY-002043,2026-09-07 12:36,SESS-000812,VIS-00813,voice_note,Pidgin,domestic,Littoral,booking_interest,Rue des Artisans,West,neutral,4.8,True,False
QRY-001364,2026-09-07 12:37,SESS-000539,VIS-00540,voice_note,French,foreign,Belgium,transport_fare,Les Gites de Kribi,South,neutral,3.6,True,False
QRY-004356,2026-09-07 13:09,SESS-001714,VIS-01715,voice_note,French,domestic,South West,directions,FINI Hotel Bobende,South West,positive,4.5,True,False
QRY-006009,2026-09-07 13:27,SESS-002404,VIS-02405,text,English,domestic,Littoral,emergency_sos,Mont Febe & Golf Club,Centre,negative,4.0,True,True
QRY-002386,2026-09-07 13:42,SESS-000955,VIS-00956,text,French,domestic,Far North,directions,Palais Royal de Foumban & Museum,West,positive,0.8,True,False
QRY-006101,2026-09-07 13:52,SESS-002433,VIS-02434,text,French,domestic,Littoral,directions,Musee National de Yaounde,Centre,neutral,2.8,True,False
QRY-002225,2026-09-07 14:14,SESS-000888,VIS-00889,text,French,domestic,Adamawa,directions,Musee Maritime de Douala,Littoral,neutral,2.2,True,False
QRY-005250,2026-09-07 14:26,SESS-002084,VIS-02085,text,English,domestic,Littoral,pricing,Down Beach & Batoke Beach,South West,positive,4.5,True,False
QRY-000937,2026-09-07 14:33,SESS-000372,VIS-00373,text,English,domestic,South,pricing,Limbe Botanic Garden,South West,positive,6.4,True,False
QRY-002156,2026-09-07 14:50,SESS-000860,VIS-00861,text,English,domestic,South,booking_interest,Limbe Wildlife Centre,South West,neutral,1.8,True,False
QRY-001525,2026-09-07 14:57,SESS-000609,VIS-00610,text,English,domestic,South,pricing,Down Beach & Batoke Beach,South West,neutral,3.1,True,False
QRY-003051,2026-09-07 15:02,SESS-001207,VIS-01208,voice_note,Pidgin,foreign,Gabon,opening_hours,Palais Royal de Foumban & Museum,West,positive,3.3,True,False
QRY-003126,2026-09-07 15:05,SESS-001247,VIS-01248,text,French,foreign,Gabon,general_chat,,North West,neutral,3.0,True,False
QRY-001859,2026-09-07 15:46,SESS-000740,VIS-00741,voice_note,Pidgin,domestic,West,opening_hours,Les Gites de Kribi,South,neutral,4.8,True,False
QRY-003521,2026-09-07 15:46,SESS-001404,VIS-01405,voice_note,French,domestic,Centre,cultural_info,Grand Batanga & Luma Museum,South,negative,3.2,True,False
QRY-003907,2026-09-07 16:04,SESS-001554,VIS-01555,text,Pidgin,domestic,West,pricing,Down Beach & Batoke Beach,South West,negative,4.1,True,False
QRY-005557,2026-09-07 16:17,SESS-002217,VIS-02218,voice_note,French,domestic,Adamawa,cultural_info,Pullman Douala Rabingha,Littoral,neutral,4.5,True,False
QRY-005255,2026-09-07 16:21,SESS-002087,VIS-02088,text,English,foreign,Germany,pricing,Grand Batanga & Luma Museum,South,negative,2.3,True,False
QRY-004699,2026-09-07 16:30,SESS-001861,VIS-01862,text,English,domestic,North West,directions,Hilton Yaounde,Centre,neutral,2.0,True,False
QRY-002678,2026-09-07 16:32,SESS-001055,VIS-01056,text,English,domestic,Littoral,cultural_info,Musee Maritime de Douala,Littoral,positive,3.5,True,False
QRY-006197,2026-09-07 16:33,SESS-002474,VIS-02475,text,French,domestic,Littoral,transport_fare,Down Beach & Batoke Beach,South West,neutral,3.5,True,False
QRY-003613,2026-09-07 16:45,SESS-001435,VIS-01436,voice_note,French,domestic,South,directions,Musee Maritime de Douala,Littoral,neutral,3.1,True,False
QRY-002271,2026-09-07 17:42,SESS-000907,VIS-00908,text,English,domestic,North West,pricing,Limbe Botanic Garden,South West,positive,4.1,False,False
QRY-002087,2026-09-07 18:35,SESS-000830,VIS-00831,text,English,foreign,UK,transport_fare,Limbe Wildlife Centre,South West,neutral,3.7,True,False
QRY-000020,2026-09-07 19:08,SESS-000009,VIS-00010,voice_note,French,domestic,Far North,general_chat,,Centre,neutral,2.6,False,False
QRY-002525,2026-09-07 19:16,SESS-001006,VIS-01007,text,English,domestic,South,pricing,FINI Hotel Bobende,South West,negative,2.4,True,False
QRY-004734,2026-09-07 19:23,SESS-001871,VIS-01872,voice_note,English,domestic,North,transport_fare,Pullman Douala Rabingha,Littoral,positive,2.5,True,False
QRY-000858,2026-09-07 19:34,SESS-000337,VIS-00338,text,French,domestic,South West,booking_interest,Grand Batanga & Luma Museum,South,positive,3.7,True,False
QRY-005609,2026-09-07 19:46,SESS-002235,VIS-02236,text,French,foreign,Nigeria,booking_interest,Down Beach Roasted Fish Sheds,South West,neutral,4.0,True,False
QRY-002163,2026-09-07 19:55,SESS-000863,VIS-00864,text,English,foreign,Nigeria,opening_hours,Palais Royal de Foumban & Museum,West,neutral,2.6,True,False
QRY-004689,2026-09-07 20:11,SESS-001854,VIS-01855,voice_note,French,foreign,France,pricing,Grand Batanga & Luma Museum,South,negative,3.2,True,False
QRY-000588,2026-09-07 21:01,SESS-000247,VIS-00248,voice_note,French,domestic,Littoral,directions,Musee Maritime de Douala,Littoral,positive,3.1,True,False
QRY-001036,2026-09-07 21:11,SESS-000410,VIS-00411,text,French,domestic,West,opening_hours,Hotel Zingana,West,neutral,3.5,True,False
QRY-001790,2026-09-07 22:37,SESS-000713,VIS-00714,text,French,domestic,North,directions,Down Beach & Batoke Beach,South West,neutral,5.2,True,False
QRY-003936,2026-09-07 22:43,SESS-001562,VIS-01563,text,French,domestic,East,directions,Marche Sandaga & Deido Soya,Littoral,neutral,0.9,False,False
QRY-001190,2026-09-07 22:55,SESS-000469,VIS-00470,voice_note,English,domestic,South,cultural_info,Plage de Kribi (Tara Plage),South,positive,2.8,True,False
QRY-001443,2026-09-07 22:56,SESS-000577,VIS-00578,text,French,domestic,South West,pricing,Hotel Ilomba,South,negative,2.8,True,False
QRY-004140,2026-09-08 06:00,SESS-001636,VIS-01637,text,English,domestic,North,opening_hours,Pullman Douala Rabingha,Littoral,positive,4.6,True,False
QRY-005851,2026-09-08 06:05,SESS-002347,VIS-02348,voice_note,French,domestic,Centre,opening_hours,Hotel Ilomba,South,neutral,2.1,True,False
QRY-002959,2026-09-08 06:22,SESS-001166,VIS-01167,text,English,domestic,West,opening_hours,Rue des Artisans,West,neutral,2.3,True,False
QRY-005046,2026-09-08 06:31,SESS-001992,VIS-01993,text,English,domestic,East,opening_hours,Chutes d'Ekom Nkam,Littoral,neutral,2.2,True,False
QRY-001083,2026-09-08 07:37,SESS-000426,VIS-00427,text,French,foreign,Germany,cultural_info,Monument de la Reunification,Centre,neutral,4.7,True,False
QRY-003697,2026-09-08 08:09,SESS-001469,VIS-01470,text,Pidgin,domestic,Centre,transport_fare,Douala-Edea Wildlife Reserve,Littoral,positive,2.5,True,False
QRY-002575,2026-09-08 08:10,SESS-001027,VIS-01028,text,French,domestic,Centre,directions,L'Ovalie & La Fourchette,Littoral,positive,1.8,True,False
QRY-005355,2026-09-08 08:33,SESS-002131,VIS-02132,voice_note,French,domestic,North,booking_interest,Domaine du Petpenoun,West,positive,3.0,True,False
QRY-005222,2026-09-08 08:50,SESS-002071,VIS-02072,text,French,domestic,North West,opening_hours,FINI Hotel Bobende,South West,neutral,4.8,True,False
QRY-002638,2026-09-08 08:52,SESS-001045,VIS-01046,voice_note,French,domestic,Adamawa,pricing,Hotel Ilomba,South,neutral,3.4,True,False
QRY-002172,2026-09-08 08:59,SESS-000865,VIS-00866,text,English,domestic,Adamawa,cultural_info,Chez Wou & La Salsa,Centre,neutral,2.5,True,False
QRY-000296,2026-09-08 09:56,SESS-000136,VIS-00137,text,English,domestic,West,transport_fare,Palais Royal de Foumban & Museum,West,positive,1.7,True,False
QRY-001224,2026-09-08 10:17,SESS-000486,VIS-00487,voice_note,French,foreign,Canada,opening_hours,Mefou Primate Sanctuary,Centre,positive,4.0,True,False
QRY-002835,2026-09-08 10:44,SESS-001115,VIS-01116,text,French,domestic,North,opening_hours,Star Land Hotel Bastos,Centre,negative,4.0,True,False
QRY-000017,2026-09-08 10:46,SESS-000007,VIS-00008,text,Pidgin,domestic,North West,opening_hours,Marche Sandaga & Deido Soya,Littoral,neutral,2.9,True,False
QRY-000346,2026-09-08 11:07,SESS-000152,VIS-00153,voice_note,French,domestic,Centre,directions,Bimbia Slave Trade Port,South West,positive,2.4,True,False
QRY-003169,2026-09-08 11:31,SESS-001266,VIS-01267,voice_note,English,foreign,China,transport_fare,Palais des Rois Bell (Pagode),Littoral,positive,3.5,True,False
QRY-001229,2026-09-08 11:37,SESS-000488,VIS-00489,text,English,foreign,Germany,transport_fare,FINI Hotel Bobende,South West,negative,4.3,True,False
QRY-005664,2026-09-08 11:50,SESS-002260,VIS-02261,text,Pidgin,domestic,North West,cultural_info,Chutes de la Lobe,South,negative,2.6,True,False
QRY-002034,2026-09-08 12:57,SESS-000808,VIS-00809,text,French,domestic,East,opening_hours,Monument de la Reunification,Centre,neutral,4.1,True,False
QRY-001694,2026-09-08 13:08,SESS-000677,VIS-00678,text,Pidgin,foreign,France,transport_fare,Chez Carimo / Lobe Shacks,South,positive,2.6,True,False
QRY-004974,2026-09-08 13:31,SESS-001962,VIS-01963,text,French,foreign,China,opening_hours,Down Beach & Batoke Beach,South West,positive,3.3,True,False
QRY-001376,2026-09-08 13:31,SESS-000546,VIS-00547,voice_note,English,domestic,West,directions,Mount Cameroon (Upper Farms),South West,neutral,1.8,True,False
QRY-002213,2026-09-08 13:37,SESS-000881,VIS-00882,text,English,domestic,South West,cultural_info,Monument de la Reunification,Centre,neutral,3.1,True,False
QRY-004276,2026-09-08 15:11,SESS-001685,VIS-01686,text,French,domestic,South,opening_hours,Chez Carimo / Lobe Shacks,South,neutral,2.3,True,False
QRY-000807,2026-09-08 15:22,SESS-000319,VIS-00320,text,English,domestic,Littoral,pricing,Plage de Kribi (Tara Plage),South,positive,2.2,True,False
QRY-003760,2026-09-08 15:31,SESS-001500,VIS-01501,voice_note,French,domestic,North West,directions,Limbe Botanic Garden,South West,neutral,3.8,True,False
QRY-002902,2026-09-08 15:51,SESS-001144,VIS-01145,text,French,foreign,Equatorial Guinea,pricing,Star Land Hotel Bastos,Centre,positive,3.5,True,False
QRY-005104,2026-09-08 15:54,SESS-002017,VIS-02018,voice_note,Pidgin,foreign,Belgium,general_chat,,Centre,neutral,3.8,True,False
QRY-005667,2026-09-08 16:23,SESS-002261,VIS-02262,voice_note,French,domestic,South,pricing,Artisanal Village & Flower Market,Littoral,negative,3.5,True,False
QRY-003062,2026-09-08 16:31,SESS-001213,VIS-01214,text,French,domestic,Adamawa,opening_hours,Down Beach Roasted Fish Sheds,South West,positive,3.5,True,False
QRY-000484,2026-09-08 16:36,SESS-000204,VIS-00205,voice_note,French,foreign,China,cultural_info,Chez Carimo / Lobe Shacks,South,positive,3.8,True,False
QRY-003584,2026-09-08 17:34,SESS-001424,VIS-01425,text,English,domestic,Adamawa,cultural_info,Mefou Primate Sanctuary,Centre,neutral,2.0,True,False
QRY-001063,2026-09-08 17:43,SESS-000419,VIS-00420,text,Pidgin,domestic,South,general_chat,,Far North,neutral,2.8,False,False
QRY-002390,2026-09-08 18:12,SESS-000956,VIS-00957,text,English,domestic,North West,cultural_info,Star Land Hotel Bastos,Centre,neutral,4.2,True,False
QRY-000321,2026-09-08 18:13,SESS-000143,VIS-00144,voice_note,English,foreign,UK,transport_fare,L'Ovalie & La Fourchette,Littoral,neutral,2.8,True,False
QRY-003728,2026-09-08 18:41,SESS-001482,VIS-01483,text,French,foreign,Nigeria,emergency_sos,Palais Royal de Foumban & Museum,West,negative,1.1,True,True
QRY-003647,2026-09-08 19:07,SESS-001448,VIS-01449,text,French,foreign,France,cultural_info,Palais Royal de Foumban & Museum,West,neutral,2.4,True,False
QRY-005417,2026-09-08 19:16,SESS-002153,VIS-02154,voice_note,French,foreign,South Africa,general_chat,,South West,neutral,2.5,True,False
QRY-004972,2026-09-08 19:44,SESS-001961,VIS-01962,text,English,foreign,France,transport_fare,Chutes de la Lobe,South,negative,3.2,True,False
QRY-005933,2026-09-08 20:44,SESS-002379,VIS-02380,text,French,domestic,Adamawa,booking_interest,Artisanal Village & Flower Market,Littoral,positive,2.8,True,False
QRY-004338,2026-09-08 20:57,SESS-001708,VIS-01709,text,French,domestic,Littoral,opening_hours,L'Ovalie & La Fourchette,Littoral,positive,2.6,True,False
QRY-000801,2026-09-08 21:01,SESS-000317,VIS-00318,text,French,foreign,South Africa,pricing,Bimbia Slave Trade Port,South West,neutral,3.1,True,False
QRY-001508,2026-09-08 21:49,SESS-000604,VIS-00605,text,French,domestic,East,cultural_info,Chez Carimo / Lobe Shacks,South,neutral,2.8,True,False
QRY-004920,2026-09-08 22:00,SESS-001946,VIS-01947,text,French,foreign,Gabon,directions,Chutes de la Lobe,South,neutral,3.5,True,False
QRY-003468,2026-09-08 22:47,SESS-001383,VIS-01384,text,English,domestic,West,directions,Pullman Douala Rabingha,Littoral,positive,3.6,True,False
